Feature ID,Name,Country,Olive varieties,Oil type,Maximum Yield [kg/ha],Irrigation,Maximum Planting Density [n/ha],Yield in Oil [%],Maximum Acidity [g/100g],Maximum Peroxide Value [mEq 02/kg],K232 (max),K268 (max),K270 (max),Delta K (max),Link,Administrative Units,Date of application,Date of publication,Date of registration
AR_1,Aceite de Oliva Virgen Extra de Mendoza,AR,ARAUCO/ARBEQUINA/CORATINA/CORNEIKI/FARGA/FRANTOIO/PICUAL,extra virgin olive oil,na,allowed,na,na,"0,6",12,na,na,na,na,https://alimentosargentinos.magyp.gob.ar/HomeAlimentos/igdo/resumenes/Resumen-Aceite-de-Oliva-Mendoza.pdf,GENERAL ALVEAR/GUAYMALLÉN/JUNÍN/LAS HERAS/LAVALLE/LUJÁN DE CUYO/MAIPÚ/RIVADAVIA/SAN MARTÍN/SAN RAFAEL/SANTA ROSA,na,6/7/2022,6/3/2022
CL_1,Aceite de Oliva del Valle del Huasco,CL,ARBEQUINA/EMPELTRE/FRANTOIO/LIGURIA/MANZANILLA/SEVILLANA,extra virgin olive oil,na,allowed,na,na,"0,8",na,na,na,na,na,https://www.inapi.cl/docs/default-source/default-document-library/aceite-de-oliva-del-valle-del-huasco.pdf?sfvrsn=651eace7_0,PROVINCIA DE HUASCO,11/5/2012,na,8/20/2018
ES_1,Aceite Campo de Calatrava,ES,ARBEQUINA/ARBOSANA/CORNICABRA/HOJIBLANCA/KORONEIKI/LECCIANA/PICUAL,extra virgin olive oil,na,na,na,na,"0,5",15,2,na,"0,15",na,https://ec.europa.eu/agriculture/eambrosia/geographical-indications-register/details/EUGI00000013865,ALDEA DEL REY/ALMAGRO/ARGAMASILLA DE CALATRAVA/BALLESTEROS DE CALATRAVA/BOLAÑOS DE CALATRAVA/CALZADA DE CALATRAVA/CARRIÓN DE CALATRAVA/CAÑADA DE CALATRAVA/GRANÁTULA DE CALATRAVA/MIGUELTURRA/MORAL DE CALATRAVA/POZUELO DE CALATRAVA/TORRALBA DE CALATRAVA/VALENZUELA DE CALATRAVA/VILLANUEVA DE SAN CARLOS/VILLAR DEL POZO,9/11/2007,10/23/2010,6/30/2011
ES_2,Aceite Campo de Montiel,ES,ARBEQUINA/CORNICABRA/MANZANILLA/PICUAL,extra virgin olive oil,na,allowed,na,na,"0,5",15,"2,5",na,"0,2",na,https://ec.europa.eu/agriculture/eambrosia/geographical-indications-register/details/EUGI00000013901,"ALBALADEJO/ALCUBILLAS/ALHAMBRA/ALMEDINA/ALMURADIEL/CARRIZOSA/CASTELLAR DE SANTIAGO/CÓZAR/FUENLLANA/MEMBRILLA/MONTIEL/PUEBLA DEL PRÍNCIPE/SAN CARLOS DEL VALLE/SAN LORENZO DE CALATRAVA/SANTA CRUZ DE LOS CÁÑAMOS/SANTA CRUZ DE MUDELA/SOLANA, LA/TERRINCHES/TORRE DE JUAN ABAD/TORRENUEVA/VALDEPEÑAS/VILLAHERMOSA/VILLAMANRIQUE/VILLANUEVA DE LA FUENTE/VILLANUEVA DE LOS INFANTES/VISO DEL MARQUÉS",1/30/2007,7/15/2009,6/22/2010
ES_3,Aceite de Ibiza / Oli d'Eivissa,ES,ARBEQUINA/KORONEIKI/PICUAL,extra virgin olive oil,na,allowed,500,≤17,"0,5",12,2,na,"0,16",na,https://ec.europa.eu/agriculture/eambrosia/geographical-indications-register/details/EUGI00000016633,EIVISSA/SANT ANTONI DE PORTMANY/SANT JOAN DE LABRITJA/SANT JOSEP DE SA TALAIA/SANTA EULÀRIA DES RIU,5/27/2019,6/25/2020,10/21/2020
ES_4,Aceite de Jaén,ES,ARBEQUINA/CARRASQUEÑO DE ALCAUDETE/HOJIBLANCA/MANZANILLA DE JAÉN/PICUAL/PICUDO/ROYAL DE CAZORLA,extra virgin olive oil,na,allowed,na,na,"0,5",15,2,na,"0,18",na,https://ec.europa.eu/agriculture/eambrosia/geographical-indications-register/details/EUGI00000016962,"ALBANCHEZ DE MÁGINA/ALCALÁ LA REAL/ALCAUDETE/ALDEAQUEMADA/ANDÚJAR/ARJONA/ARJONILLA/ARQUILLOS/ARROYO DEL OJANCO/BAEZA/BAILÉN/BAÑOS DE LA ENCINA/BEAS DE SEGURA/BEDMAR Y GARCÍEZ/BEGÍJAR/BENATAE/BÉLMEZ DE LA MORALEDA/CABRA DEL SANTO CRISTO/CAMBIL/CAMPILLO DE ARENAS/CANENA/CARBONEROS/CAROLINA, LA/CASTELLAR/CASTILLO DE LOCUBÍN/CAZALILLA/CAZORLA/CHICLANA DE SEGURA/CHILLUÉVAR/CÁRCHELES/ESCAÑUELA/ESPELUY/FRAILES/FUENSANTA DE MARTOS/FUERTE DEL REY/GUARDIA DE JAÉN, LA/GUARROMÁN/GÉNAVE/HIGUERA DE CALATRAVA/HINOJARES/HORNOS/HUELMA/HUESA/IBROS/IRUELA, LA/IZNATORAF/JABALQUINTO/JAMILENA/JAÉN/JIMENA/JÓDAR/LAHIGUERA/LARVA/LINARES/LOPERA/LUPIÓN/MANCHA REAL/MARMOLEJO/MARTOS/MENGÍBAR/MONTIZÓN/NAVAS DE SAN JUAN/NOALEJO/ORCERA/PEAL DE BECERRO/PEGALAJAR/PORCUNA/POZO ALCÓN/PUENTE DE GÉNAVE/PUERTA DE SEGURA, LA/QUESADA/RUS/SABIOTE/SANTA ELENA/SANTIAGO DE CALATRAVA/SANTIAGO-PONTONES/SANTISTEBAN DEL PUERTO/SANTO TOMÉ/SEGURA DE LA SIERRA/SILES/SORIHUELA DEL GUADALIMAR/TORREBLASCOPEDRO/TORREDELCAMPO/TORREDONJIMENO/TORREPEROGIL/TORRES/TORRES DE ALBÁNCHEZ/VALDEPEÑAS DE JAÉN/VILCHES/VILLACARRILLO/VILLANUEVA DE LA REINA/VILLANUEVA DEL ARZOBISPO/VILLARDOMPARDO/VILLARES, LOS/VILLARRODRIGO/VILLATORRES/ÚBEDA",9/22/2017,1/29/2020,5/19/2020
ES_5,Aceite de La Alcarria,ES,CASTELLANA (VERDEJA),extra virgin olive oil,na,na,180,na,"0,7",15,2,na,"0,2",na,https://ec.europa.eu/agriculture/eambrosia/geographical-indications-register/details/EUGI00000013752,"ALARILLA/ALBALATE DE LAS NOGUERAS/ALBALATE DE ZORITA/ALBARES/ALBENDEA/ALCANTUD/ALCOCER/ALCOHUJATE/ALDEANUEVA DE GUADALAJARA/ALHÓNDIGA/ALIQUE/ALMADRONES/ALMOGUERA/ALMONACID DE ZORITA/ALOCÉN/ARANDILLA DEL ARROYO/ARANZUEQUE/ARGECILLA/ARMUÑA DE TAJUÑA/ARRANCACEPAS/ATANZÓN/AUÑÓN/BARAJAS DE MELO/BARRIOPEDRO/BERNINCHES/BRIHUEGA/BUCIEGAS/BUDIA/BUENDÍA/CANALEJAS DEL ARROYO/CASAS DE SAN GALINDO/CASPUEÑAS/CASTEJÓN/CASTILFORTE/CASTILLO-ALBARÁÑEZ/CAÑAVERAS/CAÑAVERUELAS/CAÑIZAR/CENTENERA/CHILLARÓN DEL REY/CHILOECHES/CIFUENTES/CIRUELAS/COGOLLOR/DRIEBES/DURÓN/ESCAMILLA/ESCARICHE/ESCOPETE/FUENTELENCINA/FUENTELVIEJO/FUENTENOVILLA/GAJANEJOS/GASCUEÑA/GUADALAJARA/HENCHE/HERAS DE AYUSO/HITA/HONTOBA/HORCHE/HUETE/HUEVA/ILLANA/IRUESTE/LEDANCA/LEGANIEL/LORANCA DE TAJUÑA/LUPIANA/MANTIEL/MASEGOSO DE TAJUÑA/MAZUECOS/MILLANA/MONDÉJAR/MORATILLA DE LOS MELEROS/MUDUEX/OLIVAR, EL/OLMEDA DE LA CUESTA/OLMEDILLA DE ELIZ/PAREJA/PASTRANA/PERALEJA, LA/PERALVECHE/PEÑALVER/PINEDA DE GIGÜELA/PIOZ/PORTALRUBIO DE GUADAMEJUD/POZO DE ALMOGUERA/POZO DE GUADALAJARA/PRIEGO/RENERA/ROMANONES/SACEDA-TRASIERRA/SACEDÓN/SALMERONCILLOS/SALMERÓN/SAN ANDRÉS DEL REY/SAN PEDRO PALMICHES/SAYATÓN/SOLANILLOS DEL EXTREMO/TARAGUDO/TENDILLA/TINAJAS/TORIJA/TORRALBA/TORRE DEL BURGO/TORREJONCILLO DEL REY/TRIJUEQUE/TRILLO/TÓRTOLA DE HENARES/UTANDE/VALDARACHAS/VALDEARENAS/VALDEAVELLANO/VALDECOLMENAS, LOS/VALDECONCHA/VALDEGRUDAS/VALDEOLIVAS/VALDERREBOLLO/VALFERMOSO DE TAJUÑA/VALLE DE ALTOMIRA, EL/VELLISCA/VILLACONEJOS DE TRABAQUE/VILLALBA DEL REY/VILLANUEVA DE GUADAMEJUD/VILLAR DE DOMINGO GARCÍA/VILLAR DEL INFANTADO/VILLAR Y VELASCO/VILLAREJO DE LA PEÑUELA/VILLAS DE LA VENTOSA/VINDEL/YEBES/YEBRA/YÉLAMOS DE ABAJO/YÉLAMOS DE ARRIBA/ZORITA DE LOS CANES",na,5/7/2008,2/3/2009
ES_6,Aceite de la Comunitat Valenciana,ES,BLANQUETA/FARGA/MORRUDAS/SERRANA/VILLALONGA,extra virgin olive oil,na,na,na,na,"0,5",15,"2,5",na,"0,18",na,https://ec.europa.eu/agriculture/eambrosia/geographical-indications-register/details/EUGI00000014309,"ALBAIDA/ALBOCÀSSER/ALCOY/ALCUBLAS/ALCUDIA DE VEO/ALFAFARA/ALFONDEGUILLA/ALMEDÍJAR/ALQUERIA D'ASNAR, L'/ALTURA/ANNA/ARTANA/AYORA/AYÓDAR/AZUÉBAR/BANYERES DE MARIOLA/BENIATJAR/BIAR/BICORP/BOLBAITE/CASINOS/CASTELLNOVO/CAÑADA/CHELLA/CHÓVAR/COCENTAINA/CORTES DE PALLÁS/COVES DE VINROMÀ, LES/ENGUERA/FANZARA/FIGUEROLES/FONT DE LA FIGUERA, LA/GELDO/GESTALGAR/GÁTOVA/MILLARES/MILLENA/MOGENTE/MURO DE ALCOY/NAVAJAS/NAVARRÉS/ONIL/ONTINYENT/QUESA/REQUENA/SALZADELLA, LA/SANT JOAN DE MORÓ/SANT MATEU/SAX/SEGORBE/SIERRA ENGARCERÁN/SONEJA/SOT DE CHERA/TALES/TERESA/TORRE D'EN DOMÉNEC, LA/TÍRIG/USERAS/UTIEL/VALL D'ALBA/VALL DE ALMONACID/VALLADA/VENTA DEL MORO/VILAFAMÉS/VILLAR DEL ARZOBISPO/VILLENA/VIVER",9/23/2008,9/25/2013,3/27/2014
ES_7,Aceite de la Rioja,ES,ARBEQUINA/ARRONIZ/BLANQUETA/CORNICABRA/EMPELTRE/HOJIBLANCA/MACHO (MACHONA)/MANZANILLA/NEGRAL/PICUAL/REDONDILLA (REDONDAL)/ROYAL (ROYUELO)/VERDIAL,extra virgin olive oil,na,allowed,na,18.3 (EMPELTRE)/27 (PICUAL),"0,8",15,"2,5",na,"0,2",na,https://ec.europa.eu/agriculture/eambrosia/geographical-indications-register/details/EUGI00000013470,"AGONCILLO/AGUILAR DEL RÍO ALHAMA/AJAMIL DE CAMEROS/ALBELDA DE IREGUA/ALBERITE/ALCANADRE/ALDEANUEVA DE EBRO/ALESANCO/ALESÓN/ALFARO/ALMARZA DE CAMEROS/ANGUCIANA/ANGUIANO/ARENZANA DE ABAJO/ARENZANA DE ARRIBA/ARNEDILLO/ARNEDO/ARRÚBAL/AUSEJO/AUTOL/AZOFRA/BADARÁN/BAÑARES/BAÑOS DE RIOJA/BAÑOS DE RÍO TOBÍA/BERCEO/BERGASA/BERGASILLAS BAJERA/BEZARES/BOBADILLA/BRIEVA DE CAMEROS/BRIONES/BRIÑAS/CABEZÓN DE CAMEROS/CALAHORRA/CAMPROVÍN/CANALES DE LA SIERRA/CANILLAS DE RÍO TUERTO/CASALARREINA/CASTAÑARES DE RIOJA/CASTROVIEJO/CAÑAS/CELLORIGO/CENICERO/CERVERA DEL RÍO ALHAMA/CIDAMÓN/CIHURI/CIRUEÑA/CLAVIJO/CORDOVÍN/CORERA/CORNAGO/CORPORALES/CUZCURRITA DE RÍO TIRÓN/CÁRDENAS/DAROCA DE RIOJA/ENCISO/ENTRENA/ESTOLLO/EZCARAY/FONCEA/FONZALECHE/FUENMAYOR/GALBÁRRULI/GALILEA/GALLINERO DE CAMEROS/GIMILEO/GRAÑÓN/GRÁVALOS/HARO/HERCE/HERRAMÉLLURI/HERVÍAS/HORMILLA/HORMILLEJA/HORNILLOS DE CAMEROS/HORNOS DE MONCALVILLO/HUÉRCANOS/IGEA/JALÓN DE CAMEROS/LAGUNA DE CAMEROS/LAGUNILLA DEL JUBERA/LARDERO/LEDESMA DE LA COGOLLA/LEIVA/LEZA DE RÍO LEZA/LOGROÑO/LUMBRERAS DE CAMEROS/MANJARRÉS/MANSILLA DE LA SIERRA/MANZANARES DE RIOJA/MATUTE/MEDRANO/MUNILLA/MURILLO DE RÍO LEZA/MURO DE AGUAS/MURO EN CAMEROS/NALDA/NAVAJÚN/NAVARRETE/NESTARES/NIEVA DE CAMEROS/NÁJERA/OCHÁNDURI/OCÓN/OJACASTRO/OLLAURI/ORTIGOSA DE CAMEROS/PAZUENGOS/PEDROSO/PINILLOS/PRADEJÓN/PRADILLO/PRÉJANO/QUEL/RABANERA/RASILLO DE CAMEROS, EL/REDAL, EL/RIBAFRECHA/RINCÓN DE SOTO/ROBRES DEL CASTILLO/RODEZNO/SAJAZARRA/SAN ASENSIO/SAN MILLÁN DE LA COGOLLA/SAN MILLÁN DE YÉCORA/SAN ROMÁN DE CAMEROS/SAN TORCUATO/SAN VICENTE DE LA SONSIERRA/SANTA COLOMA/SANTA ENGRACIA DEL JUBERA/SANTA EULALIA BAJERA/SANTO DOMINGO DE LA CALZADA/SANTURDE DE RIOJA/SANTURDEJO/SOJUELA/SORZANO/SOTO EN CAMEROS/SOTÉS/TERROBA/TIRGO/TOBÍA/TORMANTOS/TORRE EN CAMEROS/TORRECILLA EN CAMEROS/TORRECILLA SOBRE ALESANCO/TORREMONTALBO/TREVIANA/TRICIO/TUDELILLA/URUÑUELA/VALDEMADERA/VALGAÑÓN/VENTOSA/VENTROSA/VIGUERA/VILLALBA DE RIOJA/VILLALOBAR DE RIOJA/VILLAMEDIANA DE IREGUA/VILLANUEVA DE CAMEROS/VILLAR DE ARNEDO, EL/VILLAR DE TORRE/VILLAREJO/VILLARROYA/VILLARTA-QUINTANA/VILLAVELAYO/VILLAVERDE DE RIOJA/VILLOSLADA DE CAMEROS/VINIEGRA DE ABAJO/VINIEGRA DE ARRIBA/ZARRATÓN/ZARZOSA/ZORRAQUÍN/ÁBALOS",na,7/12/2005,3/11/2006
ES_8,Aceite de Lucena,ES,ARBEQUINA/CAMPANILE/CHORRUO/HOJIBLANCA/LECHÍN/OCAL/PICUAL/TEMPRANILLA,extra virgin olive oil,na,na,150,na,"0,8",20,na,na,"0,15",na,https://ec.europa.eu/agriculture/eambrosia/geographical-indications-register/details/EUGI00000014032,AGUILAR DE LA FRONTERA/BENAMEJÍ/ENCINAS REALES/IZNÁJAR/LUCENA/MONTILLA/MONTURQUE/MORILES/PUENTE GENIL/RUTE,2/18/2009,11/16/2012,9/20/2013
ES_9,Aceite de Madrid,ES,ASPERILLA/CARRASQUEÑA/CASTELLANA/CORNICABRA/GORDAL/MANZANILLA CACEREÑA/REDONDILLA,extra virgin olive oil,na,na,na,na,"0,5",14,2,na,"0,18",na,https://ec.europa.eu/agriculture/eambrosia/geographical-indications-register/details/EUGI00000018314,"ALCALÁ DE HENARES/AMBITE/ANCHUELO/ARANJUEZ/ARGANDA DEL REY/BELMONTE DE TAJO/BREA DE TAJO/CAMPO REAL/CARABAÑA/CHINCHÓN/COLMENAR DE OREJA/CORPA/ESTREMERA/FUENTIDUEÑA DE TAJO/LOECHES/MEJORADA DEL CAMPO/MORATA DE TAJUÑA/NUEVO BAZTÁN/OLMEDA DE LAS FUENTES/ORUSCO DE TAJUÑA/PERALES DE TAJUÑA/PEZUELA DE LAS TORRES/POZUELO DEL REY/SANTORCAZ/SANTOS DE LA HUMOSA, LOS/TIELMES/TITULCIA/TORRES DE LA ALAMEDA/VALDARACETE/VALDELAGUNA/VALDILECHA/VALVERDE DE ALCALÁ/VELILLA DE SAN ANTONIO/VILLACONEJOS/VILLALBILLA/VILLAMANRIQUE DE TAJO/VILLAR DEL OLMO/VILLAREJO DE SALVANÉS",11/12/2021,12/16/2022,4/4/2023
ES_10,Aceite de Mallorca / Aceite mallorquín / Oli de Mallorca / Oli mallorquí,ES,ARBEQUINA/MALLORQUINA (EMPELTRE)/PICUAL,extra virgin olive oil,na,allowed,160,na,"0,8",18,na,na,"0,2",na,https://ec.europa.eu/agriculture/eambrosia/geographical-indications-register/details/EUGI00000013608,"ALARÓ/ALCÚDIA/ALGAIDA/ANDRATX/ARIANY/ARTÀ/BANYALBUFAR/BINISSALEM/BUNYOLA/BÚGER/CALVIÀ/CAMPANET/CAMPOS/CAPDEPERA/CONSELL/COSTITX/DEIÀ/ESCORCA/ESPORLES/ESTELLENCS/FELANITX/FORNALUTX/INCA/LLORET DE VISTALEGRE/LLOSETA/LLUBÍ/LLUCMAJOR/MANACOR/MANCOR DE LA VALL/MARIA DE LA SALUT/MARRATXÍ/MONTUÏRI/MURO/PALMA/PETRA/POBLA, SA/POLLENÇA/PORRERES/PUIGPUNYENT/SALINES, SES/SANT JOAN/SANT LLORENÇ DES CARDASSAR/SANTA EUGÈNIA/SANTA MARGALIDA/SANTA MARÍA DEL CAMÍ/SANTANYÍ/SELVA/SENCELLES/SINEU/SON SERVERA/SÓLLER/VALLDEMOSSA/VILAFRANCA DE BONANY",11/8/2002,10/14/2003,8/12/2004
ES_11,Aceite de Navarra,ES,ARBEQUINA/ARRÓNIZ/EMPELTRE,extra virgin olive oil,na,na,na,na,"0,3",15,2,na,"0,15",na,https://ec.europa.eu/agriculture/eambrosia/geographical-indications-register/details/EUGI00000014031,"ABERIN/ABLITAS/ABÁIGAR/ABÁRZUZA/ADIÓS/AIBAR/ALLO/ALLÍN/ANCÍN/ANDOSILLA/ARAS/ARCOS, LOS/ARELLANO/ARGUEDAS/ARMAÑANZAS/ARRÓNIZ/ARTAJONA/ARTAZU/AYEGUI/AZAGRA/AZUELO/AÑORBE/BARBARIN/BARGOTA/BARILLAS/BARÁSOAIN/BEIRE/BELASCOÁIN/BERBINZANA/BIURRUN-OLCOZ/BUSTO, EL/BUÑUEL/CABANILLAS/CADREITA/CAPARROSO/CARCASTILLO/CASCANTE/CASTEJÓN/CINTRUÉNIGO/CIRAUQUI/CORELLA/CORTES/CÁRCAR/CÁSEDA/DESOJO/DICASTILLO/ENÉRIZ/ESLAVA/ESPRONCEDA/ESTELLA-LIZARRA/ETAYO/EZPROGUI/FALCES/FITERO/FONTELLAS/FUNES/FUSTIÑANA/GALLIPIENZO/GARÍNOAIN/GUESÁLAZ/GUIRGUILLANO/IGÚZQUIZA/JAVIER/LARRAGA/LAZAGURRÍA/LEACHE/LEGARDA/LEGARIA/LEOZ/LERGA/LERÍN/LEZAUN/LIÉDENA/LODOSA/LUMBIER/LUQUIN/MARCILLA/MAÑERU/MENDAVIA/MENDAZA/MENDIGORRIA/METAUTEN/MILAGRO/MIRAFUENTES/MIRANDA DE ARGA/MONTEAGUDO/MORENTIN/MUES/MURCHANTE/MURIETA/MURILLO EL CUENDE/MURILLO EL FRUTO/MURUZÁBAL/MÉLIDA/NAZAR/OBANOS/OCO/OLEJUA/OLITE/OLÓRIZ/ORÍSOAIN/OTEIZA/PERALTA/PIEDRAMILLERA/PITILLAS/PUENTE LA REINA/PUEYO/RIBAFORADA/SADA/SAN ADRIÁN/SAN MARTÍN DE UNX/SANGÜESA/SANSOL/SANTACARA/SARTAGUDA/SESMA/SORLADA/TAFALLA/TIEBAS-MURUARTE DE RETA/TIRAPU/TORRALBA DEL RÍO/TORRES DEL RÍO/TUDELA/TULEBRAS/UCAR/UJUÉ/UNZUÉ/UTERGA/VALLE DE YERRI/VALTIERRA/VIANA/VILLAFRANCA/VILLAMAYOR DE MONJARDÍN/VILLATUERTA/YESA",4/29/2008,10/24/2012,9/20/2013
ES_12,Aceite de Terra Alta / Oli de Terra Alta,ES,ARBEQUINA/EMPELTRE/FARGA/MORRUDA,extra virgin olive oil,na,allowed,80,20-23 (EMPELTRE)/20-22 (ARBEQUINA)/21-23 (MORRUNDA),"0,5",18,"2,5",na,"0,2",na,https://ec.europa.eu/agriculture/eambrosia/geographical-indications-register/details/EUGI00000013550,"ARNES/ASCÓ/BATEA/BOT/CASERES/CORBERA D'EBRE/FATARELLA, LA/FLIX/GANDESA/HORTA DE SANT JOAN/PINELL DE BRAI, EL/POBLA DE MASSALUCA, LA/PRAT DE COMTE/RIBA-ROJA D'EBRE/VILALBA DELS ARCS",na,3/10/2004,2/5/2005
ES_13,Aceite del Baix Ebre-Montsià / Oli del Baix Ebre-Montsià,ES,FARGA/MORRUDA (MORRUT)/SEVILLENCA,extra virgin olive oil,na,allowed,90,21-23 (MORRUDA)/22-24 (SEVILLENCA)/23-25 (FARGA),"0,8",18,2,na,"0,2",na,https://ec.europa.eu/agriculture/eambrosia/geographical-indications-register/details/EUGI00000013619,"ALCANAR/ALDEA, L'/ALDOVER/ALFARA DE CARLES/AMETLLA DE MAR, L'/AMPOLLA, L'/AMPOSTA/BENIFALLET/CAMARLES/DELTEBRE/FREGINALS/GALERA, LA/GODALL/MAS DE BARBERANS/MASDENVERGE/PAÜLS/PERELLÓ, EL/ROQUETES/SANT CARLES DE LA RÀPITA/SANT JAUME D'ENVEJA/SANTA BÀRBARA/SÉNIA, LA/TIVENYS/TORTOSA/ULLDECONA/XERTA",na,5/9/2007,2/7/2008
ES_14,Aceite del Bajo Aragón,ES,ARBEQUINA/EMPELTRE/ROYAL,extra virgin olive oil,2000,allowed,1000,na,"0,8",20,2,na,"0,15",na,https://ec.europa.eu/agriculture/eambrosia/geographical-indications-register/details/EUGI00000013570,"AGUAVIVA/ALACÓN/ALBALATE DEL ARZOBISPO/ALBORGE/ALCAÑIZ/ALCORISA/ALLOZA/ALMOCHUEL/ALMONACID DE LA CUBA/ANDORRA/ARENS DE LLEDÓ/ARIÑO/AZAILA/BECEITE/BELCHITE/BELMONTE DE SAN JOSÉ/BERGE/BORDÓN/CALACEITE/CALANDA/CASPE/CASTELLOTE/CASTELNOU/CASTELSERÁS/CAÑIZAR DEL OLIVAR/CEROLLERA, LA/CHIPRANA/CINCO OLIVAS/CODOÑERA, LA/CRETAS/CRIVILLÉN/ESCATRÓN/ESTERCUEL/FABARA/FAYÓN/FOZ-CALANDA/FRESNEDA, LA/FUENTES DE EBRO/FUENTESPALDA/FÓRNOLES/GARGALLO/GINEBROSA, LA/HÍJAR/JATIEL/LAGATA/LETUX/LLEDÓ/MAELLA/MAS DE LAS MATAS/MATA DE LOS OLMOS, LA/MAZALEÓN/MEQUINENZA/MOLINOS/MONROYO/NONASPE/OLIETE/OLMOS, LOS/PARRAS DE CASTELLOTE, LAS/PEÑARROYA DE TASTAVINS/PORTELLADA, LA/PUEBLA DE HÍJAR, LA/QUINTO/RÁFALES/SAMPER DE CALANDA/SENO/SÁSTAGO/TORRE DE ARCAS/TORRE DEL COMPTE/TORRECILLA DE ALCAÑIZ/TORREVELILLA/URREA DE GAÉN/VALDEALGORFA/VALDELTORMO/VALDERROBRES/VALJUNQUERA/VINACEITE/ZAIDA, LA",2/1/2000,2/16/2001,10/10/2001
ES_15,Aceite Monterrubio,ES,CORNEZUELO/CORNICABRA/CORNICHE/MOLLAR/MORILLA/PICO-LIMÓN/PICUAL,extra virgin olive oil,na,allowed,na,20-25 (CORNEZUELO)/25-30 (PICUAL),"0,5",20,na,na,"0,2",na,https://ec.europa.eu/agriculture/eambrosia/geographical-indications-register/details/EUGI00000013509,BENQUERENCIA DE LA SERENA/CABEZA DEL BUEY/CAPILLA/CASTUERA/ESPARRAGOSA DE LA SERENA/GARLITOS/HIGUERA DE LA SERENA/MALPARTIDA DE LA SERENA/MONTERRUBIO DE LA SERENA/PERALEDA DEL ZAUCEJO/PEÑALSORDO/QUINTANA DE LA SERENA/SANCTI-SPÍRITUS/VALLE DE LA SERENA/ZALAMEA DE LA SERENA,na,6/24/2006,3/7/2007
ES_16,Aceite Sierra del Moncayo,ES,ARBEQUINA/EMPELTRE/NEGRAL/ROYAL/VERDIAL,extra virgin olive oil,na,na,na,na,"0,5",16,2,na,"0,12",na,https://ec.europa.eu/agriculture/eambrosia/geographical-indications-register/details/EUGI00000014308,"AGÓN/AINZÓN/ALBERITE DE SAN JUAN/ALBETA/ALCALÁ DE MONCAYO/AMBEL/AÑÓN DE MONCAYO/BISIMBRE/BORJA/BULBUENTE/BURETA/BUSTE, EL/FAYOS, LOS/FRÉSCANO/FUENDEJALÓN/GRISEL/LITAGO/LITUÉNIGO/MAGALLÓN/MALEJÁN/MALLÉN/MALÓN/NOVALLAS/NOVILLAS/POZUELO DE ARAGÓN/SAN MARTÍN DE LA VIRGEN DE MONCAYO/SANTA CRUZ DE MONCAYO/TABUENCA/TALAMANTES/TARAZONA/TORRELLAS/TRASMOZ/VERA DE MONCAYO/VIERLAS",2/2/2010,6/29/2013,12/4/2013
ES_17,Aceite Villuercas Ibores Jara,ES,ARBEQUINA/CORNICABRA/MANZANILLA CACEREÑA/MORISCA/PICUAL/VERDIAL DE BADAJOZ,extra virgin olive oil,na,allowed,123,14.6 (MANZANILLA CACEREÑA)/20.4 (CORINCABRA),"0,6",16,"2,2",na,"0,2",na,https://ec.europa.eu/agriculture/eambrosia/geographical-indications-register/details/EUGI00000018470,ALDEACENTENERA/ALÍA/BERZOCANA/CABAÑAS DEL CASTILLO/CAMPILLO DE DELEITOSA/CARRASCALEJO/CASTAÑAR DE IBOR/CAÑAMERO/DELEITOSA/FRESNEDOSO DE IBOR/GARVÍN/GUADALUPE/LOGROSÁN/NAVALVILLAR DE IBOR/NAVEZUELAS/PERALEDA DE SAN ROMÁN/ROBLEDOLLANO/VALDELACASA DE TAJO/VILLAR DEL PEDROSO,2/3/2022,6/29/2023,10/23/2023
ES_18,Antequera,ES,ARBEQUINA/GORDAL DE ARCHIDONA/HOJIBLANCA/LECHÍN DE SEVILLA (ZORZALEÑO)/PICUAL (MARTEÑO)/PICUDO/VERDIAL DE HUÉVAR/VERDIAL DE VÉLEZ MÁLAGA,extra virgin olive oil,na,allowed,100,na,"0,3",10,na,na,"0,18",na,https://ec.europa.eu/agriculture/eambrosia/geographical-indications-register/details/EUGI00000013701,ALAMEDA/ALMARGEN/ANTEQUERA/ARCHIDONA/CAMPILLOS/CAÑETE LA REAL/CUEVAS BAJAS/CUEVAS DE SAN MARCOS/FUENTE DE PIEDRA/HUMILLADERO/MOLLINA/PALENCIANA/SIERRA DE YEGUAS/TEBA/VILLANUEVA DE ALGAIDAS/VILLANUEVA DE TAPIA/VILLANUEVA DEL ROSARIO/VILLANUEVA DEL TRABUCO,11/26/2003,7/19/2005,3/11/2006
ES_19,Baena,ES,CARRASQUEÑO DE CÓRDOBA/CHORRÚO’ (JARDUO)/HOJIBLANCO/LECHIN/PAJARERO/PICUAL/PICUDO,extra virgin olive oil,na,na,200,na,"0,4",15,na,na,15,na,https://ec.europa.eu/agriculture/eambrosia/geographical-indications-register/details/EUGI00000013036,BAENA/CABRA/CASTRO DEL RÍO/DOÑA MENCÍA/LUQUE/NUEVA CARTEYA/ZUHEROS,na,na,6/21/1996
ES_19,Baena,ES,CARRASQUEÑO DE CÓRDOBA/CHORRÚO’ (JARDUO)/HOJIBLANCO/LECHIN/PAJARERO/PICUAL/PICUDO,extra virgin olive oil,na,na,200,na,1,15,na,na,15,na,https://ec.europa.eu/agriculture/eambrosia/geographical-indications-register/details/EUGI00000013036,BAENA/CABRA/CASTRO DEL RÍO/DOÑA MENCÍA/LUQUE/NUEVA CARTEYA/ZUHEROS,na,na,6/21/1996
ES_20,Estepa,ES,ARBEQUINA/HOJIBLANCA/LECHÍN DE SEVILLA/MANZANILLA/PICUAL,extra virgin olive oil,na,allowed,na,na,"0,3",15,na,"0,18","0,18",na,https://ec.europa.eu/agriculture/eambrosia/geographical-indications-register/details/EUGI00000013926,"AGUADULCE/BADOLATOSA/CASARICHE/ESTEPA/GILENA/HERRERA/LORA DE ESTEPA/MARINALEDA/MARTÍN DE LA JARA/OSUNA/PEDRERA/PUENTE GENIL/RODA DE ANDALUCÍA, LA/RUBIO, EL/ÉCIJA",4/16/2004,2/13/2010,10/9/2010
ES_21,Gata-Hurdes,ES,CACEREÑA/MANZANILLA,extra virgin olive oil,na,na,na,≤15,na,na,na,na,na,na,https://ec.europa.eu/agriculture/eambrosia/geographical-indications-register/details/EUGI00000013573,"ABADÍA/ACEBO/ACEITUNA/AHIGAL/ALDEANUEVA DE LA VERA/ALDEANUEVA DEL CAMINO/ARROYOMOLINOS DE LA VERA/BARRADO/BAÑOS DE MONTEMAYOR/CABEZABELLOSA/CABEZUELA DEL VALLE/CABRERO/CADALSO/CALZADILLA/CAMINOMORISCO/CASAR DE PALOMERO/CASARES DE LAS HURDES/CASAS DEL CASTAÑAR/CASAS DEL MONTE/CEREZO/CILLEROS/COLLADO DE LA VERA/CUACOS DE YUSTE/DESCARGAMARÍA/ELJAS/GALISTEO/GARGANTA LA OLLA/GARGANTA, LA/GARGANTILLA/GARGÜERA/GATA/GRANJA, LA/GUIJO DE CORIA/GUIJO DE GALISTEO/GUIJO DE GRANADILLA/GUIJO DE SANTA BÁRBARA/HERNÁN-PÉREZ/HERVÁS/HOYOS/JARANDILLA DE LA VERA/JARAÍZ DE LA VERA/JARILLA/JERTE/LADRILLAR/LOSAR DE LA VERA/MADRIGAL DE LA VERA/MARCHAGAZ/MOHEDAS DE GRANADILLA/MONTEHERMOSO/NAVACONCEJO/NUÑOMORAL/PALOMERO/PASARÓN DE LA VERA/PERALES DEL PUERTO/PESGA, LA/PINOFRANQUEADO/PIORNAL/POZUELO DE ZARZÓN/REBOLLAR/ROBLEDILLO DE GATA/ROBLEDILLO DE LA VERA/SAN MARTÍN DE TREVEJO/SANTA CRUZ DE PANIAGUA/SANTIBÁÑEZ EL ALTO/SANTIBÁÑEZ EL BAJO/SEGURA DE TORO/TALAVERUELA DE LA VERA/TEJEDA DE TIÉTAR/TORNAVACAS/TORNO, EL/TORRE DE DON MIGUEL/TORRECILLA DE LOS ÁNGELES/TORREMENGA/VALDASTILLAS/VALVERDE DE LA VERA/VALVERDE DEL FRESNO/VIANDAR DE LA VERA/VILLA DEL CAMPO/VILLAMIEL/VILLANUEVA DE LA SIERRA/VILLANUEVA DE LA VERA/VILLAR DE PLASENCIA/VILLASBUENAS DE GATA/ZARZA DE GRANADILLA",3/28/2000,12/15/2005,2/16/2007
ES_22,Les Garrigues,ES,ARBEQUINA/VERDIELL,virgin olive oil,na,na,120,na,"0,5",15,na,na,"0,1",na,https://ec.europa.eu/agriculture/eambrosia/geographical-indications-register/details/EUGI00000013037,"AITONA/ALBAGÉS, L'/ALBI, L'/ALCANÓ/ALCARRÀS/ALFÉS/ALMATRET/ARBECA/ASPA/BELIANES/BELLAGUARDA/BORGES BLANQUES, LES/BOVERA/CASTELLDANS/CERVIÀ DE LES GARRIGUES/CIUTADILLA/COGUL, EL/ESPLUGA CALBA, L'/FLORESTA, LA/FULLEDA/GRANADELLA, LA/GRANJA D'ESCARP, LA/GRANYENA DE LES GARRIGUES/GUIMERÀ/JUNCOSA/JUNEDA/LLARDECANS/MAIALS/MALDÀ/MASSALCOREIG/NALEC/OMELLONS, ELS/OMELLS DE NA GAIA, ELS/POBLA DE CÉRVOLES, LA/SANT MARTÍ DE RIUCORB/SARROCA DE LLEIDA/SERÒS/SOLERÀS, EL/SOSES/SUNYER/TARRÉS/TORMS, ELS/TORREBESSES/TORRES DE SEGRE/VALLBONA DE LES MONGES/VERDÚ/VILOSELL, EL/VINAIXA",na,na,6/21/1996
ES_23,Montes de Granada,ES,ESCARABAJUELO/GORDAL DE GRANADA/HOJIBLANCA/LOAIME/LUCIO/NEGRILLO DE IZNALLOZ/PICUAL,extra virgin olive oil,na,allowed,na,na,"0,8",20,"2,5",na,"0,2",na,https://ec.europa.eu/agriculture/eambrosia/geographical-indications-register/details/EUGI00000013485,"ALAMEDILLA/ALBOLOTE/ALFACAR/ALICÚN DE ORTEGA/ATARFE/BAZA/BEAS DE GUADIX/BENALÚA/BENALÚA DE LAS VILLAS/BENAMAUREL/CALICASAS/CAMPOTÉJAR/CANILES/CASTILLÉJAR/CASTRIL/COGOLLOS DE LA VEGA/COLOMERA/CORTES DE BAZA/CORTES Y GRAENA/CUEVAS DEL CAMPO/CÚLLAR/DARRO/DEHESAS DE GUADIX/DEIFONTES/DIEZMA/FONELAS/FREILA/GALERA/GOBERNADOR/GOR/GORAFE/GUADAHORTUNA/GUADIX/GÜEVÉJAR/HUÉLAGO/HUÉSCAR/IZNALLOZ/MARCHAL/MOCLÍN/MONTEJÍCAR/MONTILLANA/MORELÁBOR/NÍVAR/PEDRO MARTÍNEZ/PELIGROS/PEZA, LA/PURULLENA/PÍÑAR/TORRE-CARDELA/VILLANUEVA DE LAS TORRES/VÍZNAR/ZÚJAR",na,6/22/2005,3/11/2006
ES_24,Montes de Toledo,ES,CORNICABRA,extra virgin olive oil,na,allowed,na,21-27,"0,5",15,na,na,"0,2",na,https://ec.europa.eu/agriculture/eambrosia/geographical-indications-register/details/EUGI00000013297,"AJOFRÍN/ALAMEDA DE LA SAGRA/ALBARREAL DE TAJO/ALCAUDETE DE LA JARA/ALCOBA/ALDEANUEVA DE BARBARROYA/ALDEANUEVA DE SAN BARTOLOMÉ/ALMONACID DE TOLEDO/ANCHURAS/ARGÉS/ARROBA DE LOS MONTES/AÑOVER DE TAJO/BARGAS/BELVÍS DE LA JARA/BOROX/BURGUILLOS DE TOLEDO/BURUJÓN/CABAÑAS DE LA SAGRA/CALERA Y CHOZAS/CAMPILLO DE LA JARA, EL/CAMUÑAS/CARMENA/CARPIO DE TAJO, EL/CARRANQUE/CASASBUENAS/CEBOLLA/CEDILLO DEL CONDADO/CHUECA/COBEJA/COBISA/CONSUEGRA/CORTIJOS, LOS/CUERVA/DOSBARRIOS/ESPINOSO DEL REY/ESQUIVIAS/ESTRELLA, LA/FERNÁN CABALLERO/FONTANAREJO/FUENTE EL FRESNO/GUADAMUR/GUARDIA, LA/GÁLVEZ/HERENCIA/HERENCIAS, LAS/HONTANAR/HORCAJO DE LOS MONTES/HUERTA DE VALDECARÁBANOS/ILLESCAS/LABORES, LAS/LAYOS/LOMINCHAR/LUCIANA/MADRIDEJOS/MAGÁN/MALAGÓN/MALPICA DE TAJO/MANZANEQUE/MARJALIZA/MASCARAQUE/MATA, LA/MAZARAMBROZ/MENASALBAS/MESEGAR DE TAJO/MOCEJÓN/MOHEDAS DE LA JARA/MONTEARAGÓN/MORA/NAMBROCA/NAVA DE RICOMALILLO, LA/NAVAHERMOSA/NAVALMORALES, LOS/NAVALPINO/NAVALUCILLOS, LOS/NAVAS DE ESTENA/NOEZ/NUMANCIA DE LA SAGRA/OLÍAS DEL REY/ORGAZ/PALOMEQUE/PANTOJA/PICÓN/PIEDRABUENA/POLÁN/PORZUNA/PUEBLA DE DON RODRIGO/PUEBLA DE MONTALBÁN, LA/PUEBLANUEVA, LA/PUERTO LÁPICE/PULGAR/RECAS/RETAMOSO DE LA JARA/RETUERTA DEL BULLAQUE/ROBLEDO DEL MAZO/ROBLEDO, EL/ROMERAL, EL/SAN BARTOLOMÉ DE LAS ABIERTAS/SAN MARTÍN DE MONTALBÁN/SAN MARTÍN DE PUSA/SAN PABLO DE LOS MONTES/SANTA ANA DE PUSA/SESEÑA/SEVILLEJA DE LA JARA/SONSECA/TALAVERA DE LA REINA/TEMBLEQUE/TOLEDO/TORRECILLA DE LA JARA/TOTANÉS/TURLEQUE/UGENA/URDA/VENTAS CON PEÑA AGUILERA, LAS/VILLALUENGA DE LA SAGRA/VILLAMINAYA/VILLAMUELAS/VILLANUEVA DE BOGAS/VILLAREJO DE MONTALBÁN/VILLARRUBIA DE LOS OJOS/VILLASECA DE LA SAGRA/VILLASEQUILLA/VISO DE SAN JUAN, EL/YELES/YEPES/YUNCLER/YUNCLILLOS/YUNCOS/YÉBENES, LOS",na,8/12/1999,6/6/2000
ES_25,Montoro-Adamuz,ES,CARRASQUEÑO DE LA SIERRA/LECHÍN DE SEVILLA/NEVADILLO NEGRO/PICUAL/PICUDO,extra virgin olive oil,na,na,300,na,"0,5",20,na,na,"0,18",na,https://ec.europa.eu/agriculture/eambrosia/geographical-indications-register/details/EUGI00000013830,ADAMUZ/ESPIEL/HORNACHUELOS/MONTORO/OBEJO/VILLAHARTA/VILLANUEVA DEL REY/VILLAVICIOSA DE CÓRDOBA,11/8/2007,5/13/2010,12/18/2010
ES_26,Oli de l'Empordà / Aceite de L'Empordà,ES,ARBEQUINA/ARGUDELL/CURIVELL/LLEI DE CADAQUÉS,extra virgin olive oil,na,allowed,500,18-22 (ARGUDELL)/20-22 (ARBEQUINA)/16-18 (CURIVELL)/23-25 (LLEI DE CADAQUES),"0,8",20,"2,5",na,"0,22",na,https://ec.europa.eu/agriculture/eambrosia/geographical-indications-register/details/EUGI00000014375,"AGULLANA/ALBANYÀ/ALBONS/ARMENTERA, L'/AVINYONET DE PUIGVENTÓS/BEGUR/BELLCAIRE D'EMPORDÀ/BISBAL D'EMPORDÀ, LA/BIURE/BOADELLA I LES ESCAULES/BORRASSÀ/BÀSCARA/CABANELLES/CABANES/CADAQUÉS/CALONGE I SANT ANTONI/CANTALLOPS/CAPMANY/CASTELL-PLATJA D'ARO/CASTELLÓ D'EMPÚRIES/CISTELLA/COLERA/COLOMERS/CORÇÀ/CRESPIÀ/CRUÏLLES, MONELLS I SANT SADURNÍ DE L'HEURA/DARNIUS/ESCALA, L'/ESPOLLA/ESPONELLÀ/FAR D'EMPORDÀ, EL/FIGUERES/FLAÇÀ/FOIXÀ/FONTANILLES/FORALLAC/FORTIÀ/GARRIGOLES/GARRIGUELLA/GARRIGÀS/GUALTA/JAFRE/JONQUERA, LA/LLADÓ/LLAGOSTERA/LLANÇÀ/LLERS/MADREMANYA/MASARAC/MAÇANET DE CABRENYS/MOLLET DE PERALADA/MONT-RAS/NAVATA/ORDIS/PALAFRUGELL/PALAMÓS/PALAU DE SANTA EULÀLIA/PALAU-SATOR/PALAU-SAVERDERA/PALS/PARLAVÀ/PAU/PEDRET I MARZÀ/PERA, LA/PERALADA/PONT DE MOLINS/PONTÓS/PORT DE LA SELVA, EL/PORTBOU/RABÓS/REGENCÓS/RIUMORS/ROSES/RUPIÀ/SANT CLIMENT SESCEBES/SANT FELIU DE GUÍXOLS/SANT JORDI DESVALLS/SANT LLORENÇ DE LA MUGA/SANT MIQUEL DE FLUVIÀ/SANT MORI/SANT PERE PESCADOR/SANTA CRISTINA D'ARO/SANTA LLOGAIA D'ÀLGUEMA/SAUS, CAMALLERA I LLAMPAIES/SELVA DE MAR, LA/SERRA DE DARÓ/SIURANA/TALLADA D'EMPORDÀ, LA/TERRADES/TORRENT/TORROELLA DE FLUVIÀ/TORROELLA DE MONTGRÍ/ULLASTRET/ULLÀ/ULTRAMORT/VAJOL, LA/VALL-LLOBREGA/VENTALLÓ/VERGES/VILA-SACRA/VILABERTRAN/VILADAMAT/VILADASENS/VILADEMULS/VILAFANT/VILAJUÏGA/VILAMACOLUM/VILAMALLA/VILAMANISCLE/VILANANT/VILAÜR/VILOPRIU",9/23/2013,10/10/2014,3/10/2015
ES_27,Poniente de Granada,ES,HOJIBLANCA/LOAIME/LUCIO/MARTEÑO/NEVADILLO DE ALHAMA DE GRANADA/PICUAL/PICUDO,extra virgin olive oil,na,allowed,200,na,"0,5",15,na,na,"0,15",na,https://ec.europa.eu/agriculture/eambrosia/geographical-indications-register/details/EUGI00000013618,ALGARINEJO/ALHAMA DE GRANADA/ARENAS DEL REY/CACÍN/HUÉTOR TÁJAR/JAYENA/LOJA/MOCLÍN/MONTEFRÍO/MORALEDA DE ZAFAYONA/SALAR/SANTA CRUZ DEL COMERCIO/VILLANUEVA MESÍA/ZAFARRAYA/ZAGRA/ÍLLORA,na,11/5/2005,2/16/2007
ES_28,Priego de Córdoba,ES,HOJIBLANCA/PICUAL/PICUDA,extra virgin olive oil,na,na,150,na,"0,5",15,na,na,"0,15",na,https://ec.europa.eu/agriculture/eambrosia/geographical-indications-register/details/EUGI00000013450,ALMEDINILLA/CARCABUEY/FUENTE-TÓJAR/PRIEGO DE CÓRDOBA,na,12/24/1998,10/5/1999
ES_29,Sierra de Cádiz,ES,ALAMEÑA DE MONTILLA/ARBEQUINA/HOJIBLANCA/LECHÍN DE SEVILLA/MANZANILLA/PICUAL/VERDIAL DE CÁDIZ/VERDIAL DE HUÉVAR,extra virgin olive oil,na,allowed,100,23.5-26.8 (LECHIN)/25-30 (PICUAL),"0,6",18,na,na,"0,2",na,https://ec.europa.eu/agriculture/eambrosia/geographical-indications-register/details/EUGI00000013528,"ALCALÁ DEL VALLE/ALGODONALES/ALGÁMITAS/CORIPE/GASTOR, EL/OLVERA/PRUNA/PUERTO SERRANO/SETENIL DE LAS BODEGAS/TORRE ALHÁQUIME/VILLANUEVA DE SAN JUAN/ZAHARA",na,4/8/2004,2/5/2005
ES_30,Sierra de Cazorla,ES,PICUAL/ROYAL,extra virgin olive oil,na,allowed,na,na,"0,7",18,na,na,"0,2",na,https://ec.europa.eu/agriculture/eambrosia/geographical-indications-register/details/EUGI00000013586,"CAZORLA/CHILLUÉVAR/HINOJARES/HUESA/IRUELA, LA/PEAL DE BECERRO/POZO ALCÓN/QUESADA/SANTO TOMÉ",na,1/12/2001,10/10/2001
ES_31,Sierra de Segura,ES,MANZANILLO DE JAÉN/PICUAL/ROYAL/VERDALA,extra virgin olive oil,na,na,130,na,na,19,na,na,"0,2",na,https://ec.europa.eu/agriculture/eambrosia/geographical-indications-register/details/EUGI00000013038,"ARROYO DEL OJANCO/BEAS DE SEGURA/BENATAE/CHICLANA DE SEGURA/GÉNAVE/HORNOS/ORCERA/PUENTE DE GÉNAVE/PUERTA DE SEGURA, LA/SANTIAGO-PONTONES/SEGURA DE LA SIERRA/SILES/TORRES DE ALBÁNCHEZ/VILLARRODRIGO",na,na,6/21/1996
ES_32,Sierra Mágina,ES,MANZANILLO DE JAÉN/PICUAL,extra virgin olive oil,na,na,120,na,"0,5",18,na,na,"0,2",na,https://ec.europa.eu/agriculture/eambrosia/geographical-indications-register/details/EUGI00000013451,ALBANCHEZ DE MÁGINA/BEDMAR Y GARCÍEZ/BÉLMEZ DE LA MORALEDA/CABRA DEL SANTO CRISTO/CAMBIL/CAMPILLO DE ARENAS/CÁRCHELES/HUELMA/JIMENA/JÓDAR/LARVA/MANCHA REAL/PEGALAJAR/TORRES,na,12/24/1998,10/5/1999
ES_33,Siurana,ES,ARBEQUINA/MORRUT/ROYAL,virgin olive oil,na,na,125,na,"0,5",12,na,na,15,na,https://ec.europa.eu/agriculture/eambrosia/geographical-indications-register/details/EUGI00000013039,"AIGUAMÚRCIA/ALBINYANA/ALIÓ/ALTAFULLA/ARBOLÍ/ARBOÇ, L'/BANYERES DEL PENEDÈS/BARBERÀ DE LA CONCA/BELLVEI/BISBAL DEL PENEDÈS, LA/BLANCAFORT/BONASTRE/BRÀFIM/CABRA DEL CAMP/CALAFELL/CATLLAR, EL/COLLDEJOU/CREIXELL/CUNIT/ESPLUGA DE FRANCOLÍ, L'/FIGUEROLA DEL CAMP/GARIDELLS, ELS/LLORENÇ DEL PENEDÈS/MASLLORENÇ/MASÓ, LA/MILÀ, EL/MONTBLANC/MONTFERRI/MONTMELL, EL/MORELL, EL/NOU DE GAIÀ, LA/NULLES/PALLARESOS, ELS/PERAFORT/PIRA/PLA DE SANTA MARIA, EL/POBLA DE MAFUMET, LA/POBLA DE MONTORNÈS, LA/PONT D'ARMENTERA, EL/PUIGPELAT/QUEROL/RENAU/RIBA, LA/RIERA DE GAIÀ, LA/RODA DE BERÀ/RODONYÀ/ROURELL, EL/SALOMÓ/SALOU/SANT JAUME DELS DOMENYS/SANTA OLIVA/SARRAL/SECUITA, LA/SENAN/SOLIVELLA/TARRAGONA/TORREDEMBARRA/VALLCLARA/VALLMOLL/VENDRELL, EL/VESPELLA DE GAIÀ/VILA-RODONA/VILABELLA/VILALLONGA DEL CAMP/VILANOVA DE PRADES/VILAPLANA/VILAVERD/VIMBODÍ I POBLET",na,7/11/2003,6/21/1996
FR_1,Huile d'olive d'Aix-en-Provence,FR,AGLANDAU/BOUTEILLAN/CAYANNE/GROSSANE/PICHOLINE/RIBIER/SABINE/SALONENQUE/SAURINE/SIGEOISE/TRIPARDE/VERDALE-DES-BOUCHES-DU-RHÔNE,extra virgin olive oil,8000,allowed,417,na,"1,5",15,na,na,na,na,https://ec.europa.eu/agriculture/eambrosia/geographical-indications-register/details/EUGI00000013477,AIX-EN-PROVENCE/ALLAUCH/ALLEINS/AUBAGNE/AURIOL/AURONS/BEAURECUEIL/BELCODÈNE/BERRE-L'ÉTANG/BOUC-BEL-AIR/CABRIÈS/CADOLIVE/CARRY-LE-ROUET/CHÂTEAUNEUF-LE-ROUGE/CHÂTEAUNEUF-LES-MARTIGUES/CORNILLON-CONFOUX/COUDOUX/ENSUÈS-LA-REDONNE/FUVEAU/GARDANNE/GIGNAC-LA-NERTHE/GRANS/GRÉASQUE/GÉMENOS/ISTRES/LA BARBEN/LA BOUILLADISSE/LA DESTROUSSE/LA FARE-LES-OLIVIERS/LAMBESC/LANÇON-PROVENCE/LE PUY-SAINTE-RÉPARADE/LE ROVE/LE THOLONET/LES PENNES-MIRABEAU/MARSEILLE/MARTIGUES/MEYREUIL/MIMET/MIRAMAS/PEYNIER/PEYPIN/PLAN-DE-CUQUES/PORT-DE-BOUC/POURCIEUX/POURRIÈRES/PUYLOUBIER/PÉLISSANNE/ROGNAC/ROGNES/ROQUEFORT-LA-BÉDOULE/ROQUEVAIRE/ROUSSET/SAINT-ANTONIN-SUR-BAYON/SAINT-CANNAT/SAINT-CHAMAS/SAINT-ESTÈVE-JANSON/SAINT-MARC-JAUMEGARDE/SAINT-MITRE-LES-REMPARTS/SAINT-SAVOURNIN/SAINT-ZACHARIE/SALON-DE-PROVENCE/SAUSSET-LES-PINS/SIMIANE-COLLONGUE/TRETS/VAUVENARGUES/VELAUX/VENELLES/VENTABREN/VERNÈGUES/VITROLLES/ÉGUILLES,na,10/19/2000,10/18/2001
FR_1,Huile d'olive d'Aix-en-Provence,FR,AGLANDAU/BOUTEILLAN/CAYANNE/GROSSANE/PICHOLINE/RIBIER/SABINE/SALONENQUE/SAURINE/SIGEOISE/TRIPARDE/VERDALE-DES-BOUCHES-DU-RHÔNE,virgin olive oil,8000,allowed,417,na,"1,5",15,na,na,na,na,https://ec.europa.eu/agriculture/eambrosia/geographical-indications-register/details/EUGI00000013477,AIX-EN-PROVENCE/ALLAUCH/ALLEINS/AUBAGNE/AURIOL/AURONS/BEAURECUEIL/BELCODÈNE/BERRE-L'ÉTANG/BOUC-BEL-AIR/CABRIÈS/CADOLIVE/CARRY-LE-ROUET/CHÂTEAUNEUF-LE-ROUGE/CHÂTEAUNEUF-LES-MARTIGUES/CORNILLON-CONFOUX/COUDOUX/ENSUÈS-LA-REDONNE/FUVEAU/GARDANNE/GIGNAC-LA-NERTHE/GRANS/GRÉASQUE/GÉMENOS/ISTRES/LA BARBEN/LA BOUILLADISSE/LA DESTROUSSE/LA FARE-LES-OLIVIERS/LAMBESC/LANÇON-PROVENCE/LE PUY-SAINTE-RÉPARADE/LE ROVE/LE THOLONET/LES PENNES-MIRABEAU/MARSEILLE/MARTIGUES/MEYREUIL/MIMET/MIRAMAS/PEYNIER/PEYPIN/PLAN-DE-CUQUES/PORT-DE-BOUC/POURCIEUX/POURRIÈRES/PUYLOUBIER/PÉLISSANNE/ROGNAC/ROGNES/ROQUEFORT-LA-BÉDOULE/ROQUEVAIRE/ROUSSET/SAINT-ANTONIN-SUR-BAYON/SAINT-CANNAT/SAINT-CHAMAS/SAINT-ESTÈVE-JANSON/SAINT-MARC-JAUMEGARDE/SAINT-MITRE-LES-REMPARTS/SAINT-SAVOURNIN/SAINT-ZACHARIE/SALON-DE-PROVENCE/SAUSSET-LES-PINS/SIMIANE-COLLONGUE/TRETS/VAUVENARGUES/VELAUX/VENELLES/VENTABREN/VERNÈGUES/VITROLLES/ÉGUILLES,na,10/19/2000,10/18/2001
FR_2,Huile d'olive de Corse / Huile d'olive de Corse - Oliu di Corsica,FR,"ALIVA BIANCA/ALIVA NÉRA (GHJERMANA DU SUD/BIANCAGHJA)/CAPANACE (RASPULADA,RASPULUTA)/CURTINESE (PENDOLA)/DI CASINCA/D’ALTA ROCCA)/GHJERMANA (GHJERMANA DI BALAGNA/NIELADJA)/SABINE (SABINA/ZINZALA (PINZAROLE)",extra virgin olive oil,8000,allowed,417,na,"1,5",16,na,na,na,na,https://ec.europa.eu/agriculture/eambrosia/geographical-indications-register/details/EUGI00000013739,AFA/AGHIONE/AJACCIO/ALANDO/ALATA/ALBITRECCIA/ALGAJOLA/ALTAGÈNE/ALTIANI/ALÉRIA/AMBIEGNA/AMPRIANI/ANTISANTI/APPIETTO/ARBELLARA/ARBORI/AREGNO/ARGIUSTA-MORICCIO/ARRO/AVAPESSA/AZILONE-AMPAZA/AZZANA/BALOGNA/BARBAGGIO/BARRETTALI/BASTELICACCIA/BASTIA/BELGODÈRE/BELVÉDÈRE-CAMPOMORO/BIGORNO/BIGUGLIA/BILIA/BISINCHI/BONIFACIO/BORGO/BRANDO/CAGNANO/CALCATOGGIO/CALENZANA/CALVI/CAMPI/CAMPILE/CAMPITELLO/CAMPO/CANALE-DI-VERDE/CANARI/CANAVAGGIA/CANNELLE/CARBINI/CARBUCCIA/CARDO-TORGIA/CARGIACA/CARGÈSE/CASABIANCA/CASAGLIONE/CASALABRIVA/CASALTA/CASEVECCHIE/CASTELLARE-DI-CASINCA/CASTELLARE-DI-MERCURIO/CASTELLO-DI-ROSTINO/CASTIFAO/CASTIGLIONE/CASTINETA/CASTIRLA/CATERI/CAURO/CENTURI/CERVIONE/CHIATRA/CHISA/COGGIA/COGNOCOLI-MONTICCHI/CONCA/CORBARA/CORRANO/CORTE/COSTA/COTI-CHIAVARI/CROCE/CROCICCHIA/CUTTOLI-CORTICCHIATO/ECCICA-SUARELLA/ERBAJOLO/ERSA/FARINOLE/FAVALELLO/FELICETO/FICAJA/FIGARI/FOCE/FOCICCHIA/FORCIOLO/FOZZANO/FRASSETO/FURIANI/GALÉRIA/GAVIGNANO/GHISONACCIA/GIOCATOJO/GIUNCAGGIO/GIUNCHETO/GRANACE/GROSSA/GROSSETO-PRUGNA/GUARGUALÉ/ISOLACCIO-DI-FIUMORBO/L'ÎLE-ROUSSE/LA PORTA/LAMA/LAVATOGGIO/LECCI/LENTO/LETIA/LEVIE/LINGUIZZETTA/LOPIGNA/LORETO-DI-CASINCA/LORETO-DI-TALLANO/LUCCIANA/LUGO-DI-NAZZA/LUMIO/LURI/MANSO/MARIGNANA/MATRA/MELA/MERIA/MOCA-CROCE/MOLTIFAO/MONACIA-D'AULLÈNE/MONACIA-D'OREZZA/MONCALE/MONTE/MONTEGROSSO/MONTICELLO/MOROSAGLIA/MORSIGLIA/MOÏTA/MURATO/MURO/MURZO/NESSA/NOCARIO/NOCETA/NONZA/NOVELLA/OCANA/OCCHIATANA/OGLIASTRO/OLCANI/OLETTA/OLIVESE/OLMETA-DI-CAPOCORSO/OLMETA-DI-TUDA/OLMETO/OLMICCIA/OLMO/OMESSA/ORTIPORIO/OSANI/OTA/PALASCA/PANCHERACCIA/PARATA/PARTINELLO/PATRIMONIO/PENTA-ACQUATELLA/PENTA-DI-CASINCA/PERI/PERO-CASEVECCHIE/PETRETO-BICCHISANO/PIANA/PIANO/PIANOTTOLI-CALDARELLO/PIAZZOLE/PIEDICORTE-DI-GAGGIO/PIEDICROCE/PIEDIGRIGGIO/PIETRA-DI-VERDE/PIETRACORBARA/PIETRALBA/PIETRASERENA/PIETROSELLA/PIETROSO/PIGNA/PILA-CANALE/PINO/PIÈVE/POGGIO-D'OLETTA/POGGIO-DI-NAZZA/POGGIO-DI-VENACO/POGGIO-MARINACCIO/POGGIO-MEZZANA/POLVEROSO/POPOLASCA/PORRI/PORTO-VECCHIO/PRATO-DI-GIOVELLINA/PROPRIANO/PRUNELLI-DI-CASACCONI/PRUNELLI-DI-FIUMORBO/PRUNO/QUERCITELLO/RAPAGGIO/RAPALE/RIVENTOSA/ROGLIANO/ROSAZIA/ROSPIGLIANI/RUTALI/SAINTE-LUCIE-DE-TALLANO/SALICE/SAN-DAMIANO/SAN-GAVINO-D'AMPUGNANI/SAN-GAVINO-DI-CARBINI/SAN-GAVINO-DI-FIUMORBO/SAN-GAVINO-DI-TENDA/SAN-GIOVANNI-DI-MORIANI/SAN-GIULIANO/SAN-MARTINO-DI-LOTA/SAN-NICOLAO/SANT'ANDRÉA-D'ORCINO/SANT'ANDRÉA-DI-BOZIO/SANT'ANDRÉA-DI-COTONE/SANT'ANTONINO/SANTA-LUCIA-DI-MERCURIO/SANTA-LUCIA-DI-MORIANI/SANTA-MARIA-DI-LOTA/SANTA-MARIA-FIGANIELLA/SANTA-MARIA-POGGIO/SANTA-MARIA-SICHÉ/SANTA-REPARATA-DI-BALAGNA/SANTA-REPARATA-DI-MORIANI/SANTO-PIETRO-DI-TENDA/SANTO-PIETRO-DI-VENACO/SARI-D'ORCINO/SARI-SOLENZARA/SARROLA-CARCOPINO/SARTÈNE/SCATA/SCOLCA/SERMANO/SERRA-DI-FERRO/SERRA-DI-FIUMORBO/SERRA-DI-SCOPAMÈNE/SERRIERA/SILVARECCIO/SISCO/SOLARO/SOLLACARO/SORBO-OCAGNANO/SORBOLLANO/SORIO/SOTTA/SOVERIA/SPELONCATO/STAZZONA/TAGLIO-ISOLACCIO/TALASANI/TALLONE/TAVACO/TOMINO/TOX/TRALONCA/UCCIANI/URBALACONE/URTACA/VALLE-D'OREZZA/VALLE-DI-CAMPOLORO/VALLE-DI-MEZZANA/VALLE-DI-ROSTINO/VELONE-ORNETO/VENACO/VENTISERI/VENZOLASCA/VERDÈSE/VERO/VESCOVATO/VEZZANI/VICO/VIGGIANELLO/VIGNALE/VILLANOVA/VILLE-DI-PARASO/VILLE-DI-PIETRABUGNO/VOLPAJOLA/ZALANA/ZIGLIARA/ZILIA/ZONZA/ZOZA/ZUANI/ZÉRUBIA/ZÉVACO,11/11/2004,9/22/2005,2/16/2007
FR_2,Huile d'olive de Corse / Huile d'olive de Corse - Oliu di Corsica,FR,"ALIVA BIANCA/ALIVA NÉRA (GHJERMANA DU SUD/BIANCAGHJA)/CAPANACE (RASPULADA,RASPULUTA)/CURTINESE (PENDOLA)/DI CASINCA/D’ALTA ROCCA)/GHJERMANA (GHJERMANA DI BALAGNA/NIELADJA)/SABINE (SABINA/ZINZALA (PINZAROLE)",virgin olive oil,8000,allowed,417,na,"1,5",16,na,na,na,na,https://ec.europa.eu/agriculture/eambrosia/geographical-indications-register/details/EUGI00000013739,AFA/AGHIONE/AJACCIO/ALANDO/ALATA/ALBITRECCIA/ALGAJOLA/ALTAGÈNE/ALTIANI/ALÉRIA/AMBIEGNA/AMPRIANI/ANTISANTI/APPIETTO/ARBELLARA/ARBORI/AREGNO/ARGIUSTA-MORICCIO/ARRO/AVAPESSA/AZILONE-AMPAZA/AZZANA/BALOGNA/BARBAGGIO/BARRETTALI/BASTELICACCIA/BASTIA/BELGODÈRE/BELVÉDÈRE-CAMPOMORO/BIGORNO/BIGUGLIA/BILIA/BISINCHI/BONIFACIO/BORGO/BRANDO/CAGNANO/CALCATOGGIO/CALENZANA/CALVI/CAMPI/CAMPILE/CAMPITELLO/CAMPO/CANALE-DI-VERDE/CANARI/CANAVAGGIA/CANNELLE/CARBINI/CARBUCCIA/CARDO-TORGIA/CARGIACA/CARGÈSE/CASABIANCA/CASAGLIONE/CASALABRIVA/CASALTA/CASEVECCHIE/CASTELLARE-DI-CASINCA/CASTELLARE-DI-MERCURIO/CASTELLO-DI-ROSTINO/CASTIFAO/CASTIGLIONE/CASTINETA/CASTIRLA/CATERI/CAURO/CENTURI/CERVIONE/CHIATRA/CHISA/COGGIA/COGNOCOLI-MONTICCHI/CONCA/CORBARA/CORRANO/CORTE/COSTA/COTI-CHIAVARI/CROCE/CROCICCHIA/CUTTOLI-CORTICCHIATO/ECCICA-SUARELLA/ERBAJOLO/ERSA/FARINOLE/FAVALELLO/FELICETO/FICAJA/FIGARI/FOCE/FOCICCHIA/FORCIOLO/FOZZANO/FRASSETO/FURIANI/GALÉRIA/GAVIGNANO/GHISONACCIA/GIOCATOJO/GIUNCAGGIO/GIUNCHETO/GRANACE/GROSSA/GROSSETO-PRUGNA/GUARGUALÉ/ISOLACCIO-DI-FIUMORBO/L'ÎLE-ROUSSE/LA PORTA/LAMA/LAVATOGGIO/LECCI/LENTO/LETIA/LEVIE/LINGUIZZETTA/LOPIGNA/LORETO-DI-CASINCA/LORETO-DI-TALLANO/LUCCIANA/LUGO-DI-NAZZA/LUMIO/LURI/MANSO/MARIGNANA/MATRA/MELA/MERIA/MOCA-CROCE/MOLTIFAO/MONACIA-D'AULLÈNE/MONACIA-D'OREZZA/MONCALE/MONTE/MONTEGROSSO/MONTICELLO/MOROSAGLIA/MORSIGLIA/MOÏTA/MURATO/MURO/MURZO/NESSA/NOCARIO/NOCETA/NONZA/NOVELLA/OCANA/OCCHIATANA/OGLIASTRO/OLCANI/OLETTA/OLIVESE/OLMETA-DI-CAPOCORSO/OLMETA-DI-TUDA/OLMETO/OLMICCIA/OLMO/OMESSA/ORTIPORIO/OSANI/OTA/PALASCA/PANCHERACCIA/PARATA/PARTINELLO/PATRIMONIO/PENTA-ACQUATELLA/PENTA-DI-CASINCA/PERI/PERO-CASEVECCHIE/PETRETO-BICCHISANO/PIANA/PIANO/PIANOTTOLI-CALDARELLO/PIAZZOLE/PIEDICORTE-DI-GAGGIO/PIEDICROCE/PIEDIGRIGGIO/PIETRA-DI-VERDE/PIETRACORBARA/PIETRALBA/PIETRASERENA/PIETROSELLA/PIETROSO/PIGNA/PILA-CANALE/PINO/PIÈVE/POGGIO-D'OLETTA/POGGIO-DI-NAZZA/POGGIO-DI-VENACO/POGGIO-MARINACCIO/POGGIO-MEZZANA/POLVEROSO/POPOLASCA/PORRI/PORTO-VECCHIO/PRATO-DI-GIOVELLINA/PROPRIANO/PRUNELLI-DI-CASACCONI/PRUNELLI-DI-FIUMORBO/PRUNO/QUERCITELLO/RAPAGGIO/RAPALE/RIVENTOSA/ROGLIANO/ROSAZIA/ROSPIGLIANI/RUTALI/SAINTE-LUCIE-DE-TALLANO/SALICE/SAN-DAMIANO/SAN-GAVINO-D'AMPUGNANI/SAN-GAVINO-DI-CARBINI/SAN-GAVINO-DI-FIUMORBO/SAN-GAVINO-DI-TENDA/SAN-GIOVANNI-DI-MORIANI/SAN-GIULIANO/SAN-MARTINO-DI-LOTA/SAN-NICOLAO/SANT'ANDRÉA-D'ORCINO/SANT'ANDRÉA-DI-BOZIO/SANT'ANDRÉA-DI-COTONE/SANT'ANTONINO/SANTA-LUCIA-DI-MERCURIO/SANTA-LUCIA-DI-MORIANI/SANTA-MARIA-DI-LOTA/SANTA-MARIA-FIGANIELLA/SANTA-MARIA-POGGIO/SANTA-MARIA-SICHÉ/SANTA-REPARATA-DI-BALAGNA/SANTA-REPARATA-DI-MORIANI/SANTO-PIETRO-DI-TENDA/SANTO-PIETRO-DI-VENACO/SARI-D'ORCINO/SARI-SOLENZARA/SARROLA-CARCOPINO/SARTÈNE/SCATA/SCOLCA/SERMANO/SERRA-DI-FERRO/SERRA-DI-FIUMORBO/SERRA-DI-SCOPAMÈNE/SERRIERA/SILVARECCIO/SISCO/SOLARO/SOLLACARO/SORBO-OCAGNANO/SORBOLLANO/SORIO/SOTTA/SOVERIA/SPELONCATO/STAZZONA/TAGLIO-ISOLACCIO/TALASANI/TALLONE/TAVACO/TOMINO/TOX/TRALONCA/UCCIANI/URBALACONE/URTACA/VALLE-D'OREZZA/VALLE-DI-CAMPOLORO/VALLE-DI-MEZZANA/VALLE-DI-ROSTINO/VELONE-ORNETO/VENACO/VENTISERI/VENZOLASCA/VERDÈSE/VERO/VESCOVATO/VEZZANI/VICO/VIGGIANELLO/VIGNALE/VILLANOVA/VILLE-DI-PARASO/VILLE-DI-PIETRABUGNO/VOLPAJOLA/ZALANA/ZIGLIARA/ZILIA/ZONZA/ZOZA/ZUANI/ZÉRUBIA/ZÉVACO,11/11/2004,9/22/2005,2/16/2007
FR_3,Huile d'olive de Haute-Provence,FR,AGLANDAU/BOUTEILLAN/PICHOLINE/TANCHE,extra virgin olive oil,8000,allowed,417,na,"0,8",15,na,na,na,na,https://ec.europa.eu/agriculture/eambrosia/geographical-indications-register/details/EUGI00000013319,AIGLUN/ALLEMAGNE-EN-PROVENCE/AUBENAS-LES-ALPES/AUBIGNOSC/BARRAS/BEAUMONT-DE-PERTUIS/BEYNES/BRAS-D'ASSE/BRUNET/CHAMPTERCIER/CHÂTEAU-ARNOUX-SAINT-AUBAN/CHÂTEAUNEUF-VAL-SAINT-DONAT/CHÂTEAUREDON/CORBIÈRES-EN-PROVENCE/CRUIS/CÉRESTE/DAUPHIN/DIGNE-LES-BAINS/ENTREPIERRES/ENTREVENNES/ESPARRON-DE-VERDON/ESTOUBLON/FONTIENNE/FORCALQUIER/GANAGOBIE/GINASSERVIS/GRAMBOIS/GRÉOUX-LES-BAINS/JOUQUES/L'ESCALE/LA BASTIDE-DES-JOURDANS/LA BRILLANNE/LE CASTELLET/LE CHAFFAUT-SAINT-JURSON/LES MÉES/LIMANS/LURS/MALIJAI/MALLEFOUGASSE-AUGÈS/MALLEMOISSON/MANE/MANOSQUE/MIRABEAU/MONTAGNAC-MONTPEZAT/MONTFORT/MONTFURON/MONTJUSTIN/MONTLAUX/MOUSTIERS-SAINTE-MARIE/MÉZEL/NIOZELLES/ONGLES/OPPEDETTE/ORAISON/PEIPIN/PEYPIN-D'AIGUES/PEYRUIS/PIERRERUE/PIERREVERT/PUIMICHEL/PUIMOISSON/QUINSON/REILLANNE/REVEST-DES-BROUSSES/REVEST-SAINT-MARTIN/RIANS/RIEZ/ROUMOULES/SAINT-JEANNET/SAINT-JULIEN/SAINT-JULIEN-D'ASSE/SAINT-JURS/SAINT-LAURENT-DU-VERDON/SAINT-MAIME/SAINT-MARTIN-DE-BRÔMES/SAINT-MARTIN-LES-EAUX/SAINT-MICHEL-L'OBSERVATOIRE/SAINT-PAUL-LÈS-DURANCE/SAINTE-CROIX-DU-VERDON/SAINTE-CROIX-À-LAUZE/SAINTE-TULLE/SALIGNAC/SIGONCE/SIMIANE-LA-ROTONDE/SISTERON/SOURRIBES/VACHÈRES/VALENSOLE/VILLEMUS/VILLENEUVE/VINON-SUR-VERDON/VITROLLES-EN-LUBÉRON/VOLONNE/VOLX,na,10/19/2000,10/18/2001
FR_3,Huile d'olive de Haute-Provence,FR,AGLANDAU/BOUTEILLAN/PICHOLINE/TANCHE,virgin olive oil,8000,allowed,417,na,"0,8",15,na,na,na,na,https://ec.europa.eu/agriculture/eambrosia/geographical-indications-register/details/EUGI00000013319,AIGLUN/ALLEMAGNE-EN-PROVENCE/AUBENAS-LES-ALPES/AUBIGNOSC/BARRAS/BEAUMONT-DE-PERTUIS/BEYNES/BRAS-D'ASSE/BRUNET/CHAMPTERCIER/CHÂTEAU-ARNOUX-SAINT-AUBAN/CHÂTEAUNEUF-VAL-SAINT-DONAT/CHÂTEAUREDON/CORBIÈRES-EN-PROVENCE/CRUIS/CÉRESTE/DAUPHIN/DIGNE-LES-BAINS/ENTREPIERRES/ENTREVENNES/ESPARRON-DE-VERDON/ESTOUBLON/FONTIENNE/FORCALQUIER/GANAGOBIE/GINASSERVIS/GRAMBOIS/GRÉOUX-LES-BAINS/JOUQUES/L'ESCALE/LA BASTIDE-DES-JOURDANS/LA BRILLANNE/LE CASTELLET/LE CHAFFAUT-SAINT-JURSON/LES MÉES/LIMANS/LURS/MALIJAI/MALLEFOUGASSE-AUGÈS/MALLEMOISSON/MANE/MANOSQUE/MIRABEAU/MONTAGNAC-MONTPEZAT/MONTFORT/MONTFURON/MONTJUSTIN/MONTLAUX/MOUSTIERS-SAINTE-MARIE/MÉZEL/NIOZELLES/ONGLES/OPPEDETTE/ORAISON/PEIPIN/PEYPIN-D'AIGUES/PEYRUIS/PIERRERUE/PIERREVERT/PUIMICHEL/PUIMOISSON/QUINSON/REILLANNE/REVEST-DES-BROUSSES/REVEST-SAINT-MARTIN/RIANS/RIEZ/ROUMOULES/SAINT-JEANNET/SAINT-JULIEN/SAINT-JULIEN-D'ASSE/SAINT-JURS/SAINT-LAURENT-DU-VERDON/SAINT-MAIME/SAINT-MARTIN-DE-BRÔMES/SAINT-MARTIN-LES-EAUX/SAINT-MICHEL-L'OBSERVATOIRE/SAINT-PAUL-LÈS-DURANCE/SAINTE-CROIX-DU-VERDON/SAINTE-CROIX-À-LAUZE/SAINTE-TULLE/SALIGNAC/SIGONCE/SIMIANE-LA-ROTONDE/SISTERON/SOURRIBES/VACHÈRES/VALENSOLE/VILLEMUS/VILLENEUVE/VINON-SUR-VERDON/VITROLLES-EN-LUBÉRON/VOLONNE/VOLX,na,10/19/2000,10/18/2001
FR_4,Huile d'olive de la Vallée des Baux-de-Provence,FR,AGLANDAU (BERUGUETTE)/GROSSANE/PICHOLINE/SALONENQUE/VERDALE DES BOUCHES-DU-RHÔNE,extra virgin olive oil,10000,allowed,417,na,"1,5",16,na,na,na,na,https://ec.europa.eu/agriculture/eambrosia/geographical-indications-register/details/EUGI00000013447,ARLES/AUREILLE/EYGALIÈRES/EYGUIÈRES/FONTVIEILLE/LES BAUX-DE-PROVENCE/MAS-BLANC-DES-ALPILLES/MAUSSANE-LES-ALPILLES/MOURIÈS/ORGON/PARADOU/SAINT-MARTIN-DE-CRAU/SAINT-RÉMY-DE-PROVENCE/SAINT-ÉTIENNE-DU-GRÈS/SÉNAS/TARASCON,na,8/31/1999,6/6/2000
FR_4,Huile d'olive de la Vallée des Baux-de-Provence,FR,AGLANDAU (BERUGUETTE)/GROSSANE/PICHOLINE/SALONENQUE/VERDALE DES BOUCHES-DU-RHÔNE,virgin olive oil,10000,allowed,417,na,"1,5",16,na,na,na,na,https://ec.europa.eu/agriculture/eambrosia/geographical-indications-register/details/EUGI00000013447,ARLES/AUREILLE/EYGALIÈRES/EYGUIÈRES/FONTVIEILLE/LES BAUX-DE-PROVENCE/MAS-BLANC-DES-ALPILLES/MAUSSANE-LES-ALPILLES/MOURIÈS/ORGON/PARADOU/SAINT-MARTIN-DE-CRAU/SAINT-RÉMY-DE-PROVENCE/SAINT-ÉTIENNE-DU-GRÈS/SÉNAS/TARASCON,na,8/31/1999,6/6/2000
FR_5,Huile d'olive de Nice,FR,CAILLETIER,extra virgin olive oil,10000,allowed,417,na,1,16,na,na,na,na,https://ec.europa.eu/agriculture/eambrosia/geographical-indications-register/details/EUGI00000013698,AIGLUN/ANTIBES/ASPREMONT/AURIBEAU-SUR-SIAGNE/BEAULIEU-SUR-MER/BENDEJUN/BERRE-LES-ALPES/BIOT/BLAUSASC/BONSON/BOUYON/BREIL-SUR-ROYA/CABRIS/CAGNES-SUR-MER/CANNES/CANTARON/CARROS/CASTAGNIERS/CASTELLAR/CASTILLON/CHÂTEAUNEUF-GRASSE/CHÂTEAUNEUF-VILLEVIEILLE/CLANS/COARAZE/COLOMARS/CONSÉGUDES/CONTES/CUÉBRIS/DRAP/DURANUS/FALICON/FONTAN/GATTIÈRES/GILETTE/GORBIO/GOURDON/GRASSE/L'ESCARÈNE/LA BOLLÈNE-VÉSUBIE/LA COLLE-SUR-LOUP/LA GAUDE/LA ROQUETTE-SUR-SIAGNE/LA ROQUETTE-SUR-VAR/LA TOUR/LA TRINITÉ/LA TURBIE/LANTOSQUE/LE BAR-SUR-LOUP/LE BROC/LE CANNET/LE ROURET/LE TIGNET/LES FERRES/LEVENS/LUCÉRAM/MALAUSSÈNE/MANDELIEU-LA-NAPOULE/MOUANS-SARTOUX/MOUGINS/NICE/OPIO/PEILLE/PEILLON/PEYMEINADE/PIERREFEU/PÉGOMAS/REVEST-LES-ROCHES/ROQUEBILLIÈRE/ROQUEFORT-LES-PINS/ROQUESTÉRON/SAINT-ANDRÉ-DE-LA-ROCHE/SAINT-BLAISE/SAINT-CÉZAIRE-SUR-SIAGNE/SAINT-JEANNET/SAINT-LAURENT-DU-VAR/SAINT-MARTIN-DU-VAR/SAINT-PAUL-DE-VENCE/SAINTE-AGNÈS/SAORGE/SIGALE/SOSPEL/SPÉRACÈDES/TOUDON/TOURETTE-DU-CHÂTEAU/TOURNEFORT/TOURRETTE-LEVENS/TOURRETTES-SUR-LOUP/TOUËT-DE-L'ESCARÈNE/UTELLE/VALBONNE/VALLAURIS/VENCE/VILLARS-SUR-VAR/VILLEFRANCHE-SUR-MER/VILLENEUVE-LOUBET/ÈZE,10/29/2003,7/12/2005,3/11/2006
FR_5,Huile d'olive de Nice,FR,CAILLETIER,virgin olive oil,10000,allowed,417,na,1,16,na,na,na,na,https://ec.europa.eu/agriculture/eambrosia/geographical-indications-register/details/EUGI00000013698,AIGLUN/ANTIBES/ASPREMONT/AURIBEAU-SUR-SIAGNE/BEAULIEU-SUR-MER/BENDEJUN/BERRE-LES-ALPES/BIOT/BLAUSASC/BONSON/BOUYON/BREIL-SUR-ROYA/CABRIS/CAGNES-SUR-MER/CANNES/CANTARON/CARROS/CASTAGNIERS/CASTELLAR/CASTILLON/CHÂTEAUNEUF-GRASSE/CHÂTEAUNEUF-VILLEVIEILLE/CLANS/COARAZE/COLOMARS/CONSÉGUDES/CONTES/CUÉBRIS/DRAP/DURANUS/FALICON/FONTAN/GATTIÈRES/GILETTE/GORBIO/GOURDON/GRASSE/L'ESCARÈNE/LA BOLLÈNE-VÉSUBIE/LA COLLE-SUR-LOUP/LA GAUDE/LA ROQUETTE-SUR-SIAGNE/LA ROQUETTE-SUR-VAR/LA TOUR/LA TRINITÉ/LA TURBIE/LANTOSQUE/LE BAR-SUR-LOUP/LE BROC/LE CANNET/LE ROURET/LE TIGNET/LES FERRES/LEVENS/LUCÉRAM/MALAUSSÈNE/MANDELIEU-LA-NAPOULE/MOUANS-SARTOUX/MOUGINS/NICE/OPIO/PEILLE/PEILLON/PEYMEINADE/PIERREFEU/PÉGOMAS/REVEST-LES-ROCHES/ROQUEBILLIÈRE/ROQUEFORT-LES-PINS/ROQUESTÉRON/SAINT-ANDRÉ-DE-LA-ROCHE/SAINT-BLAISE/SAINT-CÉZAIRE-SUR-SIAGNE/SAINT-JEANNET/SAINT-LAURENT-DU-VAR/SAINT-MARTIN-DU-VAR/SAINT-PAUL-DE-VENCE/SAINTE-AGNÈS/SAORGE/SIGALE/SOSPEL/SPÉRACÈDES/TOUDON/TOURETTE-DU-CHÂTEAU/TOURNEFORT/TOURRETTE-LEVENS/TOURRETTES-SUR-LOUP/TOUËT-DE-L'ESCARÈNE/UTELLE/VALBONNE/VALLAURIS/VENCE/VILLARS-SUR-VAR/VILLEFRANCHE-SUR-MER/VILLENEUVE-LOUBET/ÈZE,10/29/2003,7/12/2005,3/11/2006
FR_6,Huile d'olive de Nîmes,FR,AGLANDAU/AMELLAU/BROUTIGNAN/CUL BLANC/NOIRETTE/NÉGRETTE/OLIVASTRE/PICHOLINE/PIGALLE/PIQUETTE/ROUGETTE/SAUZEN VERT/VERDALE DE L'HÉRAULT (GROUSSALDO)/VERMILLAU,na,10000,allowed,417,na,"0,8",16,na,na,na,na,https://ec.europa.eu/agriculture/eambrosia/geographical-indications-register/details/EUGI00000013677,AIGALIERS/AIGREMONT/AIGUES-VIVES/ALÈS/ANDUZE/ARAMON/ARGILLIERS/ARPAILLARGUES-ET-AUREILLAC/ASPÈRES/ASSAS/AUBAIS/AUBORD/AUBUSSARGUES/AUJARGUES/BAGARD/BAILLARGUES/BARON/BEAUCAIRE/BEAULIEU/BEAUVOISIN/BELLEGARDE/BELVÉZET/BERNIS/BEZOUCE/BLAUZAC/BOISSERON/BOISSET-ET-GAUJAC/BOISSIÈRES/BOUCOIRAN-ET-NOZIÈRES/BOUILLARGUES/BOUQUET/BOURDIC/BRAGASSARGUES/BRIGNON/BROUZET-LÈS-QUISSAC/BUZIGNARGUES/CABRIÈRES/CAISSARGUES/CALVISSON/CAMPAGNE/CANAULES-ET-ARGENTIÈRES/CANNES-ET-CLAIRAN/CARDET/CARNAS/CASSAGNOLES/CASTELNAU-VALENCE/CASTILLON-DU-GARD/CASTRIES/CAVEIRAC/CLARENSAC/CLARET/CODOGNAN/COLLIAS/COLLORGUES/COMBAS/COMPS/CONGÉNIES/CONQUEYRAC/CORCONNE/CRESPIAN/CRUVIERS-LASCOURS/DEAUX/DIONS/DOMAZAN/DOMESSARGUES/DURFORT-ET-SAINT-MARTIN-DE-SOSSENAC/ENTRE-VIGNES/ESTÉZARGUES/EUZET/FLAUX/FOISSAC/FONS/FONS-SUR-LUSSAN/FONTANÈS/FONTARÈCHES/FOURNÈS/GAILHAN/GAJAN/GALARGUES/GALLARGUES-LE-MONTUEUX/GARONS/GARRIGUES/GARRIGUES-SAINTE-EULALIE/GOUDARGUES/GUZARGUES/GÉNÉRAC/JONQUIÈRES-SAINT-VINCENT/JUNAS/LA BRUGUIÈRE/LA CALMETTE/LA ROUVIÈRE/LANGLADE/LAURET/LECQUES/LIOUC/LOGRIAN-FLORIAN/LUNEL/LUNEL-VIEL/LUSSAN/LÉDENON/LÉDIGNAN/LÉZAN/MANDUEL/MARGUERITTES/MARTIGNARGUES/MARUÉJOLS-LÈS-GARDON/MASSANES/MASSILLARGUES-ATTUECH/MAURESSARGUES/MEYNES/MILHAUD/MONS/MONTAGNAC/MONTAREN-ET-SAINT-MÉDIERS/MONTAUD/MONTEILS/MONTFRIN/MONTIGNARGUES/MONTMIRAT/MONTPEZAT/MOULÉZAN/MOUSSAC/MUS/MÉJANNES-LÈS-ALÈS/NAGES-ET-SOLORGUES/NERS/NÎMES/ORTHOUX-SÉRIGNAC-QUILHAN/PARIGNARGUES/POULX/PUECHREDON/QUISSAC/REDESSAN/REMOULINS/RESTINCLIÈRES/RIBAUTE-LES-TAVERNES/ROCHEFORT-DU-GARD/RODILHAN/SAINT-BAUZÉLY/SAINT-BONNET-DU-GARD/SAINT-BRÈS/SAINT-BÉNÉZET/SAINT-CHAPTES/SAINT-CHRISTOL-LEZ-ALÈS/SAINT-CLÉMENT/SAINT-CÉSAIRE-DE-GAUZIGNAN/SAINT-CÔME-ET-MARUÉJOLS/SAINT-DIONISY/SAINT-DRÉZÉRY/SAINT-DÉZÉRY/SAINT-GENIÈS-DE-MALGOIRÈS/SAINT-GENIÈS-DES-MOURGUES/SAINT-GERVASY/SAINT-GILLES/SAINT-HILAIRE-D'OZILHAN/SAINT-HILAIRE-DE-BEAUVOIR/SAINT-HILAIRE-DE-BRETHMAS/SAINT-HIPPOLYTE-DE-CATON/SAINT-HIPPOLYTE-DE-MONTAIGU/SAINT-HIPPOLYTE-DU-FORT/SAINT-JEAN-DE-CEYRARGUES/SAINT-JEAN-DE-CORNIES/SAINT-JEAN-DE-CRIEULON/SAINT-JEAN-DE-SERRES/SAINT-JUST-ET-VACQUIÈRES/SAINT-LAURENT-LA-VERNÈDE/SAINT-MAMERT-DU-GARD/SAINT-MAURICE-DE-CAZEVIEILLE/SAINT-MAXIMIN/SAINT-NAZAIRE-DE-PÉZAN/SAINT-NAZAIRE-DES-GARDIES/SAINT-PRIVAT-DES-VIEUX/SAINT-QUENTIN-LA-POTERIE/SAINT-SIFFRET/SAINT-SÉRIÈS/SAINT-THÉODORIT/SAINT-VICTOR-DES-OULES/SAINT-ÉTIENNE-DE-L'OLM/SAINTE-ANASTASIE/SALINELLES/SANILHAC-SAGRIÈS/SARDAN/SATURARGUES/SAUSSINES/SAUTEYRARGUES/SAUVE/SAUZET/SAVIGNARGUES/SAZE/SERNHAC/SERVIERS-ET-LABAUME/SEYNES/SOMMIÈRES/SOUVIGNARGUES/SUSSARGUES/TEYRAN/THÉZIERS/TORNAC/UCHAUD/UZÈS/VACQUIÈRES/VALERGUES/VALFLAUNÈS/VALLABRIX/VALLÉRARGUES/VAUVERT/VENDARGUES/VERFEUIL/VERGÈZE/VERS-PONT-DU-GARD/VESTRIC-ET-CANDIAC/VIC-LE-FESQ/VILLETELLE/VILLEVIEILLE/VÉZÉNOBRES,11/18/2004,9/14/2005,2/16/2007
FR_7,Huile d'olive de Nyons,FR,TANCHE,na,10000,allowed,417,na,"0,8",16,na,na,na,na,https://ec.europa.eu/agriculture/eambrosia/geographical-indications-register/details/EUGI00000012925,ARPAVON/AUBRES/BEAUVOISIN/BRANTES/BUIS-LES-BARONNIES/BUISSON/BÉNIVAY-OLLON/CAIRANNE/CHÂTEAUNEUF-DE-BORDETTE/CONDORCET/CRESTET/CURNIER/ENTRECHAUX/EYGALIERS/EYROLES/FAUCON/LA PENNE-SUR-L'OUVÈZE/LA ROCHE-SUR-LE-BUIS/LE PÈGUE/LES PILLES/MALAUCÈNE/MIRABEL-AUX-BARONNIES/MOLLANS-SUR-OUVÈZE/MONTAULIEU/MONTRÉAL-LES-SOURCES/MÉRINDOL-LES-OLIVIERS/NYONS/PIERRELONGUE/PIÉGON/PLAISIANS/PROPIAC/PUYMÉRAS/RASTEAU/ROAIX/ROUSSET-LES-VIGNES/SAHUNE/SAINT-FERRÉOL-TRENTE-PAS/SAINT-MARCELLIN-LÈS-VAISON/SAINT-MAURICE-SUR-EYGUES/SAINT-MAY/SAINT-PANTALÉON-LES-VIGNES/SAINT-ROMAIN-EN-VIENNOIS/SAINT-ROMAN-DE-MALEGARDE/SÉGURET/TULETTE/VAISON-LA-ROMAINE/VALRÉAS/VENTEROL/VERCOIRAN/VILLEDIEU/VILLEPERDRIX/VINSOBRES/VISAN,na,3/30/2007,6/21/1996
FR_8,Huile d'olive de Provence,FR,AGLANDAU/BOUTEILLAN/BRUN/CAYANNE/CAYETS/CAYON/GROSSANNE/PICHOLINE/RIBIERS/SALONENQUE/TANCHE/VERDALE DES BOUCHES-DU-RHÔNE,extra virgin olive oil,10000,na,417,na,"1,5",15,na,na,na,na,https://ec.europa.eu/agriculture/eambrosia/geographical-indications-register/details/EUGI00000016624,AIGLUN/AIGUINES/AIX-EN-PROVENCE/ALLAUCH/ALLEINS/ALLEMAGNE-EN-PROVENCE/ALLONS/ALLOS/AMPUS/ANGLES/ANSOUIS/APT/ARCHAIL/ARLES/ARTIGNOSC-SUR-VERDON/ARTIGUES/AUBAGNE/AUBENAS-LES-ALPES/AUBIGNAN/AUBIGNOSC/AUPS/AUREILLE/AURIOL/AURONS/AUTHON/AUVARE/AUZET/AVIGNON/BAGNOLS-EN-FORÊT/BANDOL/BARBENTANE/BARCELONNETTE/BARGEMON/BARJOLS/BARLES/BAUDINARD-SUR-VERDON/BAUDUEN/BEAUJEU/BEAUMES-DE-VENISE/BEAUMETTES/BEAUMONT-DE-PERTUIS/BEAUMONT-DU-VENTOUX/BEAURECUEIL/BEAUVEZER/BELCODÈNE/BELGENTIER/BERRE-L'ÉTANG/BESSE-SUR-ISSOLE/BEYNES/BLAUVAC/BLIEUX/BOLLÈNE/BONNIEUX/BORMES-LES-MIMOSAS/BOUC-BEL-AIR/BOULBON/BRAS/BRENON/BRIGNOLES/BRUE-AURIAC/BRUNET/BÉDARRIDES/BÉDOIN/CABASSE/CABRIÈRES-D'AIGUES/CABRIÈRES-D'AVIGNON/CABRIÈS/CADENET/CADOLIVE/CALLAS/CALLIAN/CAMARET-SUR-AIGUES/CAMPS-LA-SOURCE/CARCÈS/CARNOULES/CAROMB/CARPENTRAS/CARQUEIRANNE/CARRY-LE-ROUET/CASENEUVE/CASSIS/CASTELLET-LÈS-SAUSSES/CAUMONT-SUR-DURANCE/CAVAILLON/CAVALAIRE-SUR-MER/CEYRESTE/CHAMPTERCIER/CHARLEVAL/CHEVAL-BLANC/CHÂTEAU-ARNOUX-SAINT-AUBAN/CHÂTEAUDOUBLE/CHÂTEAUNEUF-DE-GADAGNE/CHÂTEAUNEUF-DU-PAPE/CHÂTEAUNEUF-LE-ROUGE/CHÂTEAUNEUF-LES-MARTIGUES/CHÂTEAUNEUF-VAL-SAINT-DONAT/CHÂTEAUREDON/CHÂTEAURENARD/CHÂTEAUVERT/CLAVIERS/CLUMANC/COGOLIN/COLLOBRIÈRES/COLMARS/CORBIÈRES-EN-PROVENCE/CORNILLON-CONFOUX/CORRENS/COTIGNAC/COUDOUX/COURTHÉZON/CRILLON-LE-BRAVE/CRUIS/CUCURON/CUERS/CUGES-LES-PINS/CURBANS/CÉRESTE/DAUPHIN/DEMANDOLX/DIGNE-LES-BAINS/DRAGUIGNAN/ENCHASTRAYES/ENSUÈS-LA-REDONNE/ENTRECASTEAUX/ENTREPIERRES/ENTREVAUX/ENTREVENNES/ESPARRON/ESPARRON-DE-VERDON/ESTOUBLON/EYGALIÈRES/EYGUIÈRES/EYRAGUES/FAYENCE/FIGANIÈRES/FLASSAN/FLASSANS-SUR-ISSOLE/FLAYOSC/FONTAINE-DE-VAUCLUSE/FONTIENNE/FONTVIEILLE/FORCALQUEIRET/FORCALQUIER/FOX-AMPHOUX/FRÉJUS/FUVEAU/GANAGOBIE/GARDANNE/GARGAS/GARÉOULT/GASSIN/GIGNAC/GIGNAC-LA-NERTHE/GIGONDAS/GIGORS/GINASSERVIS/GONFARON/GORDES/GOULT/GRAMBOIS/GRANS/GRAVESON/GRIMAUD/GRÉASQUE/GRÉOUX-LES-BAINS/GÉMENOS/HYÈRES/ISTRES/JAUSIERS/JONQUERETTES/JONQUIÈRES/JOUCAS/JOUQUES/L'ESCALE/L'HOSPITALET/L'ISLE-SUR-LA-SORGUE/LA BARBEN/LA BASTIDE-DES-JOURDANS/LA BASTIDONNE/LA BOUILLADISSE/LA BRILLANNE/LA CADIÈRE-D'AZUR/LA CELLE/LA CIOTAT/LA CRAU/LA CROIX-SUR-ROUDOULE/LA CROIX-VALMER/LA DESTROUSSE/LA FARE-LES-OLIVIERS/LA FARLÈDE/LA GARDE-FREINET/LA JAVIE/LA LONDE-LES-MAURES/LA MOTTE/LA MOTTE-D'AIGUES/LA MOTTE-DU-CAIRE/LA MURE-ARGENS/LA MÔLE/LA PALUD-SUR-VERDON/LA PENNE-SUR-HUVEAUNE/LA ROQUE-ALRIC/LA ROQUE-D'ANTHÉRON/LA ROQUE-SUR-PERNES/LA ROQUEBRUSSANNE/LA SEYNE-SUR-MER/LA TOUR-D'AIGUES/LA VALETTE-DU-VAR/LA VERDIÈRE/LACOSTE/LAFARE/LAGARDE-PARÉOL/LAGNES/LAMANON/LAMBESC/LAMBRUISSE/LANÇON-PROVENCE/LAURIS/LE BARROUX/LE BEAUCET/LE BEAUSSET/LE CANNET-DES-MAURES/LE CASTELLARD-MÉLAN/LE CASTELLET/LE CHAFFAUT-SAINT-JURSON/LE LAVANDOU/LE LUC/LE MUY/LE PLAN-DE-LA-TOUR/LE PRADET/LE PUY-SAINTE-RÉPARADE/LE REVEST-LES-EAUX/LE ROVE/LE THOLONET/LE THOR/LE THORONET/LE VAL/LE VERNET/LES ADRETS-DE-L'ESTÉREL/LES ANGLES/LES ARCS/LES BAUX-DE-PROVENCE/LES MAYONS/LES MÉES/LES PENNES-MIRABEAU/LES SALLES-SUR-VERDON/LES THUILES/LIMANS/LIOUX/LIRAC/LORGUES/LORIOL-DU-COMTAT/LOURMARIN/LURS/MAJASTRES/MALAUCÈNE/MALEMORT-DU-COMTAT/MALIJAI/MALLEFOUGASSE-AUGÈS/MALLEMOISSON/MALLEMORT/MANE/MANOSQUE/MARSEILLE/MARTIGUES/MAS-BLANC-DES-ALPILLES/MAUBEC/MAUSSANE-LES-ALPILLES/MAZAN/MAZAUGUES/MEYRARGUES/MEYREUIL/MIMET/MIRABEAU/MIRAMAS/MODÈNE/MOISSAC-BELLEVUE/MONDRAGON/MONS/MONTAGNAC-MONTPEZAT/MONTAUROUX/MONTEUX/MONTFERRAT/MONTFORT/MONTFORT-SUR-ARGENS/MONTFROC/MONTFURON/MONTJUSTIN/MONTLAUX/MONTMEYAN/MORIEZ/MORIÈRES-LÈS-AVIGNON/MORMOIRON/MORNAS/MOURIÈS/MOUSTIERS-SAINTE-MARIE/MURS/MÉAILLES/MÉNERBES/MÉOLANS-REVEL/MÉOUNES-LÈS-MONTRIEUX/MÉRINDOL/MÉTHAMIS/MÉZEL/NANS-LES-PINS/NIOZELLES/NOVES/NÉOULES/OLLIOULES/OLLIÈRES/ONGLES/OPPEDETTE/OPPÈDE/ORAISON/ORANGE/ORGON/PARADOU/PEIPIN/PERNES-LES-FONTAINES/PERTUIS/PEYNIER/PEYPIN/PEYPIN-D'AIGUES/PEYROLLES-EN-PROVENCE/PEYROULES/PEYRUIS/PIERREFEU-DU-VAR/PIERRERUE/PIERREVERT/PIGNANS/PIOLENC/PLAN-D'ORGON/PLAN-DE-CUQUES/PONTEVÈS/PORT-DE-BOUC/POURCIEUX/POURRIÈRES/PRADS-HAUTE-BLÉONE/PUGET/PUGET-ROSTANG/PUGET-SUR-ARGENS/PUGET-THÉNIERS/PUGET-VILLE/PUIMICHEL/PUIMOISSON/PUJAUT/PUYLOUBIER/PUYVERT/PÉLISSANNE/QUINSON/RAMATUELLE/RAYOL-CANADEL-SUR-MER/REDORTIERS/REILLANNE/REVEST-DES-BROUSSES/REVEST-SAINT-MARTIN/RIANS/RIBOUX/RIEZ/RIGAUD/ROBION/ROCBARON/ROCHEGUDE/ROGNAC/ROGNES/ROQUEBRUNE-SUR-ARGENS/ROQUEFORT-LA-BÉDOULE/ROQUEMAURE/ROQUEVAIRE/ROUGIERS/ROUGON/ROUMOULES/ROUSSET/ROUSSILLON/RUSTREL/RÉGUSSE/SABLET/SAIGNON/SAINT-ANTONIN-DU-VAR/SAINT-ANTONIN-SUR-BAYON/SAINT-CANNAT/SAINT-CHAMAS/SAINT-CYR-SUR-MER/SAINT-DIDIER/SAINT-ESTÈVE-JANSON/SAINT-GENIEZ/SAINT-GENIÈS-DE-COMOLAS/SAINT-HIPPOLYTE-LE-GRAVEYRON/SAINT-JEANNET/SAINT-JULIEN/SAINT-JULIEN-D'ASSE/SAINT-JURS/SAINT-LAURENT-DES-ARBRES/SAINT-LAURENT-DU-VERDON/SAINT-LIONS/SAINT-LÉGER-DU-VENTOUX/SAINT-MAIME/SAINT-MANDRIER-SUR-MER/SAINT-MARC-JAUMEGARDE/SAINT-MARTIN-DE-BRÔMES/SAINT-MARTIN-DE-CASTILLON/SAINT-MARTIN-DE-CRAU/SAINT-MARTIN-DE-LA-BRASQUE/SAINT-MARTIN-DE-PALLIÈRES/SAINT-MARTIN-LES-EAUX/SAINT-MARTIN-LÈS-SEYNE/SAINT-MAXIMIN-LA-SAINTE-BAUME/SAINT-MICHEL-L'OBSERVATOIRE/SAINT-MITRE-LES-REMPARTS/SAINT-PANTALÉON/SAINT-PAUL-EN-FORÊT/SAINT-PAUL-LÈS-DURANCE/SAINT-PAUL-SUR-UBAYE/SAINT-PIERRE/SAINT-PIERRE-DE-VASSOLS/SAINT-PONS/SAINT-RAPHAËL/SAINT-RÉMY-DE-PROVENCE/SAINT-SATURNIN-LÈS-APT/SAINT-SATURNIN-LÈS-AVIGNON/SAINT-SAVOURNIN/SAINT-TROPEZ/SAINT-ZACHARIE/SAINT-ÉTIENNE-DU-GRÈS/SAINTE-ANASTASIE-SUR-ISSOLE/SAINTE-CROIX-DU-VERDON/SAINTE-CROIX-À-LAUZE/SAINTE-CÉCILE-LES-VIGNES/SAINTE-MAXIME/SAINTE-TULLE/SALERNES/SALIGNAC/SALON-DE-PROVENCE/SANARY-SUR-MER/SANNES/SARRIANS/SAUMANE-DE-VAUCLUSE/SAUSSET-LES-PINS/SAUVETERRE/SEILLANS/SEILLONS-SOURCE-D'ARGENS/SELONNET/SENEZ/SEPTÈMES-LES-VALLONS/SIGNES/SIGONCE/SILLANS-LA-CASCADE/SIMIANE-COLLONGUE/SIMIANE-LA-ROTONDE/SISTERON/SIX-FOURS-LES-PLAGES/SOLEILHAS/SOLLIÈS-PONT/SOLLIÈS-TOUCAS/SOLLIÈS-VILLE/SORGUES/SOURRIBES/SUZETTE/SÉNAS/SÉRIGNAN-DU-COMTAT/TAILLADES/TANNERON/TARADEAU/TARASCON/TARTONNE/TAVEL/TAVERNES/THORAME-BASSE/THORAME-HAUTE/TOULON/TOURRETTES/TOURTOUR/TOURVES/TOUËT-SUR-VAR/TRANS-EN-PROVENCE/TRAVAILLAN/TRETS/UBAYE-SERRE-PONÇON/UBRAYE/UCHAUX/UVERNET-FOURS/VACHÈRES/VACQUEYRAS/VAL D'ORONAYE/VALAVOIRE/VALENSOLE/VARAGES/VAUGINES/VAUVENARGUES/VEDÈNE/VELAUX/VELLERON/VENASQUE/VENELLES/VENTABREN/VERDACHES/VERGONS/VERNÈGUES/VIDAUBAN/VIENS/VILLARS/VILLARS-COLMARS/VILLECROZE/VILLELAURE/VILLEMUS/VILLENEUVE/VILLENEUVE-LÈS-AVIGNON/VILLES-SUR-AUZON/VINON-SUR-VERDON/VINS-SUR-CARAMY/VIOLÈS/VITROLLES/VITROLLES-EN-LUBÉRON/VOLONNE/VOLX/ÉGUILLES/ÉVENOS,5/28/2018,9/30/2019,2/21/2020
FR_8,Huile d'olive de Provence,FR,AGLANDAU/BOUTEILLAN/BRUN/CAYANNE/CAYETS/CAYON/GROSSANNE/PICHOLINE/RIBIERS/SALONENQUE/TANCHE/VERDALE DES BOUCHES-DU-RHÔNE,virgin olive oil,10000,na,417,na,"1,5",15,na,na,na,na,https://ec.europa.eu/agriculture/eambrosia/geographical-indications-register/details/EUGI00000016624,AIGLUN/AIGUINES/AIX-EN-PROVENCE/ALLAUCH/ALLEINS/ALLEMAGNE-EN-PROVENCE/ALLONS/ALLOS/AMPUS/ANGLES/ANSOUIS/APT/ARCHAIL/ARLES/ARTIGNOSC-SUR-VERDON/ARTIGUES/AUBAGNE/AUBENAS-LES-ALPES/AUBIGNAN/AUBIGNOSC/AUPS/AUREILLE/AURIOL/AURONS/AUTHON/AUVARE/AUZET/AVIGNON/BAGNOLS-EN-FORÊT/BANDOL/BARBENTANE/BARCELONNETTE/BARGEMON/BARJOLS/BARLES/BAUDINARD-SUR-VERDON/BAUDUEN/BEAUJEU/BEAUMES-DE-VENISE/BEAUMETTES/BEAUMONT-DE-PERTUIS/BEAUMONT-DU-VENTOUX/BEAURECUEIL/BEAUVEZER/BELCODÈNE/BELGENTIER/BERRE-L'ÉTANG/BESSE-SUR-ISSOLE/BEYNES/BLAUVAC/BLIEUX/BOLLÈNE/BONNIEUX/BORMES-LES-MIMOSAS/BOUC-BEL-AIR/BOULBON/BRAS/BRENON/BRIGNOLES/BRUE-AURIAC/BRUNET/BÉDARRIDES/BÉDOIN/CABASSE/CABRIÈRES-D'AIGUES/CABRIÈRES-D'AVIGNON/CABRIÈS/CADENET/CADOLIVE/CALLAS/CALLIAN/CAMARET-SUR-AIGUES/CAMPS-LA-SOURCE/CARCÈS/CARNOULES/CAROMB/CARPENTRAS/CARQUEIRANNE/CARRY-LE-ROUET/CASENEUVE/CASSIS/CASTELLET-LÈS-SAUSSES/CAUMONT-SUR-DURANCE/CAVAILLON/CAVALAIRE-SUR-MER/CEYRESTE/CHAMPTERCIER/CHARLEVAL/CHEVAL-BLANC/CHÂTEAU-ARNOUX-SAINT-AUBAN/CHÂTEAUDOUBLE/CHÂTEAUNEUF-DE-GADAGNE/CHÂTEAUNEUF-DU-PAPE/CHÂTEAUNEUF-LE-ROUGE/CHÂTEAUNEUF-LES-MARTIGUES/CHÂTEAUNEUF-VAL-SAINT-DONAT/CHÂTEAUREDON/CHÂTEAURENARD/CHÂTEAUVERT/CLAVIERS/CLUMANC/COGOLIN/COLLOBRIÈRES/COLMARS/CORBIÈRES-EN-PROVENCE/CORNILLON-CONFOUX/CORRENS/COTIGNAC/COUDOUX/COURTHÉZON/CRILLON-LE-BRAVE/CRUIS/CUCURON/CUERS/CUGES-LES-PINS/CURBANS/CÉRESTE/DAUPHIN/DEMANDOLX/DIGNE-LES-BAINS/DRAGUIGNAN/ENCHASTRAYES/ENSUÈS-LA-REDONNE/ENTRECASTEAUX/ENTREPIERRES/ENTREVAUX/ENTREVENNES/ESPARRON/ESPARRON-DE-VERDON/ESTOUBLON/EYGALIÈRES/EYGUIÈRES/EYRAGUES/FAYENCE/FIGANIÈRES/FLASSAN/FLASSANS-SUR-ISSOLE/FLAYOSC/FONTAINE-DE-VAUCLUSE/FONTIENNE/FONTVIEILLE/FORCALQUEIRET/FORCALQUIER/FOX-AMPHOUX/FRÉJUS/FUVEAU/GANAGOBIE/GARDANNE/GARGAS/GARÉOULT/GASSIN/GIGNAC/GIGNAC-LA-NERTHE/GIGONDAS/GIGORS/GINASSERVIS/GONFARON/GORDES/GOULT/GRAMBOIS/GRANS/GRAVESON/GRIMAUD/GRÉASQUE/GRÉOUX-LES-BAINS/GÉMENOS/HYÈRES/ISTRES/JAUSIERS/JONQUERETTES/JONQUIÈRES/JOUCAS/JOUQUES/L'ESCALE/L'HOSPITALET/L'ISLE-SUR-LA-SORGUE/LA BARBEN/LA BASTIDE-DES-JOURDANS/LA BASTIDONNE/LA BOUILLADISSE/LA BRILLANNE/LA CADIÈRE-D'AZUR/LA CELLE/LA CIOTAT/LA CRAU/LA CROIX-SUR-ROUDOULE/LA CROIX-VALMER/LA DESTROUSSE/LA FARE-LES-OLIVIERS/LA FARLÈDE/LA GARDE-FREINET/LA JAVIE/LA LONDE-LES-MAURES/LA MOTTE/LA MOTTE-D'AIGUES/LA MOTTE-DU-CAIRE/LA MURE-ARGENS/LA MÔLE/LA PALUD-SUR-VERDON/LA PENNE-SUR-HUVEAUNE/LA ROQUE-ALRIC/LA ROQUE-D'ANTHÉRON/LA ROQUE-SUR-PERNES/LA ROQUEBRUSSANNE/LA SEYNE-SUR-MER/LA TOUR-D'AIGUES/LA VALETTE-DU-VAR/LA VERDIÈRE/LACOSTE/LAFARE/LAGARDE-PARÉOL/LAGNES/LAMANON/LAMBESC/LAMBRUISSE/LANÇON-PROVENCE/LAURIS/LE BARROUX/LE BEAUCET/LE BEAUSSET/LE CANNET-DES-MAURES/LE CASTELLARD-MÉLAN/LE CASTELLET/LE CHAFFAUT-SAINT-JURSON/LE LAVANDOU/LE LUC/LE MUY/LE PLAN-DE-LA-TOUR/LE PRADET/LE PUY-SAINTE-RÉPARADE/LE REVEST-LES-EAUX/LE ROVE/LE THOLONET/LE THOR/LE THORONET/LE VAL/LE VERNET/LES ADRETS-DE-L'ESTÉREL/LES ANGLES/LES ARCS/LES BAUX-DE-PROVENCE/LES MAYONS/LES MÉES/LES PENNES-MIRABEAU/LES SALLES-SUR-VERDON/LES THUILES/LIMANS/LIOUX/LIRAC/LORGUES/LORIOL-DU-COMTAT/LOURMARIN/LURS/MAJASTRES/MALAUCÈNE/MALEMORT-DU-COMTAT/MALIJAI/MALLEFOUGASSE-AUGÈS/MALLEMOISSON/MALLEMORT/MANE/MANOSQUE/MARSEILLE/MARTIGUES/MAS-BLANC-DES-ALPILLES/MAUBEC/MAUSSANE-LES-ALPILLES/MAZAN/MAZAUGUES/MEYRARGUES/MEYREUIL/MIMET/MIRABEAU/MIRAMAS/MODÈNE/MOISSAC-BELLEVUE/MONDRAGON/MONS/MONTAGNAC-MONTPEZAT/MONTAUROUX/MONTEUX/MONTFERRAT/MONTFORT/MONTFORT-SUR-ARGENS/MONTFROC/MONTFURON/MONTJUSTIN/MONTLAUX/MONTMEYAN/MORIEZ/MORIÈRES-LÈS-AVIGNON/MORMOIRON/MORNAS/MOURIÈS/MOUSTIERS-SAINTE-MARIE/MURS/MÉAILLES/MÉNERBES/MÉOLANS-REVEL/MÉOUNES-LÈS-MONTRIEUX/MÉRINDOL/MÉTHAMIS/MÉZEL/NANS-LES-PINS/NIOZELLES/NOVES/NÉOULES/OLLIOULES/OLLIÈRES/ONGLES/OPPEDETTE/OPPÈDE/ORAISON/ORANGE/ORGON/PARADOU/PEIPIN/PERNES-LES-FONTAINES/PERTUIS/PEYNIER/PEYPIN/PEYPIN-D'AIGUES/PEYROLLES-EN-PROVENCE/PEYROULES/PEYRUIS/PIERREFEU-DU-VAR/PIERRERUE/PIERREVERT/PIGNANS/PIOLENC/PLAN-D'ORGON/PLAN-DE-CUQUES/PONTEVÈS/PORT-DE-BOUC/POURCIEUX/POURRIÈRES/PRADS-HAUTE-BLÉONE/PUGET/PUGET-ROSTANG/PUGET-SUR-ARGENS/PUGET-THÉNIERS/PUGET-VILLE/PUIMICHEL/PUIMOISSON/PUJAUT/PUYLOUBIER/PUYVERT/PÉLISSANNE/QUINSON/RAMATUELLE/RAYOL-CANADEL-SUR-MER/REDORTIERS/REILLANNE/REVEST-DES-BROUSSES/REVEST-SAINT-MARTIN/RIANS/RIBOUX/RIEZ/RIGAUD/ROBION/ROCBARON/ROCHEGUDE/ROGNAC/ROGNES/ROQUEBRUNE-SUR-ARGENS/ROQUEFORT-LA-BÉDOULE/ROQUEMAURE/ROQUEVAIRE/ROUGIERS/ROUGON/ROUMOULES/ROUSSET/ROUSSILLON/RUSTREL/RÉGUSSE/SABLET/SAIGNON/SAINT-ANTONIN-DU-VAR/SAINT-ANTONIN-SUR-BAYON/SAINT-CANNAT/SAINT-CHAMAS/SAINT-CYR-SUR-MER/SAINT-DIDIER/SAINT-ESTÈVE-JANSON/SAINT-GENIEZ/SAINT-GENIÈS-DE-COMOLAS/SAINT-HIPPOLYTE-LE-GRAVEYRON/SAINT-JEANNET/SAINT-JULIEN/SAINT-JULIEN-D'ASSE/SAINT-JURS/SAINT-LAURENT-DES-ARBRES/SAINT-LAURENT-DU-VERDON/SAINT-LIONS/SAINT-LÉGER-DU-VENTOUX/SAINT-MAIME/SAINT-MANDRIER-SUR-MER/SAINT-MARC-JAUMEGARDE/SAINT-MARTIN-DE-BRÔMES/SAINT-MARTIN-DE-CASTILLON/SAINT-MARTIN-DE-CRAU/SAINT-MARTIN-DE-LA-BRASQUE/SAINT-MARTIN-DE-PALLIÈRES/SAINT-MARTIN-LES-EAUX/SAINT-MARTIN-LÈS-SEYNE/SAINT-MAXIMIN-LA-SAINTE-BAUME/SAINT-MICHEL-L'OBSERVATOIRE/SAINT-MITRE-LES-REMPARTS/SAINT-PANTALÉON/SAINT-PAUL-EN-FORÊT/SAINT-PAUL-LÈS-DURANCE/SAINT-PAUL-SUR-UBAYE/SAINT-PIERRE/SAINT-PIERRE-DE-VASSOLS/SAINT-PONS/SAINT-RAPHAËL/SAINT-RÉMY-DE-PROVENCE/SAINT-SATURNIN-LÈS-APT/SAINT-SATURNIN-LÈS-AVIGNON/SAINT-SAVOURNIN/SAINT-TROPEZ/SAINT-ZACHARIE/SAINT-ÉTIENNE-DU-GRÈS/SAINTE-ANASTASIE-SUR-ISSOLE/SAINTE-CROIX-DU-VERDON/SAINTE-CROIX-À-LAUZE/SAINTE-CÉCILE-LES-VIGNES/SAINTE-MAXIME/SAINTE-TULLE/SALERNES/SALIGNAC/SALON-DE-PROVENCE/SANARY-SUR-MER/SANNES/SARRIANS/SAUMANE-DE-VAUCLUSE/SAUSSET-LES-PINS/SAUVETERRE/SEILLANS/SEILLONS-SOURCE-D'ARGENS/SELONNET/SENEZ/SEPTÈMES-LES-VALLONS/SIGNES/SIGONCE/SILLANS-LA-CASCADE/SIMIANE-COLLONGUE/SIMIANE-LA-ROTONDE/SISTERON/SIX-FOURS-LES-PLAGES/SOLEILHAS/SOLLIÈS-PONT/SOLLIÈS-TOUCAS/SOLLIÈS-VILLE/SORGUES/SOURRIBES/SUZETTE/SÉNAS/SÉRIGNAN-DU-COMTAT/TAILLADES/TANNERON/TARADEAU/TARASCON/TARTONNE/TAVEL/TAVERNES/THORAME-BASSE/THORAME-HAUTE/TOULON/TOURRETTES/TOURTOUR/TOURVES/TOUËT-SUR-VAR/TRANS-EN-PROVENCE/TRAVAILLAN/TRETS/UBAYE-SERRE-PONÇON/UBRAYE/UCHAUX/UVERNET-FOURS/VACHÈRES/VACQUEYRAS/VAL D'ORONAYE/VALAVOIRE/VALENSOLE/VARAGES/VAUGINES/VAUVENARGUES/VEDÈNE/VELAUX/VELLERON/VENASQUE/VENELLES/VENTABREN/VERDACHES/VERGONS/VERNÈGUES/VIDAUBAN/VIENS/VILLARS/VILLARS-COLMARS/VILLECROZE/VILLELAURE/VILLEMUS/VILLENEUVE/VILLENEUVE-LÈS-AVIGNON/VILLES-SUR-AUZON/VINON-SUR-VERDON/VINS-SUR-CARAMY/VIOLÈS/VITROLLES/VITROLLES-EN-LUBÉRON/VOLONNE/VOLX/ÉGUILLES/ÉVENOS,5/28/2018,9/30/2019,2/21/2020
FR_9,Huile d'olive du Languedoc,FR,LUCQUES/OLIVIÈRE,na,12000,allowed,417,na,"0,8",16,na,na,na,na,https://ec.europa.eu/agriculture/eambrosia/geographical-indications-register/details/EUGI00000017714,ABEILHAN/ADISSAN/AGDE/AGEL/AGONÈS/AIGNE/AIGUES-VIVES/ALBAS/ALET-LES-BAINS/ALIGNAN-DU-VENT/ANIANE/ARAGON/ARBORAS/ARGELIERS/ARGELLIERS/ARGENS-MINERVOIS/ARMISSAN/ARQUETTES-EN-VAL/ASPIRAN/ASSIGNAN/AUMELAS/AUMES/AUTIGNAC/AZILLANET/AZILLE/BABEAU-BOULDOUX/BADENS/BAGES/BAGNOLES/BALARUC-LE-VIEUX/BALARUC-LES-BAINS/BARBAIRA/BASSAN/BEAUFORT/BERLOU/BERRIAC/BESSAN/BIZANET/BIZE-MINERVOIS/BLOMAC/BOUILHONNAC/BOUJAN-SUR-LIBRON/BOURIÈGE/BOUTENAC/BOUZIGUES/BRENAS/BRIGNAC/BRISSAC/BÉDARIEUX/BÉLARGA/BÉZIERS/CABREROLLES/CABRESPINE/CABRIÈRES/CAMPAGNAN/CAMPAGNE-SUR-AUDE/CAMPLONG-D'AUDE/CANDILLARGUES/CANET/CAPENDU/CAPESTANG/CARCASSONNE/CARLENCAS-ET-LEVAS/CASCASTEL-DES-CORBIÈRES/CASTELNAU-D'AUDE/CASTELNAU-DE-GUERS/CASTELNAU-LE-LEZ/CAUNES-MINERVOIS/CAUNETTES-EN-VAL/CAUSSE-DE-LA-SELLE/CAUSSES-ET-VEYRAN/CAUSSINIOJOULS/CAUX/CAVANAC/CAVES/CAZEDARNES/CAZILHAC/CAZOULS-D'HÉRAULT/CAZOULS-LÈS-BÉZIERS/CELLES/CERS/CESSENON-SUR-ORB/CESSERAS/CEYRAS/CITOU/CLAPIERS/CLERMONT-L'HÉRAULT/COLOMBIERS/COLOMBIÈRES-SUR-ORB/COMBAILLAUX/COMIGNE/CONILHAC-CORBIÈRES/CONQUES-SUR-ORBIEL/CORNEILHAN/COUFFOULENS/COUIZA/COULOBRES/COURNANEL/COURNONSEC/COURNONTERRAL/COURSAN/COUSTOUGE/CREISSAN/CRUSCADES/CRUZY/CUXAC-D'AUDE/CÉBAZAN/CÉPIE/DIO-ET-VALQUIÈRES/DOUZENS/DURBAN-CORBIÈRES/EMBRES-ET-CASTELMAURE/ESCALES/ESPONDEILHAN/ESPÉRAZA/FABREZAN/FABRÈGUES/FAUGÈRES/FERRALS-LES-CORBIÈRES/FEUILLA/FITOU/FLEURY/FLORENSAC/FLOURE/FONTCOUVERTE/FONTIÈS-D'AUDE/FONTJONCOUSE/FONTÈS/FOS/FOURNES-CABARDÈS/FOUZILHON/FOZIÈRES/FRAISSÉ-DES-CORBIÈRES/FRONTIGNAN/FÉLINES-MINERVOIS/FÉLINES-TERMENÈS/GABIAN/GANGES/GIGEAN/GIGNAC/GINESTAS/GINOLES/GRABELS/GRUISSAN/HOMPS/HÉRÉPIAN/JACOU/JONQUIÈRES/JUVIGNAC/LA BOISSIÈRE/LA CAUNETTE/LA LIVINIÈRE/LA PALME/LA REDORTE/LA TOUR-SUR-ORB/LACOSTE/LADERN-SUR-LAUQUET/LAGAMAS/LAGRASSE/LAMALOU-LES-BAINS/LANSARGUES/LAROQUE/LASTOURS/LATTES/LAURE-MINERVOIS/LAURENS/LAUROUX/LAVALETTE/LAVÉRUNE/LE BOSC/LE BOUSQUET-D'ORB/LE CRÈS/LE POUGET/LE POUJOL-SUR-ORB/LE PUECH/LE TRIADOU/LES AIRES/LES ILHES/LESPIGNAN/LEUC/LEUCATE/LIAUSSON/LIEURAN-CABRIÈRES/LIEURAN-LÈS-BÉZIERS/LIGNAN-SUR-ORB/LIMOUSIS/LIMOUX/LODÈVE/LOUPIAN/LUC-SUR-AUDE/LUC-SUR-ORBIEU/LUNAS/LÉZIGNAN-CORBIÈRES/LÉZIGNAN-LA-CÈBE/MAGALAS/MAGRIE/MAILHAC/MALVES-EN-MINERVOIS/MARAUSSAN/MARCORIGNAN/MARGON/MARSEILLAN/MARSEILLETTE/MAS-CABARDÈS/MAS-DES-COURS/MAUGUIO/MAUREILHAN/MAYRONNES/MINERVE/MIREPEISSET/MIREVAL/MONS/MONTADY/MONTAGNAC/MONTARNAUD/MONTAZELS/MONTBAZIN/MONTBLANC/MONTBRUN-DES-CORBIÈRES/MONTELS/MONTESQUIEU/MONTFERRIER-SUR-LEZ/MONTIRAT/MONTOLIEU/MONTOULIERS/MONTPELLIER/MONTPEYROUX/MONTREDON-DES-CORBIÈRES/MONTSÉRET/MONZE/MOURÈZE/MOUSSAN/MOUX/MUDAISON/MURLES/MURVIEL-LÈS-BÉZIERS/MURVIEL-LÈS-MONTPELLIER/MÈZE/MÉRIFONS/NARBONNE/NEFFIÈS/NISSAN-LEZ-ENSERUNE/NIZAS/NÉBIAN/NÉVIAN/NÉZIGNAN-L'ÉVÊQUE/OCTON/OLARGUES/OLMET-ET-VILLECUN/OLONZAC/ORNAISONS/OUPIA/OUVEILLAN/PAILHÈS/PALAIRAC/PALAJA/PARAZA/PAULHAN/PAZIOLS/PEYRIAC-DE-MER/PEYRIAC-MINERVOIS/PIERRERUE/PIEUSSE/PIGNAN/PINET/PLAISSAN/POILHES/POMAS/POMÉROLS/POPIAN/PORT-LA-NOUVELLE/PORTEL-DES-CORBIÈRES/PORTIRAGNES/POUJOLS/POUSSAN/POUZOLLES/POUZOLS/POUZOLS-MINERVOIS/PRADES-LE-LEZ/PRADES-SUR-VERNAZOBRE/PREIXAN/PRÉMIAN/PUICHÉRIC/PUILACHER/PUIMISSON/PUISSALICON/PUISSERGUIER/PUÉCHABON/PÉGAIROLLES-DE-BUÈGES/PÉGAIROLLES-DE-L'ESCALETTE/PÉPIEUX/PÉRET/PÉROLS/PÉZENAS/PÉZÈNES-LES-MINES/QUARANTE/QUILLAN/QUINTILLAN/RAISSAC-D'AUDE/RIBAUTE/RIEUX-EN-VAL/RIEUX-MINERVOIS/ROQUEBRUN/ROQUECOURBE-MINERVOIS/ROQUEFORT-DES-CORBIÈRES/ROQUEFÈRE/ROQUESSELS/ROQUETAILLADE-ET-CONILHAC/ROUBIA/ROUFFIAC-D'AUDE/ROUJAN/ROULLENS/RUSTIQUES/SAINT-ANDRÉ-DE-BUÈGES/SAINT-ANDRÉ-DE-ROQUELONGUE/SAINT-ANDRÉ-DE-SANGONIS/SAINT-AUNÈS/SAINT-BAUZILLE-DE-LA-SYLVE/SAINT-BAUZILLE-DE-PUTOIS/SAINT-CHINIAN/SAINT-CLÉMENT-DE-RIVIÈRE/SAINT-COUAT-D'AUDE/SAINT-FRICHOUX/SAINT-FÉLIX-DE-LODEZ/SAINT-GENIÈS-DE-FONTEDIT/SAINT-GEORGES-D'ORQUES/SAINT-GUILHEM-LE-DÉSERT/SAINT-GUIRAUD/SAINT-GÉLY-DU-FESC/SAINT-HILAIRE/SAINT-JEAN-DE-BARROU/SAINT-JEAN-DE-BUÈGES/SAINT-JEAN-DE-FOS/SAINT-JEAN-DE-LA-BLAQUIÈRE/SAINT-JEAN-DE-MINERVOIS/SAINT-JEAN-DE-VÉDAS/SAINT-JULIEN/SAINT-JUST/SAINT-LAURENT-DE-LA-CABRERISSE/SAINT-MARCEL-SUR-AUDE/SAINT-MARTIN-DE-L'ARÇON/SAINT-MARTIN-DES-PUITS/SAINT-NAZAIRE-D'AUDE/SAINT-NAZAIRE-DE-LADAREZ/SAINT-NAZAIRE-DE-PÉZAN/SAINT-PARGOIRE/SAINT-PAUL-ET-VALMALLE/SAINT-PIERRE-DES-CHAMPS/SAINT-PONS-DE-MAUCHIENS/SAINT-PRIVAT/SAINT-SATURNIN-DE-LUCIAN/SAINT-THIBÉRY/SAINT-VINCENT-D'OLARGUES/SAINT-ÉTIENNE-D'ALBAGNAN/SAINT-ÉTIENNE-DE-GOURGAS/SAINTE-VALIÈRE/SALASC/SALLES-D'AUDE/SALLÈLES-CABARDÈS/SALLÈLES-D'AUDE/SALSIGNE/SAUSSAN/SAUVIAN/SERVIAN/SERVIÈS-EN-VAL/SIGEAN/SIRAN/SOUBÈS/SOUMONT/SÉRIGNAN/TALAIRAN/TEYRAN/THÉZAN-DES-CORBIÈRES/THÉZAN-LÈS-BÉZIERS/TOURBES/TOURNISSAN/TOUROUZELLE/TOURREILLES/TRASSANEL/TRAUSSE/TREILLES/TRESSAN/TRÈBES/TUCHAN/USCLAS-D'HÉRAULT/USCLAS-DU-BOSC/VAILHAN/VAILHAUQUÈS/VAL-DE-DAGNE/VAL-DU-FABY/VALMASCLE/VALROS/VENDARGUES/VENDRES/VENDÉMIAN/VENTENAC-EN-MINERVOIS/VERZEILLE/VIAS/VIC-LA-GARDIOLE/VIEUSSAN/VILLALIER/VILLANIÈRE/VILLARDONNEL/VILLARZEL-CABARDÈS/VILLEDAIGNE/VILLEDUBERT/VILLEFLOURE/VILLEGAILHENC/VILLEGLY/VILLEMAGNE-L'ARGENTIÈRE/VILLEMOUSTAUSSOU/VILLENEUVE-LES-CORBIÈRES/VILLENEUVE-LÈS-BÉZIERS/VILLENEUVE-LÈS-MAGUELONE/VILLENEUVE-MINERVOIS/VILLENEUVETTE/VILLEROUGE-TERMENÈS/VILLESPASSANS/VILLESÈQUE-DES-CORBIÈRES/VILLEVEYRAC/VINASSAN/VIOLS-EN-LAVAL/VIOLS-LE-FORT,12/1/2020,6/28/2023,10/31/2023
GR_1,Άγιος Ματθαίος Κέρκυρας / Agios Mattheos Kerkyras,GR,KORONEIKI/LIANOLA KERKYRAS,virgin olive oil,na,na,na,19 (LIANOLA KERKYRAS)/27 (KORONEIKI),na,na,na,na,na,na,https://ec.europa.eu/agriculture/eambrosia/geographical-indications-register/details/EUGI00000013523,ΚΟΙΝΌΤΗΤΑ ΑΓΊΟΥ ΜΑΤΘΑΊΟΥ,11/15/2001,12/31/2003,10/23/2004
GR_2,Αγουρέλαιο Χαλκιδικής / Agoureleo Chalkidikis,GR,HALKIDIKIS/HONDROLIA HALKIDIKIS,extra virgin olive oil,na,allowed,na,14-20,"0,35",15,"1,8",na,"0,15",na,https://ec.europa.eu/agriculture/eambrosia/geographical-indications-register/details/EUGI00000013978,ΚΟΙΝΌΤΗΤΑ ΑΓΊΑΣ ΠΑΡΑΣΚΕΥΉΣ/ΚΟΙΝΌΤΗΤΑ ΑΓΊΟΥ ΜΆΜΑΝΤΟΣ/ΚΟΙΝΌΤΗΤΑ ΑΓΊΟΥ ΝΙΚΟΛΆΟΥ/ΚΟΙΝΌΤΗΤΑ ΑΓΊΟΥ ΠΑΎΛΟΥ/ΚΟΙΝΌΤΗΤΑ ΑΓΊΟΥ ΠΑΝΤΕΛΕΉΜΟΝΟΣ/ΚΟΙΝΌΤΗΤΑ ΑΓΊΟΥ ΠΡΟΔΡΌΜΟΥ/ΚΟΙΝΌΤΗΤΑ ΑΜΜΟΥΛΙΑΝΉΣ/ΚΟΙΝΌΤΗΤΑ ΑΡΝΑΊΑΣ/ΚΟΙΝΌΤΗΤΑ ΑΦΎΤΟΥ/ΚΟΙΝΌΤΗΤΑ ΒΆΒΔΟΥ/ΚΟΙΝΌΤΗΤΑ ΒΑΡΒΆΡΑΣ/ΚΟΙΝΌΤΗΤΑ ΒΡΑΣΤΆΜΩΝ/ΚΟΙΝΌΤΗΤΑ ΓΑΛΑΡΙΝΟΎ/ΚΟΙΝΌΤΗΤΑ ΓΑΛΑΤΊΣΤΗΣ/ΚΟΙΝΌΤΗΤΑ ΓΕΡΟΠΛΑΤΆΝΟΥ/ΚΟΙΝΌΤΗΤΑ ΓΟΜΑΤΊΟΥ/ΚΟΙΝΌΤΗΤΑ ΔΙΟΝΥΣΊΟΥ/ΚΟΙΝΌΤΗΤΑ ΔΟΥΜΠΙΏΝ/ΚΟΙΝΌΤΗΤΑ ΕΛΑΙΟΧΩΡΊΩΝ/ΚΟΙΝΌΤΗΤΑ ΖΩΓΡΆΦΟΥ/ΚΟΙΝΌΤΗΤΑ ΙΕΡΙΣΣΟΎ/ΚΟΙΝΌΤΗΤΑ ΚΑΛΆΝΔΡΑΣ/ΚΟΙΝΌΤΗΤΑ ΚΑΛΛΙΘΈΑΣ/ΚΟΙΝΌΤΗΤΑ ΚΑΣΣΑΝΔΡΕΊΑΣ/ΚΟΙΝΌΤΗΤΑ ΚΑΣΣΑΝΔΡΗΝΟΎ/ΚΟΙΝΌΤΗΤΑ ΚΡΉΜΝΗΣ/ΚΟΙΝΌΤΗΤΑ ΚΡΉΝΗΣ/ΚΟΙΝΌΤΗΤΑ ΚΡΥΟΠΗΓΉΣ/ΚΟΙΝΌΤΗΤΑ ΛΑΚΚΏΜΑΤΟΣ/ΚΟΙΝΌΤΗΤΑ ΜΑΡΑΘΟΎΣΣΗΣ/ΚΟΙΝΌΤΗΤΑ ΜΕΓΆΛΗΣ ΠΑΝΑΓΊΑΣ/ΚΟΙΝΌΤΗΤΑ ΜΕΤΑΓΚΙΤΣΊΟΥ/ΚΟΙΝΌΤΗΤΑ ΜΕΤΑΜΟΡΦΏΣΕΩΣ/ΚΟΙΝΌΤΗΤΑ ΝΈΑΣ ΓΩΝΙΆΣ/ΚΟΙΝΌΤΗΤΑ ΝΈΑΣ ΚΑΛΛΙΚΡΆΤΕΙΑΣ/ΚΟΙΝΌΤΗΤΑ ΝΈΑΣ ΠΟΤΕΙΔΑΊΑΣ/ΚΟΙΝΌΤΗΤΑ ΝΈΑΣ ΣΚΙΏΝΗΣ/ΚΟΙΝΌΤΗΤΑ ΝΈΑΣ ΤΕΝΈΔΟΥ/ΚΟΙΝΌΤΗΤΑ ΝΈΑΣ ΤΡΙΓΛΊΑΣ/ΚΟΙΝΌΤΗΤΑ ΝΈΑΣ ΦΩΚΑΊΑΣ/ΚΟΙΝΌΤΗΤΑ ΝΈΟΥ ΜΑΡΜΑΡΆ/ΚΟΙΝΌΤΗΤΑ ΝΈΩΝ ΜΟΥΔΑΝΙΏΝ/ΚΟΙΝΌΤΗΤΑ ΝΈΩΝ ΠΛΑΓΊΩΝ/ΚΟΙΝΌΤΗΤΑ ΝΈΩΝ ΡΌΔΩΝ/ΚΟΙΝΌΤΗΤΑ ΝΈΩΝ ΣΙΛΆΤΩΝ/ΚΟΙΝΌΤΗΤΑ ΝΕΟΧΩΡΊΟΥ/ΚΟΙΝΌΤΗΤΑ ΝΙΚΉΤΗΣ/ΚΟΙΝΌΤΗΤΑ ΟΛΎΝΘΟΥ/ΚΟΙΝΌΤΗΤΑ ΟΛΥΜΠΙΆΔΟΣ/ΚΟΙΝΌΤΗΤΑ ΟΡΜΥΛΊΑΣ/ΚΟΙΝΌΤΗΤΑ ΟΥΡΑΝΟΠΌΛΕΩΣ/ΚΟΙΝΌΤΗΤΑ ΠΑΛΑΙΟΚΆΣΤΡΟΥ/ΚΟΙΝΌΤΗΤΑ ΠΑΛΑΙΟΧΏΡΑΣ/ΚΟΙΝΌΤΗΤΑ ΠΑΛΑΙΟΧΩΡΊΟΥ/ΚΟΙΝΌΤΗΤΑ ΠΑΛΙΟΥΡΊΟΥ/ΚΟΙΝΌΤΗΤΑ ΠΕΤΡΑΛΏΝΩΝ/ΚΟΙΝΌΤΗΤΑ ΠΕΥΚΟΧΩΡΊΟΥ/ΚΟΙΝΌΤΗΤΑ ΠΟΛΥΓΎΡΟΥ/ΚΟΙΝΌΤΗΤΑ ΠΟΛΥΧΡΌΝΟΥ/ΚΟΙΝΌΤΗΤΑ ΠΟΡΤΑΡΙΆΣ/ΚΟΙΝΌΤΗΤΑ ΠΥΡΓΑΔΙΚΊΩΝ/ΚΟΙΝΌΤΗΤΑ ΡΙΖΏΝ/ΚΟΙΝΌΤΗΤΑ ΣΆΡΤΗΣ/ΚΟΙΝΌΤΗΤΑ ΣΑΝΏΝ/ΚΟΙΝΌΤΗΤΑ ΣΗΜΆΝΤΡΩΝ/ΚΟΙΝΌΤΗΤΑ ΣΤΑΓΊΡΩΝ/ΚΟΙΝΌΤΗΤΑ ΣΤΑΝΟΎ/ΚΟΙΝΌΤΗΤΑ ΣΤΡΑΤΟΝΊΚΗΣ/ΚΟΙΝΌΤΗΤΑ ΣΤΡΑΤΩΝΊΟΥ/ΚΟΙΝΌΤΗΤΑ ΣΥΚΈΑΣ/ΚΟΙΝΌΤΗΤΑ ΤΑΞΙΆΡΧΟΥ/ΚΟΙΝΌΤΗΤΑ ΦΛΟΓΗΤΏΝ/ΚΟΙΝΌΤΗΤΑ ΦΟΎΡΚΑΣ/ΚΟΙΝΌΤΗΤΑ ΧΑΝΙΏΤΗ,1/14/2009,9/29/2012,6/21/2013
GR_3,Αποκορώνας Χανίων Κρήτης / Apokoronas Chanion Kritis,GR,KORONEIKI/TSUNATI (MASTOEDIS) ,na,na,na,na,20-25,na,na,na,na,na,na,https://ec.europa.eu/agriculture/eambrosia/geographical-indications-register/details/EUGI00000013020,ΚΟΙΝΌΤΗΤΑ ΑΛΙΚΆΜΠΟΥ/ΚΟΙΝΌΤΗΤΑ ΑΡΜΈΝΩΝ/ΚΟΙΝΌΤΗΤΑ ΑΣΉ ΓΩΝΙΆΣ/ΚΟΙΝΌΤΗΤΑ ΒΆΜΟΥ/ΚΟΙΝΌΤΗΤΑ ΒΑΦΈ/ΚΟΙΝΌΤΗΤΑ ΒΡΥΣΏΝ ΑΠΟΚΟΡΏΝΟΥ/ΚΟΙΝΌΤΗΤΑ ΓΑΒΑΛΟΧΩΡΊΟΥ/ΚΟΙΝΌΤΗΤΑ ΓΕΩΡΓΙΟΥΠΌΛΕΩΣ/ΚΟΙΝΌΤΗΤΑ ΕΜΠΡΟΣΝΈΡΟΥ/ΚΟΙΝΌΤΗΤΑ ΚΆΙΝΑΣ/ΚΟΙΝΌΤΗΤΑ ΚΑΛΑΜΙΤΣΊΟΥ ΑΛΕΞΆΝΔΡΟΥ/ΚΟΙΝΌΤΗΤΑ ΚΑΛΑΜΙΤΣΊΟΥ ΑΜΥΓΔΑΛΊΟΥ/ΚΟΙΝΌΤΗΤΑ ΚΑΛΥΒΏΝ/ΚΟΙΝΌΤΗΤΑ ΚΑΡΏΝ ΑΠΟΚΟΡΏΝΟΥ/ΚΟΙΝΌΤΗΤΑ ΚΑΣΤΈΛΛΟΥ/ΚΟΙΝΌΤΗΤΑ ΚΕΦΑΛΆ/ΚΟΙΝΌΤΗΤΑ ΚΟΚΚΊΝΟΥ ΧΩΡΊΟΥ/ΚΟΙΝΌΤΗΤΑ ΚΟΥΡΝΆ/ΚΟΙΝΌΤΗΤΑ ΜΆΖΗΣ/ΚΟΙΝΌΤΗΤΑ ΜΑΧΑΙΡΏΝ/ΚΟΙΝΌΤΗΤΑ ΜΕΛΙΔΟΝΊΟΥ/ΚΟΙΝΌΤΗΤΑ ΝΈΟΥ ΧΩΡΊΟΥ ΑΠΟΚΟΡΏΝΟΥ/ΚΟΙΝΌΤΗΤΑ ΝΊΠΟΥΣ/ΚΟΙΝΌΤΗΤΑ ΞΗΡΟΣΤΕΡΝΊΟΥ/ΚΟΙΝΌΤΗΤΑ ΠΑΪΔΟΧΩΡΊΟΥ/ΚΟΙΝΌΤΗΤΑ ΠΕΜΟΝΊΩΝ/ΚΟΙΝΌΤΗΤΑ ΠΛΆΚΑΣ/ΚΟΙΝΌΤΗΤΑ ΡΑΜΝΉΣ/ΚΟΙΝΌΤΗΤΑ ΣΕΛΛΊΩΝ/ΚΟΙΝΌΤΗΤΑ ΣΤΎΛΟΥ/ΚΟΙΝΌΤΗΤΑ ΤΖΙΤΖΙΦΈ/ΚΟΙΝΌΤΗΤΑ ΦΡΕ/ΚΟΙΝΌΤΗΤΑ ΦΥΛΑΚΉΣ,na,na,1/21/1998
GR_4,Αρχάνες Ηρακλείου Κρήτης / Arxanes Irakliou Kritis,GR,KORONEIKI,extra virgin olive oil,na,allowed,na,na,"0,5",na,na,na,na,na,https://ec.europa.eu/agriculture/eambrosia/geographical-indications-register/details/EUGI00000013025,ΚΟΙΝΌΤΗΤΑ ΑΡΧΑΝΏΝ/ΚΟΙΝΌΤΗΤΑ ΚΆΤΩ ΑΡΧΑΝΏΝ,na,na,6/21/1996
GR_5,Βιάννος Ηρακλείου Κρήτης / Viannos Irakliou Kritis,GR,KORONEIKI,extra virgin olive oil,na,allowed,na,29,"0,5",na,na,na,na,na,https://ec.europa.eu/agriculture/eambrosia/geographical-indications-register/details/EUGI00000013019,ΚΟΙΝΌΤΗΤΑ ΆΝΩ ΒΙΆΝΝΟΥ/ΚΟΙΝΌΤΗΤΑ ΑΓΊΟΥ ΒΑΣΙΛΕΊΟΥ/ΚΟΙΝΌΤΗΤΑ ΑΜΙΡΆ/ΚΟΙΝΌΤΗΤΑ ΒΑΧΟΎ/ΚΟΙΝΌΤΗΤΑ ΚΆΤΩ ΒΙΆΝΝΟΥ/ΚΟΙΝΌΤΗΤΑ ΚΆΤΩ ΣΎΜΗΣ/ΚΟΙΝΌΤΗΤΑ ΚΑΛΑΜΊΟΥ/ΚΟΙΝΌΤΗΤΑ ΚΕΦΑΛΟΒΡΥΣΊΟΥ/ΚΟΙΝΌΤΗΤΑ ΠΕΎΚΟΥ/ΚΟΙΝΌΤΗΤΑ ΣΥΚΟΛΌΓΟΥ/ΚΟΙΝΌΤΗΤΑ ΧΌΝΔΡΟΥ,na,na,6/21/1996
GR_6,Βόρειος Μυλοπόταμος Ρεθύμνης Κρήτης / Vorios Mylopotamos Rethymnis Kritis,GR,CHONDROLIA/KORONEIKI,extra virgin olive oil,na,allowed,na,≤27,"0,8",15,2,na,"0,18",na,https://ec.europa.eu/agriculture/eambrosia/geographical-indications-register/details/EUGI00000013018,ΚΟΙΝΌΤΗΤΑ ΈΡΦΩΝ/ΚΟΙΝΌΤΗΤΑ ΑΓΊΟΥ ΙΩΆΝΝΟΥ ΜΥΛΟΠΟΤΆΜΟΥ/ΚΟΙΝΌΤΗΤΑ ΑΓΊΟΥ ΜΆΜΑΝΤΟΣ/ΚΟΙΝΌΤΗΤΑ ΑΓΓΕΛΙΑΝΏΝ/ΚΟΙΝΌΤΗΤΑ ΑΓΙΆΣ/ΚΟΙΝΌΤΗΤΑ ΑΪ́ΜΟΝΑ/ΚΟΙΝΌΤΗΤΑ ΑΛΟΪ́ΔΩΝ/ΚΟΙΝΌΤΗΤΑ ΑΛΦΆΣ/ΚΟΙΝΌΤΗΤΑ ΑΞΟΎ/ΚΟΙΝΌΤΗΤΑ ΑΠΛΑΔΙΑΝΏΝ/ΚΟΙΝΌΤΗΤΑ ΑΡΧΑΊΑΣ ΕΛΕΎΘΕΡΝΑΣ/ΚΟΙΝΌΤΗΤΑ ΑΧΛΑΔΈ/ΚΟΙΝΌΤΗΤΑ ΒΕΝΊΟΥ/ΚΟΙΝΌΤΗΤΑ ΓΑΡΆΖΟΥ/ΚΟΙΝΌΤΗΤΑ ΔΑΜΑΒΌΛΟΥ/ΚΟΙΝΌΤΗΤΑ ΔΟΞΑΡΟΎ/ΚΟΙΝΌΤΗΤΑ ΕΠΙΣΚΟΠΉΣ/ΚΟΙΝΌΤΗΤΑ ΖΩΝΙΑΝΏΝ/ΚΟΙΝΌΤΗΤΑ ΘΕΟΔΏΡΑΣ/ΚΟΙΝΌΤΗΤΑ ΚΑΛΎΒΟΥ/ΚΟΙΝΌΤΗΤΑ ΚΑΛΑΝΔΑΡΈΣ/ΚΟΙΝΌΤΗΤΑ ΚΡΥΟΝΕΡΊΟΥ/ΚΟΙΝΌΤΗΤΑ ΛΙΒΑΔΊΩΝ/ΚΟΙΝΌΤΗΤΑ ΜΑΡΓΑΡΙΤΏΝ/ΚΟΙΝΌΤΗΤΑ ΜΕΛΙΔΟΝΊΟΥ/ΚΟΙΝΌΤΗΤΑ ΜΕΛΙΣΣΟΥΡΓΑΚΊΟΥ/ΚΟΙΝΌΤΗΤΑ ΟΡΘΈ/ΚΟΙΝΌΤΗΤΑ ΠΑΝΌΡΜΟΥ/ΚΟΙΝΌΤΗΤΑ ΠΑΣΑΛΙΤΏΝ/ΚΟΙΝΌΤΗΤΑ ΠΕΡΆΜΑΤΟΣ/ΚΟΙΝΌΤΗΤΑ ΠΡΊΝΟΥ/ΚΟΙΝΌΤΗΤΑ ΡΟΥΜΕΛΉΣ/ΚΟΙΝΌΤΗΤΑ ΣΙΣΏΝ/ΚΟΙΝΌΤΗΤΑ ΣΚΕΠΑΣΤΉΣ/ΚΟΙΝΌΤΗΤΑ ΣΚΟΥΛΟΥΦΊΩΝ/ΚΟΙΝΌΤΗΤΑ ΧΏΝΟΥ/ΚΟΙΝΌΤΗΤΑ ΧΟΥΜΕΡΊΟΥ/ΨΕΥΔΟΚΟΙΝΟΤΗΤΑ ΑΝΩΓΕΙΩΝ,na,6/23/2012,6/21/1996
GR_7,Γαλανό Μεταγγιτσίου Χαλκιδικής / Galano Metaggitsiou Chalkidikis,GR,CHONDROLIA CHALKIDIKIS/PRASINOLIA)/STRONGILOLIA (GALANI,extra virgin olive oil,na,allowed,na,na,"0,6",15,"2,35",na,"0,18",na,https://ec.europa.eu/agriculture/eambrosia/geographical-indications-register/details/EUGI00000014558,ΚΟΙΝΌΤΗΤΑ ΜΕΤΑΓΚΙΤΣΊΟΥ,8/7/2012,4/30/2015,9/29/2015
GR_8,Ελαιόλαδο Μάκρης / Elaiolado Makris,GR,ELIA MAKRIS,extra virgin olive oil,na,allowed,na,≤27.6,"0,6","10,9","2,2",na,"0,18","0,002",https://ec.europa.eu/agriculture/eambrosia/geographical-indications-register/details/EUGI00000016125,ΚΟΙΝΌΤΗΤΑ ΜΆΚΡΗΣ,1/11/2018,3/30/2020,8/10/2020
GR_9,Εξαιρετικό παρθένο ελαιόλαδο Θραψανό / Exeretiko partheno eleolado Thrapsano,GR,KORONEIKI/PSILOLIA,extra virgin olive oil,na,na,na,na,na,na,na,na,na,na,https://ec.europa.eu/agriculture/eambrosia/geographical-indications-register/details/EUGI00000013576,ΚΟΙΝΌΤΗΤΑ ΘΡΑΨΑΝΟΎ,4/4/2000,8/29/2001,7/11/2002
GR_10,Εξαιρετικό Παρθένο Ελαιόλαδο Σέλινο Κρήτης / Exeretiko Partheno Eleolado Selino Kritis,GR,KORONEIKI/TSOUNATI,extra virgin olive oil,na,allowed,na,na,"0,7",15,"2,5",na,"0,15",0,https://ec.europa.eu/agriculture/eambrosia/geographical-indications-register/details/EUGI00000013890,ΚΟΙΝΌΤΗΤΑ ΒΟΘΙΑΝΏΝ/ΚΟΙΝΌΤΗΤΑ ΒΟΥΤΆ/ΚΟΙΝΌΤΗΤΑ ΕΠΑΝΩΧΩΡΊΟΥ/ΚΟΙΝΌΤΗΤΑ ΚΑΚΟΔΙΚΊΟΥ/ΚΟΙΝΌΤΗΤΑ ΚΑΜΠΑΝΟΎ/ΚΟΙΝΌΤΗΤΑ ΚΑΝΔΆΝΟΥ/ΚΟΙΝΌΤΗΤΑ ΠΑΛΑΙΟΧΏΡΑΣ/ΚΟΙΝΌΤΗΤΑ ΠΛΕΜΕΝΙΑΝΏΝ/ΚΟΙΝΌΤΗΤΑ ΡΟΔΟΒΑΝΊΟΥ/ΚΟΙΝΌΤΗΤΑ ΣΑΡΑΚΉΝΑΣ/ΚΟΙΝΌΤΗΤΑ ΣΚΆΦΗΣ/ΚΟΙΝΌΤΗΤΑ ΣΚΛΑΒΟΠΟΎΛΑΣ/ΚΟΙΝΌΤΗΤΑ ΣΟΎΓΙΑΣ/ΚΟΙΝΌΤΗΤΑ ΤΕΜΕΝΊΩΝ,12/20/2005,9/26/2009,5/12/2010
GR_11,Εξαιρετικό παρθένο ελαιόλαδο Τροιζηνία / Exeretiko partheno eleolado Trizinia,GR,KORONEIKI/MANAKI,extra virgin olive oil,na,allowed,na,na,na,na,na,na,na,na,https://ec.europa.eu/agriculture/eambrosia/geographical-indications-register/details/EUGI00000013515,ΚΟΙΝΌΤΗΤΑ ΆΝΩ ΦΑΝΑΡΊΟΥ/ΚΟΙΝΌΤΗΤΑ ΓΑΛΑΤΆ/ΚΟΙΝΌΤΗΤΑ ΔΡΥΌΠΗΣ/ΚΟΙΝΌΤΗΤΑ ΚΑΡΑΤΖΆ/ΚΟΙΝΌΤΗΤΑ ΚΟΥΝΟΥΠΊΤΣΗΣ/ΚΟΙΝΌΤΗΤΑ ΚΥΨΈΛΗΣ ΜΕΘΆΝΩΝ/ΚΟΙΝΌΤΗΤΑ ΛΟΥΤΡΟΠΌΛΕΩΣ ΜΕΘΆΝΩΝ/ΚΟΙΝΌΤΗΤΑ ΜΕΓΑΛΟΧΩΡΊΟΥ/ΚΟΙΝΌΤΗΤΑ ΤΑΚΤΙΚΟΥΠΌΛΕΩΣ/ΚΟΙΝΌΤΗΤΑ ΤΡΟΙΖΉΝΟΣ/ΨΕΥΔΟΚΟΙΝΟΤΗΤΑ ΠΟΡΟΥ,na,6/1/2006,7/13/2007
GR_12,Ζάκυνθος / Zakynthos,GR,KORONEIKI/LIANOLA (NTOPI),extra virgin olive oil,na,na,na,na,na,na,na,na,na,na,https://ec.europa.eu/agriculture/eambrosia/geographical-indications-register/details/EUGI00000013022,ΚΟΙΝΌΤΗΤΑ ΆΝΩ ΒΟΛΙΜΏΝ/ΚΟΙΝΌΤΗΤΑ ΆΝΩ ΓΕΡΑΚΑΡΊΟΥ/ΚΟΙΝΌΤΗΤΑ ΈΞΩ ΧΏΡΑΣ/ΚΟΙΝΌΤΗΤΑ ΑΓΊΑΣ ΜΑΡΊΝΗΣ/ΚΟΙΝΌΤΗΤΑ ΑΓΊΟΥ ΔΗΜΗΤΡΊΟΥ/ΚΟΙΝΌΤΗΤΑ ΑΓΊΟΥ ΚΗΡΎΚΟΥ/ΚΟΙΝΌΤΗΤΑ ΑΓΊΟΥ ΛΈΟΝΤΟΣ/ΚΟΙΝΌΤΗΤΑ ΑΓΊΩΝ ΠΆΝΤΩΝ/ΚΟΙΝΌΤΗΤΑ ΑΓΑΛΆ/ΚΟΙΝΌΤΗΤΑ ΑΛΙΚΑΝΆ/ΚΟΙΝΌΤΗΤΑ ΑΜΠΕΛΟΚΉΠΩΝ/ΚΟΙΝΌΤΗΤΑ ΑΝΑΦΩΝΗΤΡΊΑΣ/ΚΟΙΝΌΤΗΤΑ ΑΡΓΑΣΊΟΥ/ΚΟΙΝΌΤΗΤΑ ΒΑΝΆΤΟΥ/ΚΟΙΝΌΤΗΤΑ ΒΑΣΙΛΙΚΟΎ/ΚΟΙΝΌΤΗΤΑ ΒΟΛΙΜΏΝ/ΚΟΙΝΌΤΗΤΑ ΒΟΥΓΙΆΤΟΥ/ΚΟΙΝΌΤΗΤΑ ΓΑΛΆΡΟΥ/ΚΟΙΝΌΤΗΤΑ ΓΑΪΤΑΝΊΟΥ/ΚΟΙΝΌΤΗΤΑ ΓΥΡΊΟΥ/ΚΟΙΝΌΤΗΤΑ ΖΑΚΥΝΘΊΩΝ/ΚΟΙΝΌΤΗΤΑ ΚΆΤΩ ΓΕΡΑΚΑΡΊΟΥ/ΚΟΙΝΌΤΗΤΑ ΚΑΛΑΜΑΚΊΟΥ/ΚΟΙΝΌΤΗΤΑ ΚΑΛΙΠΆΔΟΥ/ΚΟΙΝΌΤΗΤΑ ΚΑΛΛΙΘΈΑΣ/ΚΟΙΝΌΤΗΤΑ ΚΑΤΑΣΤΑΡΊΟΥ/ΚΟΙΝΌΤΗΤΑ ΚΕΡΊΟΥ/ΚΟΙΝΌΤΗΤΑ ΚΟΙΛΙΩΜΈΝΟΥ/ΚΟΙΝΌΤΗΤΑ ΚΥΨΈΛΗΣ/ΚΟΙΝΌΤΗΤΑ ΛΑΓΚΑΔΑΚΊΩΝ/ΚΟΙΝΌΤΗΤΑ ΛΑΓΩΠΌΔΟΥ/ΚΟΙΝΌΤΗΤΑ ΛΙΘΑΚΙΆΣ/ΚΟΙΝΌΤΗΤΑ ΛΟΎΧΑΣ/ΚΟΙΝΌΤΗΤΑ ΜΈΣΟΥ ΓΕΡΑΚΑΡΊΟΥ/ΚΟΙΝΌΤΗΤΑ ΜΑΡΙΏΝ/ΚΟΙΝΌΤΗΤΑ ΜΑΧΑΙΡΆΔΟΥ/ΚΟΙΝΌΤΗΤΑ ΜΟΥΖΑΚΊΟΥ/ΚΟΙΝΌΤΗΤΑ ΜΠΟΧΆΛΗΣ/ΚΟΙΝΌΤΗΤΑ ΟΡΘΟΝΙΏΝ/ΚΟΙΝΌΤΗΤΑ ΠΑΝΤΟΚΡΆΤΟΡΟΣ/ΚΟΙΝΌΤΗΤΑ ΠΗΓΑΔΑΚΊΩΝ/ΚΟΙΝΌΤΗΤΑ ΠΛΆΝΟΥ/ΚΟΙΝΌΤΗΤΑ ΡΟΜΙΡΊΟΥ/ΚΟΙΝΌΤΗΤΑ ΣΑΡΑΚΗΝΆΔΟΥ/ΚΟΙΝΌΤΗΤΑ ΣΚΟΥΛΗΚΆΔΟΥ/ΚΟΙΝΌΤΗΤΑ ΤΡΑΓΑΚΊΟΥ/ΚΟΙΝΌΤΗΤΑ ΦΙΟΛΊΤΗ,na,na,7/18/1998
GR_13,Θάσος / Thassos,GR,THASITIKI,virgin olive oil,na,allowed,na,17-16,2,na,na,na,na,na,https://ec.europa.eu/agriculture/eambrosia/geographical-indications-register/details/EUGI00000013164,ΚΟΙΝΌΤΗΤΑ ΑΒΡΑΜΥΛΙΆΣ/ΚΟΙΝΌΤΗΤΑ ΑΓΊΟΥ ΑΝΔΡΈΟΥ/ΚΟΙΝΌΤΗΤΑ ΑΓΊΟΥ ΚΟΣΜΆ/ΚΟΙΝΌΤΗΤΑ ΑΓΙΆΣΜΑΤΟΣ/ΚΟΙΝΌΤΗΤΑ ΑΚΡΟΠΟΤΆΜΟΥ/ΚΟΙΝΌΤΗΤΑ ΑΜΙΣΙΑΝΏΝ/ΚΟΙΝΌΤΗΤΑ ΑΜΥΓΔΑΛΕΏΝΟΣ/ΚΟΙΝΌΤΗΤΑ ΑΝΤΙΦΙΛΊΠΠΩΝ/ΚΟΙΝΌΤΗΤΑ ΑΥΛΉΣ/ΚΟΙΝΌΤΗΤΑ ΓΈΡΟΝΤΑ/ΚΟΙΝΌΤΗΤΑ ΓΑΛΗΨΟΎ/ΚΟΙΝΌΤΗΤΑ ΓΕΩΡΓΙΑΝΉΣ/ΚΟΙΝΌΤΗΤΑ ΓΡΑΒΟΎΝΗΣ/ΚΟΙΝΌΤΗΤΑ ΔΙΑΛΕΚΤΟΎ/ΚΟΙΝΌΤΗΤΑ ΔΙΠΟΤΆΜΟΥ/ΚΟΙΝΌΤΗΤΑ ΔΥΣΒΆΤΟΥ/ΚΟΙΝΌΤΗΤΑ ΔΩΜΑΤΊΩΝ/ΚΟΙΝΌΤΗΤΑ ΕΛΑΙΟΧΩΡΊΟΥ/ΚΟΙΝΌΤΗΤΑ ΕΛΑΦΟΧΩΡΊΟΥ/ΚΟΙΝΌΤΗΤΑ ΕΛΕΥΘΕΡΏΝ/ΚΟΙΝΌΤΗΤΑ ΕΛΕΥΘΕΡΟΎΠΟΛΗΣ/ΚΟΙΝΌΤΗΤΑ ΕΡΑΤΕΙΝΟΎ/ΚΟΙΝΌΤΗΤΑ ΖΑΡΚΑΔΙΆΣ/ΚΟΙΝΌΤΗΤΑ ΖΥΓΟΎ/ΚΟΙΝΌΤΗΤΑ ΘΆΣΟΥ/ΚΟΙΝΌΤΗΤΑ ΘΕΟΛΌΓΟΥ/ΚΟΙΝΌΤΗΤΑ ΚΑΒΆΛΑΣ/ΚΟΙΝΌΤΗΤΑ ΚΑΛΛΙΡΆΧΗΣ/ΚΟΙΝΌΤΗΤΑ ΚΑΡΙΑΝΉΣ/ΚΟΙΝΌΤΗΤΑ ΚΕΡΑΜΩΤΉΣ/ΚΟΙΝΌΤΗΤΑ ΚΕΧΡΟΚΆΜΠΟΥ/ΚΟΙΝΌΤΗΤΑ ΚΗΠΊΩΝ/ΚΟΙΝΌΤΗΤΑ ΚΟΚΚΙΝΟΧΏΜΑΤΟΣ/ΚΟΙΝΌΤΗΤΑ ΚΟΡΥΦΏΝ/ΚΟΙΝΌΤΗΤΑ ΚΡΗΝΊΔΩΝ/ΚΟΙΝΌΤΗΤΑ ΚΡΥΟΝΕΡΊΟΥ/ΚΟΙΝΌΤΗΤΑ ΛΕΚΆΝΗΣ/ΚΟΙΝΌΤΗΤΑ ΛΙΜΕΝΑΡΊΩΝ/ΚΟΙΝΌΤΗΤΑ ΛΙΜΝΙΏΝ/ΚΟΙΝΌΤΗΤΑ ΛΥΔΊΑΣ/ΚΟΙΝΌΤΗΤΑ ΜΑΚΡΥΧΩΡΊΟΥ/ΚΟΙΝΌΤΗΤΑ ΜΑΡΙΏΝ/ΚΟΙΝΌΤΗΤΑ ΜΕΛΙΣΣΟΚΟΜΕΊΟΥ/ΚΟΙΝΌΤΗΤΑ ΜΕΣΙΆΣ/ΚΟΙΝΌΤΗΤΑ ΜΕΣΟΡΌΠΗΣ/ΚΟΙΝΌΤΗΤΑ ΜΟΥΣΘΈΝΗΣ/ΚΟΙΝΌΤΗΤΑ ΜΥΡΤΟΦΎΤΟΥ/ΚΟΙΝΌΤΗΤΑ ΝΈΑΣ ΗΡΑΚΛΊΤΣΗΣ/ΚΟΙΝΌΤΗΤΑ ΝΈΑΣ ΚΑΡΒΆΛΗΣ/ΚΟΙΝΌΤΗΤΑ ΝΈΑΣ ΚΑΡΥΆΣ/ΚΟΙΝΌΤΗΤΑ ΝΈΑΣ ΠΕΡΆΜΟΥ/ΚΟΙΝΌΤΗΤΑ ΝΙΚΉΣΙΑΝΗΣ/ΚΟΙΝΌΤΗΤΑ ΞΕΡΙΆ/ΚΟΙΝΌΤΗΤΑ ΟΡΦΑΝΊΟΥ/ΚΟΙΝΌΤΗΤΑ ΟΦΡΥΝΊΟΥ/ΚΟΙΝΌΤΗΤΑ ΠΈΡΝΗΣ/ΚΟΙΝΌΤΗΤΑ ΠΑΛΑΙΆΣ ΚΑΒΆΛΑΣ/ΚΟΙΝΌΤΗΤΑ ΠΑΛΑΙΟΧΩΡΊΟΥ/ΚΟΙΝΌΤΗΤΑ ΠΑΝΑΓΊΑΣ/ΚΟΙΝΌΤΗΤΑ ΠΑΡΑΔΕΊΣΟΥ/ΚΟΙΝΌΤΗΤΑ ΠΕΤΡΟΠΗΓΉΣ/ΚΟΙΝΌΤΗΤΑ ΠΗΓΏΝ/ΚΟΙΝΌΤΗΤΑ ΠΛΑΤΑΜΏΝΟΣ/ΚΟΙΝΌΤΗΤΑ ΠΛΑΤΑΝΟΤΌΠΟΥ/ΚΟΙΝΌΤΗΤΑ ΠΟΔΟΧΩΡΊΟΥ/ΚΟΙΝΌΤΗΤΑ ΠΟΛΥΝΈΡΟΥ/ΚΟΙΝΌΤΗΤΑ ΠΟΛΥΣΤΎΛΟΥ/ΚΟΙΝΌΤΗΤΑ ΠΟΝΤΟΛΙΒΆΔΟΥ/ΚΟΙΝΌΤΗΤΑ ΠΟΤΑΜΙΆΣ/ΚΟΙΝΌΤΗΤΑ ΠΡΊΝΟΥ/ΚΟΙΝΌΤΗΤΑ ΡΑΧΩΝΊΟΥ/ΚΟΙΝΌΤΗΤΑ ΣΙΔΗΡΟΧΩΡΊΟΥ/ΚΟΙΝΌΤΗΤΑ ΣΩΤΉΡΟΣ/ΚΟΙΝΌΤΗΤΑ ΦΙΛΊΠΠΩΝ/ΚΟΙΝΌΤΗΤΑ ΦΩΛΕΆΣ/ΚΟΙΝΌΤΗΤΑ ΧΑΛΚΕΡΟΎ/ΚΟΙΝΌΤΗΤΑ ΧΡΥΣΟΎΠΟΛΗΣ/ΚΟΙΝΌΤΗΤΑ ΧΡΥΣΟΚΆΣΤΡΟΥ/ΚΟΙΝΌΤΗΤΑ ΧΡΥΣΟΧΩΡΊΟΥ,na,na,6/21/1996
GR_13,Θάσος / Thassos,GR,THASITIKI,extra virgin olive oil,na,allowed,na,17-16,1,na,na,na,na,na,https://ec.europa.eu/agriculture/eambrosia/geographical-indications-register/details/EUGI00000013164,ΚΟΙΝΌΤΗΤΑ ΑΒΡΑΜΥΛΙΆΣ/ΚΟΙΝΌΤΗΤΑ ΑΓΊΟΥ ΑΝΔΡΈΟΥ/ΚΟΙΝΌΤΗΤΑ ΑΓΊΟΥ ΚΟΣΜΆ/ΚΟΙΝΌΤΗΤΑ ΑΓΙΆΣΜΑΤΟΣ/ΚΟΙΝΌΤΗΤΑ ΑΚΡΟΠΟΤΆΜΟΥ/ΚΟΙΝΌΤΗΤΑ ΑΜΙΣΙΑΝΏΝ/ΚΟΙΝΌΤΗΤΑ ΑΜΥΓΔΑΛΕΏΝΟΣ/ΚΟΙΝΌΤΗΤΑ ΑΝΤΙΦΙΛΊΠΠΩΝ/ΚΟΙΝΌΤΗΤΑ ΑΥΛΉΣ/ΚΟΙΝΌΤΗΤΑ ΓΈΡΟΝΤΑ/ΚΟΙΝΌΤΗΤΑ ΓΑΛΗΨΟΎ/ΚΟΙΝΌΤΗΤΑ ΓΕΩΡΓΙΑΝΉΣ/ΚΟΙΝΌΤΗΤΑ ΓΡΑΒΟΎΝΗΣ/ΚΟΙΝΌΤΗΤΑ ΔΙΑΛΕΚΤΟΎ/ΚΟΙΝΌΤΗΤΑ ΔΙΠΟΤΆΜΟΥ/ΚΟΙΝΌΤΗΤΑ ΔΥΣΒΆΤΟΥ/ΚΟΙΝΌΤΗΤΑ ΔΩΜΑΤΊΩΝ/ΚΟΙΝΌΤΗΤΑ ΕΛΑΙΟΧΩΡΊΟΥ/ΚΟΙΝΌΤΗΤΑ ΕΛΑΦΟΧΩΡΊΟΥ/ΚΟΙΝΌΤΗΤΑ ΕΛΕΥΘΕΡΏΝ/ΚΟΙΝΌΤΗΤΑ ΕΛΕΥΘΕΡΟΎΠΟΛΗΣ/ΚΟΙΝΌΤΗΤΑ ΕΡΑΤΕΙΝΟΎ/ΚΟΙΝΌΤΗΤΑ ΖΑΡΚΑΔΙΆΣ/ΚΟΙΝΌΤΗΤΑ ΖΥΓΟΎ/ΚΟΙΝΌΤΗΤΑ ΘΆΣΟΥ/ΚΟΙΝΌΤΗΤΑ ΘΕΟΛΌΓΟΥ/ΚΟΙΝΌΤΗΤΑ ΚΑΒΆΛΑΣ/ΚΟΙΝΌΤΗΤΑ ΚΑΛΛΙΡΆΧΗΣ/ΚΟΙΝΌΤΗΤΑ ΚΑΡΙΑΝΉΣ/ΚΟΙΝΌΤΗΤΑ ΚΕΡΑΜΩΤΉΣ/ΚΟΙΝΌΤΗΤΑ ΚΕΧΡΟΚΆΜΠΟΥ/ΚΟΙΝΌΤΗΤΑ ΚΗΠΊΩΝ/ΚΟΙΝΌΤΗΤΑ ΚΟΚΚΙΝΟΧΏΜΑΤΟΣ/ΚΟΙΝΌΤΗΤΑ ΚΟΡΥΦΏΝ/ΚΟΙΝΌΤΗΤΑ ΚΡΗΝΊΔΩΝ/ΚΟΙΝΌΤΗΤΑ ΚΡΥΟΝΕΡΊΟΥ/ΚΟΙΝΌΤΗΤΑ ΛΕΚΆΝΗΣ/ΚΟΙΝΌΤΗΤΑ ΛΙΜΕΝΑΡΊΩΝ/ΚΟΙΝΌΤΗΤΑ ΛΙΜΝΙΏΝ/ΚΟΙΝΌΤΗΤΑ ΛΥΔΊΑΣ/ΚΟΙΝΌΤΗΤΑ ΜΑΚΡΥΧΩΡΊΟΥ/ΚΟΙΝΌΤΗΤΑ ΜΑΡΙΏΝ/ΚΟΙΝΌΤΗΤΑ ΜΕΛΙΣΣΟΚΟΜΕΊΟΥ/ΚΟΙΝΌΤΗΤΑ ΜΕΣΙΆΣ/ΚΟΙΝΌΤΗΤΑ ΜΕΣΟΡΌΠΗΣ/ΚΟΙΝΌΤΗΤΑ ΜΟΥΣΘΈΝΗΣ/ΚΟΙΝΌΤΗΤΑ ΜΥΡΤΟΦΎΤΟΥ/ΚΟΙΝΌΤΗΤΑ ΝΈΑΣ ΗΡΑΚΛΊΤΣΗΣ/ΚΟΙΝΌΤΗΤΑ ΝΈΑΣ ΚΑΡΒΆΛΗΣ/ΚΟΙΝΌΤΗΤΑ ΝΈΑΣ ΚΑΡΥΆΣ/ΚΟΙΝΌΤΗΤΑ ΝΈΑΣ ΠΕΡΆΜΟΥ/ΚΟΙΝΌΤΗΤΑ ΝΙΚΉΣΙΑΝΗΣ/ΚΟΙΝΌΤΗΤΑ ΞΕΡΙΆ/ΚΟΙΝΌΤΗΤΑ ΟΡΦΑΝΊΟΥ/ΚΟΙΝΌΤΗΤΑ ΟΦΡΥΝΊΟΥ/ΚΟΙΝΌΤΗΤΑ ΠΈΡΝΗΣ/ΚΟΙΝΌΤΗΤΑ ΠΑΛΑΙΆΣ ΚΑΒΆΛΑΣ/ΚΟΙΝΌΤΗΤΑ ΠΑΛΑΙΟΧΩΡΊΟΥ/ΚΟΙΝΌΤΗΤΑ ΠΑΝΑΓΊΑΣ/ΚΟΙΝΌΤΗΤΑ ΠΑΡΑΔΕΊΣΟΥ/ΚΟΙΝΌΤΗΤΑ ΠΕΤΡΟΠΗΓΉΣ/ΚΟΙΝΌΤΗΤΑ ΠΗΓΏΝ/ΚΟΙΝΌΤΗΤΑ ΠΛΑΤΑΜΏΝΟΣ/ΚΟΙΝΌΤΗΤΑ ΠΛΑΤΑΝΟΤΌΠΟΥ/ΚΟΙΝΌΤΗΤΑ ΠΟΔΟΧΩΡΊΟΥ/ΚΟΙΝΌΤΗΤΑ ΠΟΛΥΝΈΡΟΥ/ΚΟΙΝΌΤΗΤΑ ΠΟΛΥΣΤΎΛΟΥ/ΚΟΙΝΌΤΗΤΑ ΠΟΝΤΟΛΙΒΆΔΟΥ/ΚΟΙΝΌΤΗΤΑ ΠΟΤΑΜΙΆΣ/ΚΟΙΝΌΤΗΤΑ ΠΡΊΝΟΥ/ΚΟΙΝΌΤΗΤΑ ΡΑΧΩΝΊΟΥ/ΚΟΙΝΌΤΗΤΑ ΣΙΔΗΡΟΧΩΡΊΟΥ/ΚΟΙΝΌΤΗΤΑ ΣΩΤΉΡΟΣ/ΚΟΙΝΌΤΗΤΑ ΦΙΛΊΠΠΩΝ/ΚΟΙΝΌΤΗΤΑ ΦΩΛΕΆΣ/ΚΟΙΝΌΤΗΤΑ ΧΑΛΚΕΡΟΎ/ΚΟΙΝΌΤΗΤΑ ΧΡΥΣΟΎΠΟΛΗΣ/ΚΟΙΝΌΤΗΤΑ ΧΡΥΣΟΚΆΣΤΡΟΥ/ΚΟΙΝΌΤΗΤΑ ΧΡΥΣΟΧΩΡΊΟΥ,na,na,6/21/1996
GR_14,Καλαμάτα / Kalamata,GR,KORONEIKI/MASTOEIDIS,extra virgin olive oil,na,na,na,na,"0,5",14,"2,2",na,"0,2",na,https://ec.europa.eu/agriculture/eambrosia/geographical-indications-register/details/EUGI00000013017,ΚΟΙΝΌΤΗΤΑ ΆΜΜΟΥ/ΚΟΙΝΌΤΗΤΑ ΆΝΩ ΔΩΡΊΟΥ/ΚΟΙΝΌΤΗΤΑ ΆΝΩ ΜΕΛΠΕΊΑΣ/ΚΟΙΝΌΤΗΤΑ ΆΡΙΟΣ/ΚΟΙΝΌΤΗΤΑ ΑΒΊΑΣ/ΚΟΙΝΌΤΗΤΑ ΑΒΡΑΜΙΟΎ/ΚΟΙΝΌΤΗΤΑ ΑΓΊΟΥ ΝΊΚΩΝΟΣ/ΚΟΙΝΌΤΗΤΑ ΑΓΊΟΥ ΝΙΚΟΛΆΟΥ/ΚΟΙΝΌΤΗΤΑ ΑΓΊΟΥ ΣΏΣΤΟΥ/ΚΟΙΝΌΤΗΤΑ ΑΓΊΟΥ ΦΛΏΡΟΥ/ΚΟΙΝΌΤΗΤΑ ΑΓΑΛΙΑΝΉΣ/ΚΟΙΝΌΤΗΤΑ ΑΓΡΊΛΟΥ/ΚΟΙΝΌΤΗΤΑ ΑΓΡΙΛΙΆΣ ΜΕΣΣΉΝΗΣ/ΚΟΙΝΌΤΗΤΑ ΑΓΡΙΛΙΆΣ ΤΡΙΦΥΛΊΑΣ/ΚΟΙΝΌΤΗΤΑ ΑΓΡΙΛΟΒΟΎΝΟΥ/ΚΟΙΝΌΤΗΤΑ ΑΔΡΙΑΝΉΣ/ΚΟΙΝΌΤΗΤΑ ΑΕΤΟΎ/ΚΟΙΝΌΤΗΤΑ ΑΙΘΑΊΑΣ/ΚΟΙΝΌΤΗΤΑ ΑΚΡΙΤΟΧΩΡΊΟΥ/ΚΟΙΝΌΤΗΤΑ ΑΛΑΓΟΝΊΑΣ/ΚΟΙΝΌΤΗΤΑ ΑΛΤΟΜΙΡΏΝ/ΚΟΙΝΌΤΗΤΑ ΑΛΩΝΊΩΝ/ΚΟΙΝΌΤΗΤΑ ΑΜΠΕΛΙΏΝΑΣ/ΚΟΙΝΌΤΗΤΑ ΑΜΠΕΛΟΚΉΠΩΝ/ΚΟΙΝΌΤΗΤΑ ΑΜΠΕΛΟΦΎΤΟΥ/ΚΟΙΝΌΤΗΤΑ ΑΜΦΕΊΑΣ/ΚΟΙΝΌΤΗΤΑ ΑΜΦΙΘΈΑΣ/ΚΟΙΝΌΤΗΤΑ ΑΝΑΛΉΨΕΩΣ/ΚΟΙΝΌΤΗΤΑ ΑΝΔΑΝΊΑΣ/ΚΟΙΝΌΤΗΤΑ ΑΝΔΡΟΎΣΗΣ/ΚΟΙΝΌΤΗΤΑ ΑΝΕΜΟΜΎΛΟΥ/ΚΟΙΝΌΤΗΤΑ ΑΝΘΕΊΑΣ/ΚΟΙΝΌΤΗΤΑ ΑΝΘΟΎΣΗΣ/ΚΟΙΝΌΤΗΤΑ ΑΝΤΙΚΑΛΆΜΟΥ/ΚΟΙΝΌΤΗΤΑ ΑΡΙΟΧΩΡΊΟΥ/ΚΟΙΝΌΤΗΤΑ ΑΡΙΣΤΟΔΗΜΕΊΟΥ/ΚΟΙΝΌΤΗΤΑ ΑΡΙΣΤΟΜΈΝΟΥΣ/ΚΟΙΝΌΤΗΤΑ ΑΡΜΕΝΙΏΝ/ΚΟΙΝΌΤΗΤΑ ΑΡΣΙΝΌΗΣ/ΚΟΙΝΌΤΗΤΑ ΑΡΤΕΜΙΣΊΑΣ/ΚΟΙΝΌΤΗΤΑ ΑΡΤΙΚΊΟΥ/ΚΟΙΝΌΤΗΤΑ ΑΡΦΑΡΏΝ/ΚΟΙΝΌΤΗΤΑ ΑΡΧΑΊΑΣ ΜΕΣΣΉΝΗΣ/ΚΟΙΝΌΤΗΤΑ ΑΣΠΡΟΠΟΥΛΙΆΣ/ΚΟΙΝΌΤΗΤΑ ΑΣΠΡΟΧΏΜΑΤΟΣ/ΚΟΙΝΌΤΗΤΑ ΑΥΛΏΝΟΣ/ΚΟΙΝΌΤΗΤΑ ΑΧΛΑΔΟΧΩΡΊΟΥ/ΚΟΙΝΌΤΗΤΑ ΒΆΛΤΑΣ/ΚΟΙΝΌΤΗΤΑ ΒΈΡΓΑΣ/ΚΟΙΝΌΤΗΤΑ ΒΑΛΎΡΑΣ/ΚΟΙΝΌΤΗΤΑ ΒΑΝΆΔΑΣ/ΚΟΙΝΌΤΗΤΑ ΒΑΣΙΛΙΚΟΎ/ΚΟΙΝΌΤΗΤΑ ΒΑΣΙΛΙΤΣΊΟΥ/ΚΟΙΝΌΤΗΤΑ ΒΕΛΊΚΑΣ/ΚΟΙΝΌΤΗΤΑ ΒΕΛΑΝΙΔΙΆΣ/ΚΟΙΝΌΤΗΤΑ ΒΛΆΣΗ/ΚΟΙΝΌΤΗΤΑ ΒΛΑΧΟΠΟΎΛΟΥ/ΚΟΙΝΌΤΗΤΑ ΒΟΥΝΑΡΊΩΝ/ΚΟΙΝΌΤΗΤΑ ΒΟΥΤΑΊΝΗΣ/ΚΟΙΝΌΤΗΤΑ ΒΡΟΜΌΒΡΥΣΗΣ/ΚΟΙΝΌΤΗΤΑ ΒΡΥΣΏΝ/ΚΟΙΝΌΤΗΤΑ ΓΑΡΓΑΛΙΆΝΩΝ/ΚΟΙΝΌΤΗΤΑ ΓΛΥΚΟΡΡΙΖΊΟΥ/ΚΟΙΝΌΤΗΤΑ ΓΛΥΦΆΔΑΣ/ΚΟΙΝΌΤΗΤΑ ΔΆΡΑ/ΚΟΙΝΌΤΗΤΑ ΔΑΣΟΧΩΡΊΟΥ/ΚΟΙΝΌΤΗΤΑ ΔΕΣΎΛΛΑ/ΚΟΙΝΌΤΗΤΑ ΔΙΑΒΟΛΙΤΣΊΟΥ/ΚΟΙΝΌΤΗΤΑ ΔΙΟΔΊΩΝ/ΚΟΙΝΌΤΗΤΑ ΔΟΛΏΝ/ΚΟΙΝΌΤΗΤΑ ΔΡΑΪ́ΝΑΣ/ΚΟΙΝΌΤΗΤΑ ΔΡΟΣΙΆΣ/ΚΟΙΝΌΤΗΤΑ ΔΩΡΊΟΥ/ΚΟΙΝΌΤΗΤΑ ΕΎΑΣ/ΚΟΙΝΌΤΗΤΑ ΕΛΑΊΑΣ/ΚΟΙΝΌΤΗΤΑ ΕΛΑΙΟΧΩΡΊΟΥ/ΚΟΙΝΌΤΗΤΑ ΕΛΛΗΝΟΕΚΚΛΗΣΊΑΣ/ΚΟΙΝΌΤΗΤΑ ΕΞΟΧΙΚΟΎ/ΚΟΙΝΌΤΗΤΑ ΕΞΩΧΩΡΊΟΥ/ΚΟΙΝΌΤΗΤΑ ΕΥΑΓΓΕΛΙΣΜΟΎ/ΚΟΙΝΌΤΗΤΑ ΖΕΡΜΠΙΣΊΩΝ/ΚΟΙΝΌΤΗΤΑ ΖΕΥΓΟΛΑΤΕΊΟΥ/ΚΟΙΝΌΤΗΤΑ ΗΛΈΚΤΡΑΣ/ΚΟΙΝΌΤΗΤΑ ΘΑΛΑΜΏΝ/ΚΟΙΝΌΤΗΤΑ ΘΟΥΡΊΑΣ/ΚΟΙΝΌΤΗΤΑ ΙΚΛΑΊΝΗΣ/ΚΟΙΝΌΤΗΤΑ ΚΆΜΠΟΥ/ΚΟΙΝΌΤΗΤΑ ΚΆΤΩ ΜΕΛΠΕΊΑΣ/ΚΟΙΝΌΤΗΤΑ ΚΈΝΤΡΟΥ/ΚΟΙΝΌΤΗΤΑ ΚΌΚΛΑ/ΚΟΙΝΌΤΗΤΑ ΚΌΜΠΩΝ/ΚΟΙΝΌΤΗΤΑ ΚΑΙΝΟΎΡΓΙΟΥ ΧΩΡΊΟΥ/ΚΟΙΝΌΤΗΤΑ ΚΑΚΑΛΕΤΡΊΟΥ/ΚΟΙΝΌΤΗΤΑ ΚΑΛΑΜΆΤΑΣ/ΚΟΙΝΌΤΗΤΑ ΚΑΛΑΜΑΡΆ/ΚΟΙΝΌΤΗΤΑ ΚΑΛΙΤΣΑΊΝΗΣ/ΚΟΙΝΌΤΗΤΑ ΚΑΛΛΙΘΈΑΣ/ΚΟΙΝΌΤΗΤΑ ΚΑΛΛΙΡΡΌΗΣ/ΚΟΙΝΌΤΗΤΑ ΚΑΛΟΎ ΝΕΡΟΎ/ΚΟΙΝΌΤΗΤΑ ΚΑΛΟΓΕΡΌΡΡΑΧΗΣ/ΚΟΙΝΌΤΗΤΑ ΚΑΛΟΓΕΡΕΣΊΟΥ/ΚΟΙΝΌΤΗΤΑ ΚΑΛΟΧΩΡΊΟΥ/ΚΟΙΝΌΤΗΤΑ ΚΑΛΥΒΊΩΝ/ΚΟΙΝΌΤΗΤΑ ΚΑΜΑΡΊΟΥ/ΚΟΙΝΌΤΗΤΑ ΚΑΠΛΑΝΊΟΥ/ΚΟΙΝΌΤΗΤΑ ΚΑΡΒΕΛΊΟΥ/ΚΟΙΝΌΤΗΤΑ ΚΑΡΔΑΜΎΛΗΣ/ΚΟΙΝΌΤΗΤΑ ΚΑΡΝΑΣΊΟΥ/ΚΟΙΝΌΤΗΤΑ ΚΑΡΠΟΦΌΡΩΝ/ΚΟΙΝΌΤΗΤΑ ΚΑΡΤΕΡΟΛΊΟΥ/ΚΟΙΝΌΤΗΤΑ ΚΑΡΥΏΝ/ΚΟΙΝΌΤΗΤΑ ΚΑΡΥΟΒΟΥΝΊΟΥ/ΚΟΙΝΌΤΗΤΑ ΚΑΣΤΑΝΈΑΣ/ΚΟΙΝΌΤΗΤΑ ΚΑΣΤΑΝΊΩΝ/ΚΟΙΝΌΤΗΤΑ ΚΑΤΣΑΡΟΎ/ΚΟΙΝΌΤΗΤΑ ΚΕΝΤΡΙΚΟΎ/ΚΟΙΝΌΤΗΤΑ ΚΕΦΑΛΌΒΡΥΣΗΣ/ΚΟΙΝΌΤΗΤΑ ΚΕΦΑΛΙΝΟΎ/ΚΟΙΝΌΤΗΤΑ ΚΕΦΑΛΟΒΡΎΣΟΥ/ΚΟΙΝΌΤΗΤΑ ΚΛΉΜΑΤΟΣ/ΚΟΙΝΌΤΗΤΑ ΚΟΎΒΕΛΑ/ΚΟΙΝΌΤΗΤΑ ΚΟΚΚΊΝΟΥ/ΚΟΙΝΌΤΗΤΑ ΚΟΠΑΝΑΚΊΟΥ/ΚΟΙΝΌΤΗΤΑ ΚΟΡΏΝΗΣ/ΚΟΙΝΌΤΗΤΑ ΚΟΡΟΜΗΛΈΑΣ/ΚΟΙΝΌΤΗΤΑ ΚΟΡΥΦΑΣΊΟΥ/ΚΟΙΝΌΤΗΤΑ ΚΟΥΚΚΟΥΝΆΡΑΣ/ΚΟΙΝΌΤΗΤΑ ΚΟΥΡΤΑΚΊΟΥ/ΚΟΙΝΌΤΗΤΑ ΚΟΥΤΊΦΑΡΗ/ΚΟΙΝΌΤΗΤΑ ΚΡΕΜΜΥΔΊΩΝ/ΚΟΙΝΌΤΗΤΑ ΚΡΥΟΝΕΡΊΟΥ/ΚΟΙΝΌΤΗΤΑ ΚΥΝΗΓΟΎ/ΚΟΙΝΌΤΗΤΑ ΚΥΠΑΡΙΣΣΊΑΣ/ΚΟΙΝΌΤΗΤΑ ΚΩΝΣΤΑΝΤΊΝΩΝ/ΚΟΙΝΌΤΗΤΑ ΛΑΓΚΆΔΑΣ/ΚΟΙΝΌΤΗΤΑ ΛΑΔΆ/ΚΟΙΝΌΤΗΤΑ ΛΑΙΊΚΩΝ/ΚΟΙΝΌΤΗΤΑ ΛΑΜΠΑΊΝΗΣ/ΚΟΙΝΌΤΗΤΑ ΛΑΝΤΖΟΥΝΆΤΟΥ/ΚΟΙΝΌΤΗΤΑ ΛΑΧΑΝΆΔΑΣ/ΚΟΙΝΌΤΗΤΑ ΛΕΎΚΗΣ/ΚΟΙΝΌΤΗΤΑ ΛΕΥΚΟΧΏΡΑΣ/ΚΟΙΝΌΤΗΤΑ ΛΟΓΓΆΣ/ΚΟΙΝΌΤΗΤΑ ΛΟΥΤΡΟΎ/ΚΟΙΝΌΤΗΤΑ ΛΥΚΊΣΣΗΣ/ΚΟΙΝΌΤΗΤΑ ΛΥΚΟΤΡΆΦΟΥ/ΚΟΙΝΌΤΗΤΑ ΛΥΚΟΥΔΕΣΊΟΥ/ΚΟΙΝΌΤΗΤΑ ΜΆΛΗΣ/ΚΟΙΝΌΤΗΤΑ ΜΆΛΘΗΣ/ΚΟΙΝΌΤΗΤΑ ΜΆΛΤΑΣ/ΚΟΙΝΌΤΗΤΑ ΜΆΝΔΡΑΣ/ΚΟΙΝΌΤΗΤΑ ΜΆΝΕΣΗ/ΚΟΙΝΌΤΗΤΑ ΜΊΛΑ/ΚΟΙΝΌΤΗΤΑ ΜΎΡΟΥ/ΚΟΙΝΌΤΗΤΑ ΜΑΓΓΑΝΙΑΚΟΎ/ΚΟΙΝΌΤΗΤΑ ΜΑΓΟΎΛΑΣ/ΚΟΙΝΌΤΗΤΑ ΜΑΔΈΝΗΣ/ΚΟΙΝΌΤΗΤΑ ΜΑΘΊΑΣ/ΚΟΙΝΌΤΗΤΑ ΜΑΝΙΑΚΊΟΥ/ΚΟΙΝΌΤΗΤΑ ΜΑΝΤΖΑΡΊΟΥ/ΚΟΙΝΌΤΗΤΑ ΜΑΡΑΘΟΠΌΛΕΩΣ/ΚΟΙΝΌΤΗΤΑ ΜΑΡΓΕΛΊΟΥ/ΚΟΙΝΌΤΗΤΑ ΜΑΥΡΟΜΜΑΤΊΟΥ ΠΑΜΊΣΟΥ/ΚΟΙΝΌΤΗΤΑ ΜΕΘΏΝΗΣ/ΚΟΙΝΌΤΗΤΑ ΜΕΛΙΓΑΛΆ/ΚΟΙΝΌΤΗΤΑ ΜΕΡΌΠΗΣ/ΚΟΙΝΌΤΗΤΑ ΜΕΣΟΠΟΤΆΜΟΥ/ΚΟΙΝΌΤΗΤΑ ΜΕΣΟΧΩΡΊΟΥ/ΚΟΙΝΌΤΗΤΑ ΜΕΣΣΉΝΗΣ/ΚΟΙΝΌΤΗΤΑ ΜΕΤΑΜΟΡΦΏΣΕΩΣ/ΚΟΙΝΌΤΗΤΑ ΜΕΤΑΞΆΔΑΣ/ΚΟΙΝΌΤΗΤΑ ΜΗΛΈΑΣ/ΚΟΙΝΌΤΗΤΑ ΜΗΛΊΤΣΗΣ/ΚΟΙΝΌΤΗΤΑ ΜΗΛΙΩΤΊΟΥ/ΚΟΙΝΌΤΗΤΑ ΜΙΚΡΆΣ ΜΑΝΤΙΝΕΊΑΣ/ΚΟΙΝΌΤΗΤΑ ΜΙΚΡΟΜΆΝΗΣ/ΚΟΙΝΌΤΗΤΑ ΜΟΝΑΣΤΗΡΊΟΥ/ΚΟΙΝΌΤΗΤΑ ΜΟΥΖΑΚΊΟΥ/ΚΟΙΝΌΤΗΤΑ ΜΟΥΡΙΑΤΆΔΑΣ/ΚΟΙΝΌΤΗΤΑ ΜΥΡΣΙΝΟΧΩΡΊΟΥ/ΚΟΙΝΌΤΗΤΑ ΝΈΑΣ ΚΟΡΏΝΗΣ/ΚΟΙΝΌΤΗΤΑ ΝΈΔΑΣ/ΚΟΙΝΌΤΗΤΑ ΝΕΔΟΎΣΗΣ/ΚΟΙΝΌΤΗΤΑ ΝΕΟΧΩΡΊΟΥ/ΚΟΙΝΌΤΗΤΑ ΝΕΟΧΩΡΊΟΥ ΑΡΙΣΤΟΜΈΝΟΥΣ/ΚΟΙΝΌΤΗΤΑ ΝΕΟΧΩΡΊΟΥ ΙΘΏΜΗΣ/ΚΟΙΝΌΤΗΤΑ ΝΕΡΟΜΎΛΟΥ/ΚΟΙΝΌΤΗΤΑ ΝΟΜΙΤΣΉ/ΚΟΙΝΌΤΗΤΑ ΞΗΡΟΚΆΜΠΟΥ/ΚΟΙΝΌΤΗΤΑ ΟΙΧΑΛΊΑΣ/ΚΟΙΝΌΤΗΤΑ ΠΈΤΡΑΣ/ΚΟΙΝΌΤΗΤΑ ΠΎΛΑΣ/ΚΟΙΝΌΤΗΤΑ ΠΎΡΓΟΥ ΚΑΛΑΜΏΝ/ΚΟΙΝΌΤΗΤΑ ΠΎΡΓΟΥ ΤΡΙΦΥΛΊΑΣ/ΚΟΙΝΌΤΗΤΑ ΠΑΛΑΙΟΎ ΛΟΥΤΡΟΎ/ΚΟΙΝΌΤΗΤΑ ΠΑΛΑΙΟΚΆΣΤΡΟΥ/ΚΟΙΝΌΤΗΤΑ ΠΑΝΙΠΕΡΊΟΥ/ΚΟΙΝΌΤΗΤΑ ΠΑΠΑΦΛΈΣΣΑ/ΚΟΙΝΌΤΗΤΑ ΠΑΠΠΟΥΛΊΩΝ/ΚΟΙΝΌΤΗΤΑ ΠΑΡΑΠΟΥΓΚΊΟΥ/ΚΟΙΝΌΤΗΤΑ ΠΕΎΚΟΥ/ΚΟΙΝΌΤΗΤΑ ΠΕΛΕΚΑΝΆΔΑΣ/ΚΟΙΝΌΤΗΤΑ ΠΕΡΔΙΚΟΝΕΡΊΟΥ/ΚΟΙΝΌΤΗΤΑ ΠΕΤΑΛΙΔΊΟΥ/ΚΟΙΝΌΤΗΤΑ ΠΕΤΡΙΤΣΊΟΥ/ΚΟΙΝΌΤΗΤΑ ΠΗΓΏΝ/ΚΟΙΝΌΤΗΤΑ ΠΗΓΑΔΊΩΝ/ΚΟΙΝΌΤΗΤΑ ΠΗΔΆΣΟΥ/ΚΟΙΝΌΤΗΤΑ ΠΗΔΉΜΑΤΟΣ/ΚΟΙΝΌΤΗΤΑ ΠΙΛΑΛΊΣΤΡΑΣ/ΚΟΙΝΌΤΗΤΑ ΠΙΠΕΡΊΤΣΗΣ/ΚΟΙΝΌΤΗΤΑ ΠΛΆΤΗΣ/ΚΟΙΝΌΤΗΤΑ ΠΛΆΤΣΗΣ/ΚΟΙΝΌΤΗΤΑ ΠΛΑΤΈΟΣ/ΚΟΙΝΌΤΗΤΑ ΠΛΑΤΑΝΊΩΝ/ΚΟΙΝΌΤΗΤΑ ΠΛΑΤΑΝΌΒΡΥΣΗΣ/ΚΟΙΝΌΤΗΤΑ ΠΟΛΊΧΝΗΣ/ΚΟΙΝΌΤΗΤΑ ΠΟΛΙΑΝΉΣ/ΚΟΙΝΌΤΗΤΑ ΠΟΛΥΘΈΑΣ/ΚΟΙΝΌΤΗΤΑ ΠΟΛΥΛΌΦΟΥ/ΚΟΙΝΌΤΗΤΑ ΠΟΥΛΙΤΣΊΟΥ/ΚΟΙΝΌΤΗΤΑ ΠΡΟΑΣΤΊΟΥ/ΚΟΙΝΌΤΗΤΑ ΠΡΟΔΡΌΜΟΥ/ΚΟΙΝΌΤΗΤΑ ΠΡΟΣΗΛΊΟΥ/ΚΟΙΝΌΤΗΤΑ ΡΑΠΤΟΠΟΎΛΟΥ/ΚΟΙΝΌΤΗΤΑ ΡΑΧΏΝ/ΚΟΙΝΌΤΗΤΑ ΡΕΥΜΑΤΙΆΣ/ΚΟΙΝΌΤΗΤΑ ΡΙΓΚΛΊΩΝ/ΚΟΙΝΌΤΗΤΑ ΡΟΔΙΆΣ/ΚΟΙΝΌΤΗΤΑ ΡΩΜΑΝΟΎ/ΚΟΙΝΌΤΗΤΑ ΣΑΪΔΌΝΑΣ/ΚΟΙΝΌΤΗΤΑ ΣΕΛΛΆ/ΚΟΙΝΌΤΗΤΑ ΣΙΆΜΟΥ/ΚΟΙΝΌΤΗΤΑ ΣΙΔΗΡΟΚΆΣΤΡΟΥ/ΚΟΙΝΌΤΗΤΑ ΣΙΤΟΧΩΡΊΟΥ/ΚΟΙΝΌΤΗΤΑ ΣΚΆΛΑΣ/ΚΟΙΝΌΤΗΤΑ ΣΚΛΗΡΟΎ/ΚΟΙΝΌΤΗΤΑ ΣΟΛΑΚΊΟΥ/ΚΟΙΝΌΤΗΤΑ ΣΟΥΛΗΝΑΡΊΟΥ/ΚΟΙΝΌΤΗΤΑ ΣΠΕΡΧΟΓΕΊΑΣ/ΚΟΙΝΌΤΗΤΑ ΣΠΗΛΙΆΣ/ΚΟΙΝΌΤΗΤΑ ΣΠΙΤΑΛΊΟΥ/ΚΟΙΝΌΤΗΤΑ ΣΤΈΡΝΑΣ/ΚΟΙΝΌΤΗΤΑ ΣΤΑΜΑΤΙΝΟΎ/ΚΟΙΝΌΤΗΤΑ ΣΤΑΣΊΜΟΥ/ΚΟΙΝΌΤΗΤΑ ΣΤΑΣΙΟΎ/ΚΟΙΝΌΤΗΤΑ ΣΤΑΥΡΟΠΗΓΊΟΥ/ΚΟΙΝΌΤΗΤΑ ΣΤΕΝΥΚΛΆΡΟΥ/ΚΟΙΝΌΤΗΤΑ ΣΤΡΕΦΊΟΥ/ΚΟΙΝΌΤΗΤΑ ΣΥΡΡΊΖΟΥ/ΚΟΙΝΌΤΗΤΑ ΣΩΤΗΡΙΑΝΊΚΩΝ/ΚΟΙΝΌΤΗΤΑ ΤΡΑΧΉΛΑΣ/ΚΟΙΝΌΤΗΤΑ ΤΡΙΌΔΟΥ/ΚΟΙΝΌΤΗΤΑ ΤΡΙΚΌΡΦΟΥ/ΚΟΙΝΌΤΗΤΑ ΤΡΙΠΎΛΑΣ/ΚΟΙΝΌΤΗΤΑ ΤΣΕΡΊΩΝ/ΚΟΙΝΌΤΗΤΑ ΤΣΟΥΚΑΛΑΙΊΚΩΝ/ΚΟΙΝΌΤΗΤΑ ΥΑΜΕΊΑΣ/ΚΟΙΝΌΤΗΤΑ ΦΊΛΙΑ/ΚΟΙΝΌΤΗΤΑ ΦΑΛΆΝΘΗΣ/ΚΟΙΝΌΤΗΤΑ ΦΑΡΑΚΛΆΔΑΣ/ΚΟΙΝΌΤΗΤΑ ΦΙΛΙΑΤΡΏΝ/ΚΟΙΝΌΤΗΤΑ ΦΛΌΚΑΣ/ΚΟΙΝΌΤΗΤΑ ΦΛΕΣΙΆΔΟΣ/ΚΟΙΝΌΤΗΤΑ ΦΟΙΝΊΚΗΣ/ΚΟΙΝΌΤΗΤΑ ΧΏΡΑΣ/ΚΟΙΝΌΤΗΤΑ ΧΑΛΑΖΟΝΊΟΥ/ΚΟΙΝΌΤΗΤΑ ΧΑΛΚΙΆ/ΚΟΙΝΌΤΗΤΑ ΧΑΝΔΡΙΝΟΎ/ΚΟΙΝΌΤΗΤΑ ΧΑΡΑΚΟΠΊΟΥ/ΚΟΙΝΌΤΗΤΑ ΧΑΡΑΥΓΉΣ/ΚΟΙΝΌΤΗΤΑ ΧΑΤΖΉ/ΚΟΙΝΌΤΗΤΑ ΧΡΆΝΩΝ/ΚΟΙΝΌΤΗΤΑ ΧΡΙΣΤΙΑΝΟΥΠΌΛΕΩΣ/ΚΟΙΝΌΤΗΤΑ ΧΡΥΣΟΚΕΛΛΑΡΙΆΣ/ΚΟΙΝΌΤΗΤΑ ΧΡΥΣΟΧΩΡΊΟΥ/ΚΟΙΝΌΤΗΤΑ ΧΩΜΑΤΆΔΑΣ/ΚΟΙΝΌΤΗΤΑ ΨΑΡΊΟΥ,na,6/26/2012,6/13/1997
GR_15,Κεφαλονιά / Kefalonia,GR,AGOUROMANAKO/KORONEIKI/VENETSIANIKI LADOLIA,virgin olive oil,na,na,na,na,na,na,na,na,na,na,https://ec.europa.eu/agriculture/eambrosia/geographical-indications-register/details/EUGI00000013165,ΚΟΙΝΌΤΗΤΑ ΆΣΟΥ/ΚΟΙΝΌΤΗΤΑ ΑΓΊΑΣ ΕΙΡΉΝΗΣ/ΚΟΙΝΌΤΗΤΑ ΑΓΊΑΣ ΕΥΦΗΜΊΑΣ/ΚΟΙΝΌΤΗΤΑ ΑΓΊΑΣ ΘΈΚΛΗΣ/ΚΟΙΝΌΤΗΤΑ ΑΓΊΟΥ ΝΙΚΟΛΆΟΥ/ΚΟΙΝΌΤΗΤΑ ΑΓΚΏΝΟΣ/ΚΟΙΝΌΤΗΤΑ ΑΘΈΡΟΣ/ΚΟΙΝΌΤΗΤΑ ΑΝΤΙΠΆΤΩΝ ΕΡΊΣΟΥ/ΚΟΙΝΌΤΗΤΑ ΑΝΩΓΉΣ/ΚΟΙΝΌΤΗΤΑ ΑΡΓΙΝΊΩΝ/ΚΟΙΝΌΤΗΤΑ ΑΡΓΟΣΤΟΛΊΟΥ/ΚΟΙΝΌΤΗΤΑ ΒΑΛΕΡΙΆΝΟΥ/ΚΟΙΝΌΤΗΤΑ ΒΑΡΈΟΣ/ΚΟΙΝΌΤΗΤΑ ΒΑΣΙΛΙΚΙΆΔΩΝ/ΚΟΙΝΌΤΗΤΑ ΒΛΑΧΆΤΩΝ ΕΙΚΟΣΙΜΊΑΣ/ΚΟΙΝΌΤΗΤΑ ΓΡΙΖΆΤΩΝ/ΚΟΙΝΌΤΗΤΑ ΔΑΜΟΥΛΙΑΝΆΤΩΝ/ΚΟΙΝΌΤΗΤΑ ΔΑΥΓΆΤΩΝ/ΚΟΙΝΌΤΗΤΑ ΔΙΒΑΡΆΤΩΝ/ΚΟΙΝΌΤΗΤΑ ΔΙΛΙΝΆΤΩΝ/ΚΟΙΝΌΤΗΤΑ ΕΞΩΓΉΣ/ΚΟΙΝΌΤΗΤΑ ΖΌΛΩΝ/ΚΟΙΝΌΤΗΤΑ ΘΗΝΑΊΑΣ/ΚΟΙΝΌΤΗΤΑ ΙΘΆΚΗΣ/ΚΟΙΝΌΤΗΤΑ ΚΑΜΙΝΑΡΆΤΩΝ/ΚΟΙΝΌΤΗΤΑ ΚΑΡΑΒΆΔΟΥ/ΚΟΙΝΌΤΗΤΑ ΚΑΡΑΒΟΜΎΛΟΥ/ΚΟΙΝΌΤΗΤΑ ΚΑΡΥΆΣ/ΚΟΙΝΌΤΗΤΑ ΚΑΤΩΓΉΣ/ΚΟΙΝΌΤΗΤΑ ΚΕΡΑΜΕΙΏΝ/ΚΟΙΝΌΤΗΤΑ ΚΙΟΝΊΟΥ/ΚΟΙΝΌΤΗΤΑ ΚΟΘΡΈΑ/ΚΟΙΝΌΤΗΤΑ ΚΟΜΙΤΆΤΩΝ/ΚΟΙΝΌΤΗΤΑ ΚΟΝΤΟΓΕΝΆΔΑΣ/ΚΟΙΝΌΤΗΤΑ ΚΟΥΒΑΛΆΤΩΝ/ΚΟΙΝΌΤΗΤΑ ΚΟΥΡΟΥΚΛΆΤΩΝ/ΚΟΙΝΌΤΗΤΑ ΛΑΚΉΘΡΑΣ/ΚΟΙΝΌΤΗΤΑ ΛΕΎΚΗΣ/ΚΟΙΝΌΤΗΤΑ ΛΗΞΟΥΡΊΟΥ/ΚΟΙΝΌΤΗΤΑ ΛΟΥΡΔΆΤΩΝ/ΚΟΙΝΌΤΗΤΑ ΜΑΚΡΥΩΤΊΚΩΝ/ΚΟΙΝΌΤΗΤΑ ΜΑΡΚΟΠΟΎΛΟΥ/ΚΟΙΝΌΤΗΤΑ ΜΑΥΡΆΤΩΝ/ΚΟΙΝΌΤΗΤΑ ΜΕΣΟΒΟΥΝΊΩΝ/ΚΟΙΝΌΤΗΤΑ ΜΕΤΑΞΆΤΩΝ/ΚΟΙΝΌΤΗΤΑ ΜΟΝΟΠΟΛΆΤΩΝ/ΚΟΙΝΌΤΗΤΑ ΜΟΥΣΆΤΩΝ/ΚΟΙΝΌΤΗΤΑ ΝΕΟΧΩΡΊΟΥ/ΚΟΙΝΌΤΗΤΑ ΝΥΦΊΟΥ/ΚΟΙΝΌΤΗΤΑ ΞΕΝΟΠΟΎΛΟΥ/ΚΟΙΝΌΤΗΤΑ ΟΜΑΛΏΝ/ΚΟΙΝΌΤΗΤΑ ΠΆΣΤΡΑΣ/ΚΟΙΝΌΤΗΤΑ ΠΌΡΟΥ/ΚΟΙΝΌΤΗΤΑ ΠΑΤΡΙΚΆΤΩΝ/ΚΟΙΝΌΤΗΤΑ ΠΕΡΑΤΆΤΩΝ/ΚΟΙΝΌΤΗΤΑ ΠΕΡΑΧΩΡΊΟΥ/ΚΟΙΝΌΤΗΤΑ ΠΕΣΆΔΑΣ/ΚΟΙΝΌΤΗΤΑ ΠΛΑΓΙΆΣ/ΚΟΙΝΌΤΗΤΑ ΠΛΑΤΡΕΙΘΙΆ/ΚΟΙΝΌΤΗΤΑ ΠΟΥΛΆΤΩΝ/ΚΟΙΝΌΤΗΤΑ ΠΥΡΓΊΟΥ/ΚΟΙΝΌΤΗΤΑ ΡΙΦΊΟΥ/ΚΟΙΝΌΤΗΤΑ ΣΆΜΗΣ/ΚΟΙΝΌΤΗΤΑ ΣΒΟΡΩΝΆΤΩΝ/ΚΟΙΝΌΤΗΤΑ ΣΚΆΛΑΣ/ΚΟΙΝΌΤΗΤΑ ΣΚΙΝΈΩΣ/ΚΟΙΝΌΤΗΤΑ ΣΟΥΛΛΆΡΩΝ/ΚΟΙΝΌΤΗΤΑ ΣΠΑΡΤΙΏΝ/ΚΟΙΝΌΤΗΤΑ ΣΤΑΥΡΟΎ/ΚΟΙΝΌΤΗΤΑ ΤΟΥΛΙΆΤΩΝ/ΚΟΙΝΌΤΗΤΑ ΤΡΩΙΑΝΆΤΩΝ/ΚΟΙΝΌΤΗΤΑ ΦΆΡΣΩΝ/ΚΟΙΝΌΤΗΤΑ ΦΑΒΑΤΆΤΩΝ/ΚΟΙΝΌΤΗΤΑ ΦΑΡΑΚΛΆΤΩΝ/ΚΟΙΝΌΤΗΤΑ ΦΙΣΚΆΡΔΟΥ/ΚΟΙΝΌΤΗΤΑ ΧΑΒΔΆΤΩΝ/ΚΟΙΝΌΤΗΤΑ ΧΑΒΡΙΆΤΩΝ/ΚΟΙΝΌΤΗΤΑ ΧΑΛΙΩΤΆΤΩΝ/ΚΟΙΝΌΤΗΤΑ ΧΙΟΝΆΤΩΝ,na,na,6/21/1996
GR_16,Κολυμβάρι Χανίων Κρήτης / Kolymvari Chanion Kritis,GR,KORONEIKI/TSOUNATI (MASTOEDIS),extra virgin olive oil,na,allowed,na,20,"0,5",na,na,na,na,na,https://ec.europa.eu/agriculture/eambrosia/geographical-indications-register/details/EUGI00000013024,ΚΟΙΝΌΤΗΤΑ ΑΝΏΣΚΕΛΗΣ/ΚΟΙΝΌΤΗΤΑ ΑΦΡΆΤΩΝ/ΚΟΙΝΌΤΗΤΑ ΒΑΣΙΛΟΠΟΎΛΟΥ/ΚΟΙΝΌΤΗΤΑ ΒΟΥΒΏΝ/ΚΟΙΝΌΤΗΤΑ ΒΟΥΚΟΛΙΏΝ/ΚΟΙΝΌΤΗΤΑ ΓΛΏΣΣΗΣ/ΚΟΙΝΌΤΗΤΑ ΔΕΛΙΑΝΏΝ/ΚΟΙΝΌΤΗΤΑ ΔΡΑΚΌΝΑΣ/ΚΟΙΝΌΤΗΤΑ ΕΠΙΣΚΟΠΉΣ/ΚΟΙΝΌΤΗΤΑ ΖΥΜΠΡΑΓΟΎ/ΚΟΙΝΌΤΗΤΑ ΚΑΚΟΠΈΤΡΟΥ/ΚΟΙΝΌΤΗΤΑ ΚΑΛΥΔΟΝΊΑΣ/ΚΟΙΝΌΤΗΤΑ ΚΑΜΙΣΙΑΝΏΝ/ΚΟΙΝΌΤΗΤΑ ΚΑΡΏΝ ΚΙΣΣΆΜΟΥ/ΚΟΙΝΌΤΗΤΑ ΚΟΛΥΜΒΑΡΊΟΥ/ΚΟΙΝΌΤΗΤΑ ΜΑΛΑΘΎΡΟΥ/ΚΟΙΝΌΤΗΤΑ ΝΟΧΙΏΝ/ΚΟΙΝΌΤΗΤΑ ΠΑΛΑΙΏΝ ΡΟΥΜΆΤΩΝ/ΚΟΙΝΌΤΗΤΑ ΠΑΝΕΘΉΜΟΥ/ΚΟΙΝΌΤΗΤΑ ΠΟΛΕΜΑΡΧΊΟΥ/ΚΟΙΝΌΤΗΤΑ ΡΑΒΔΟΎΧΑΣ/ΚΟΙΝΌΤΗΤΑ ΡΟΔΩΠΟΎ/ΚΟΙΝΌΤΗΤΑ ΣΑΣΆΛΟΥ/ΚΟΙΝΌΤΗΤΑ ΣΠΗΛΙΆΣ/ΚΟΙΝΌΤΗΤΑ ΤΑΥΡΩΝΊΤΟΥ/ΚΟΙΝΌΤΗΤΑ ΧΡΥΣΑΥΓΉΣ,na,na,6/13/1997
GR_17,Κρανίδι Αργολίδας / Kranidi Argolidas,GR,KORONEIKI/MANAKI,extra virgin olive oil,na,allowed,na,20-30,na,na,na,na,na,na,https://ec.europa.eu/agriculture/eambrosia/geographical-indications-register/details/EUGI00000013169,ΚΟΙΝΌΤΗΤΑ ΔΙΔΎΜΩΝ/ΚΟΙΝΌΤΗΤΑ ΕΡΜΙΌΝΗΣ/ΚΟΙΝΌΤΗΤΑ ΗΛΙΟΚΆΣΤΡΟΥ/ΚΟΙΝΌΤΗΤΑ ΘΕΡΜΗΣΊΑΣ/ΚΟΙΝΌΤΗΤΑ ΚΟΙΛΆΔΟΣ/ΚΟΙΝΌΤΗΤΑ ΚΡΑΝΙΔΊΟΥ/ΚΟΙΝΌΤΗΤΑ ΠΟΡΤΟΧΕΛΊΟΥ/ΚΟΙΝΌΤΗΤΑ ΦΟΎΡΝΩΝ,na,na,6/21/1996
GR_18,Κριτσά / Kritsa,GR,KORONEIKI,extra virgin olive oil,na,na,na,na,"0,5",na,"1,9",na,"0,15",0,https://ec.europa.eu/agriculture/eambrosia/geographical-indications-register/details/EUGI00000016976,ΚΟΙΝΌΤΗΤΑ ΈΞΩ ΛΑΚΚΩΝΊΩΝ/ΚΟΙΝΌΤΗΤΑ ΚΡΙΤΣΆΣ/ΚΟΙΝΌΤΗΤΑ ΚΡΟΎΣΤΑ/ΚΟΙΝΌΤΗΤΑ ΜΈΣΑ ΛΑΚΚΩΝΊΩΝ,7/6/2017,8/13/2019,12/23/2019
GR_19,Κροκεές Λακωνίας / Krokees Lakonias,GR,ATHINOLIA/MIRTOLIA,extra virgin olive oil,na,allowed,na,20-22 (MIRTOLIA),"0,4",na,na,na,na,na,https://ec.europa.eu/agriculture/eambrosia/geographical-indications-register/details/EUGI00000013170,ΚΟΙΝΌΤΗΤΑ ΒΑΣΙΛΑΚΊΟΥ/ΚΟΙΝΌΤΗΤΑ ΔΑΦΝΊΟΥ/ΚΟΙΝΌΤΗΤΑ ΚΡΟΚΕΏΝ/ΚΟΙΝΌΤΗΤΑ ΛΆΓΙΟΥ,na,na,6/21/1996
GR_20,Λακωνία / Lakonia,GR,ASPROLIA/ATHINOLIA/KORONEIKI/KOUTSOURELIA,virgin olive oil,na,na,na,17-30,na,na,na,na,na,na,https://ec.europa.eu/agriculture/eambrosia/geographical-indications-register/details/EUGI00000013261,ΚΟΙΝΌΤΗΤΑ ΆΝΩ ΚΑΣΤΑΝΈΑΣ/ΚΟΙΝΌΤΗΤΑ ΆΝΩ ΜΠΟΥΛΑΡΙΏΝ/ΚΟΙΝΌΤΗΤΑ ΆΡΝΗΣ/ΚΟΙΝΌΤΗΤΑ ΈΛΟΥΣ/ΚΟΙΝΌΤΗΤΑ ΈΞΩ ΝΥΜΦΊΟΥ/ΚΟΙΝΌΤΗΤΑ ΑΓΊΑΣ ΕΙΡΉΝΗΣ/ΚΟΙΝΌΤΗΤΑ ΑΓΊΟΥ ΒΑΣΙΛΕΊΟΥ/ΚΟΙΝΌΤΗΤΑ ΑΓΊΟΥ ΓΕΩΡΓΊΟΥ/ΚΟΙΝΌΤΗΤΑ ΑΓΊΟΥ ΔΗΜΗΤΡΊΟΥ ΖΆΡΑΚΟΣ/ΚΟΙΝΌΤΗΤΑ ΑΓΊΟΥ ΔΗΜΗΤΡΊΟΥ ΜΟΝΕΜΒΑΣΊΑΣ/ΚΟΙΝΌΤΗΤΑ ΑΓΊΟΥ ΙΩΆΝΝΗ/ΚΟΙΝΌΤΗΤΑ ΑΓΊΟΥ ΙΩΆΝΝΟΥ ΕΠΙΔΑΎΡΟΥ ΛΙΜΉΡΑΣ/ΚΟΙΝΌΤΗΤΑ ΑΓΊΟΥ ΙΩΆΝΝΟΥ ΛΑΚΕΔΑΊΜΟΝΟΣ/ΚΟΙΝΌΤΗΤΑ ΑΓΊΟΥ ΚΩΝΣΤΑΝΤΊΝΟΥ/ΚΟΙΝΌΤΗΤΑ ΑΓΊΟΥ ΝΙΚΟΛΆΟΥ/ΚΟΙΝΌΤΗΤΑ ΑΓΊΟΥ ΝΙΚΟΛΆΟΥ ΒΟΙΏΝ/ΚΟΙΝΌΤΗΤΑ ΑΓΊΟΥ ΝΙΚΟΛΆΟΥ ΜΟΝΕΜΒΑΣΊΑΣ/ΚΟΙΝΌΤΗΤΑ ΑΓΊΩΝ ΑΝΑΡΓΎΡΩΝ/ΚΟΙΝΌΤΗΤΑ ΑΓΊΩΝ ΑΠΟΣΤΌΛΩΝ/ΚΟΙΝΌΤΗΤΑ ΑΓΌΡΙΑΝΗΣ/ΚΟΙΝΌΤΗΤΑ ΑΓΓΕΛΏΝΑΣ/ΚΟΙΝΌΤΗΤΑ ΑΓΡΙΆΝΩΝ/ΚΟΙΝΌΤΗΤΑ ΑΙΓΙΏΝ/ΚΟΙΝΌΤΗΤΑ ΑΛΊΚΩΝ/ΚΟΙΝΌΤΗΤΑ ΑΛΕΠΟΧΩΡΊΟΥ/ΚΟΙΝΌΤΗΤΑ ΑΛΕΥΡΟΎΣ/ΚΟΙΝΌΤΗΤΑ ΑΜΥΚΛΏΝ/ΚΟΙΝΌΤΗΤΑ ΑΝΑΒΡΥΤΉΣ/ΚΟΙΝΌΤΗΤΑ ΑΝΩΓΕΊΩΝ/ΚΟΙΝΌΤΗΤΑ ΑΠΙΔΈΑ/ΚΟΙΝΌΤΗΤΑ ΑΡΕΟΠΌΛΕΩΣ/ΚΟΙΝΌΤΗΤΑ ΑΡΧΟΝΤΙΚΟΎ/ΚΟΙΝΌΤΗΤΑ ΑΣΤΕΡΊΟΥ/ΚΟΙΝΌΤΗΤΑ ΑΣΩΠΟΎ/ΚΟΙΝΌΤΗΤΑ ΑΦΙΣΊΟΥ/ΚΟΙΝΌΤΗΤΑ ΒΆΘΕΙΑΣ/ΚΟΙΝΌΤΗΤΑ ΒΑΜΒΑΚΟΎΣ/ΚΟΙΝΌΤΗΤΑ ΒΑΡΒΊΤΣΗΣ/ΚΟΙΝΌΤΗΤΑ ΒΑΣΑΡΆ/ΚΟΙΝΌΤΗΤΑ ΒΑΣΙΛΑΚΊΟΥ/ΚΟΙΝΌΤΗΤΑ ΒΑΣΙΛΙΚΉΣ/ΚΟΙΝΌΤΗΤΑ ΒΑΧΟΎ/ΚΟΙΝΌΤΗΤΑ ΒΕΛΑΝΙΔΊΩΝ/ΚΟΙΝΌΤΗΤΑ ΒΕΛΙΏΝ/ΚΟΙΝΌΤΗΤΑ ΒΛΑΧΙΏΤΗ/ΚΟΙΝΌΤΗΤΑ ΒΟΡΔΟΝΊΑΣ/ΚΟΙΝΌΤΗΤΑ ΒΟΥΤΙΆΝΩΝ/ΚΟΙΝΌΤΗΤΑ ΒΡΕΣΘΈΝΩΝ/ΚΟΙΝΌΤΗΤΑ ΒΡΟΝΤΑΜΆ/ΚΟΙΝΌΤΗΤΑ ΓΈΡΜΑΣ/ΚΟΙΝΌΤΗΤΑ ΓΕΡΑΚΊΟΥ/ΚΟΙΝΌΤΗΤΑ ΓΕΡΟΛΙΜΈΝΟΣ/ΚΟΙΝΌΤΗΤΑ ΓΕΩΡΓΙΤΣΊΟΥ/ΚΟΙΝΌΤΗΤΑ ΓΚΟΡΙΤΣΆΣ/ΚΟΙΝΌΤΗΤΑ ΓΛΥΚΌΒΡΥΣΗΣ/ΚΟΙΝΌΤΗΤΑ ΓΟΡΆΝΩΝ/ΚΟΙΝΌΤΗΤΑ ΓΟΥΒΏΝ/ΚΟΙΝΌΤΗΤΑ ΓΡΑΜΜΟΎΣΗΣ/ΚΟΙΝΌΤΗΤΑ ΓΥΘΕΊΟΥ/ΚΟΙΝΌΤΗΤΑ ΔΑΙΜΟΝΊΑΣ/ΚΟΙΝΌΤΗΤΑ ΔΑΦΝΊΟΥ/ΚΟΙΝΌΤΗΤΑ ΔΡΟΣΟΠΗΓΉΣ/ΚΟΙΝΌΤΗΤΑ ΔΡΥΆΛΟΥ/ΚΟΙΝΌΤΗΤΑ ΔΡΥΜΟΎ/ΚΟΙΝΌΤΗΤΑ ΕΛΊΚΑΣ/ΚΟΙΝΌΤΗΤΑ ΕΛΑΊΑΣ/ΚΟΙΝΌΤΗΤΑ ΖΑΡΑΦΏΝΑ/ΚΟΙΝΌΤΗΤΑ ΘΕΟΛΌΓΟΥ/ΚΟΙΝΌΤΗΤΑ ΙΈΡΑΚΟΣ/ΚΟΙΝΌΤΗΤΑ ΚΆΜΠΟΥ/ΚΟΙΝΌΤΗΤΑ ΚΌΚΚΙΝΩΝ ΛΟΥΡΙΏΝ/ΚΟΙΝΌΤΗΤΑ ΚΌΤΡΩΝΑ/ΚΟΙΝΌΤΗΤΑ ΚΑΛΛΟΝΉΣ/ΚΟΙΝΌΤΗΤΑ ΚΑΛΥΒΊΩΝ/ΚΟΙΝΌΤΗΤΑ ΚΑΛΥΒΊΩΝ ΣΟΧΆΣ/ΚΟΙΝΌΤΗΤΑ ΚΑΜΙΝΊΩΝ/ΚΟΙΝΌΤΗΤΑ ΚΑΡΈΑΣ/ΚΟΙΝΌΤΗΤΑ ΚΑΡΊΤΣΗΣ/ΚΟΙΝΌΤΗΤΑ ΚΑΡΒΕΛΆ/ΚΟΙΝΌΤΗΤΑ ΚΑΡΥΏΝ/ΚΟΙΝΌΤΗΤΑ ΚΑΡΥΟΥΠΌΛΕΩΣ/ΚΟΙΝΌΤΗΤΑ ΚΑΣΤΑΝΈΑΣ ΕΠΙΔΑΎΡΟΥ ΛΙΜΗΡΆΣ/ΚΟΙΝΌΤΗΤΑ ΚΑΣΤΑΝΙΆΣ/ΚΟΙΝΌΤΗΤΑ ΚΑΣΤΟΡΕΊΟΥ/ΚΟΙΝΌΤΗΤΑ ΚΕΛΕΦΆΣ/ΚΟΙΝΌΤΗΤΑ ΚΕΦΑΛΆ/ΚΟΙΝΌΤΗΤΑ ΚΛΑΔΆ/ΚΟΙΝΌΤΗΤΑ ΚΟΊΤΑΣ/ΚΟΙΝΌΤΗΤΑ ΚΟΎΝΟΥ/ΚΟΙΝΌΤΗΤΑ ΚΟΚΚΆΛΑΣ/ΚΟΙΝΌΤΗΤΑ ΚΟΝΑΚΊΩΝ/ΚΟΙΝΌΤΗΤΑ ΚΟΝΙΔΊΤΣΗΣ/ΚΟΙΝΌΤΗΤΑ ΚΟΥΛΕΝΤΊΩΝ/ΚΟΙΝΌΤΗΤΑ ΚΟΥΠΙΏΝ/ΚΟΙΝΌΤΗΤΑ ΚΡΉΝΗΣ/ΚΟΙΝΌΤΗΤΑ ΚΡΕΜΑΣΤΉΣ/ΚΟΙΝΌΤΗΤΑ ΚΡΟΚΕΏΝ/ΚΟΙΝΌΤΗΤΑ ΚΡΥΟΝΕΡΊΟΥ/ΚΟΙΝΌΤΗΤΑ ΚΥΠΑΡΙΣΣΊΟΥ/ΚΟΙΝΌΤΗΤΑ ΛΆΓΙΟΥ/ΚΟΙΝΌΤΗΤΑ ΛΑΓΊΑΣ/ΚΟΙΝΌΤΗΤΑ ΛΑΜΠΟΚΆΜΠΟΥ/ΚΟΙΝΌΤΗΤΑ ΛΑΧΊΟΥ/ΚΟΙΝΌΤΗΤΑ ΛΕΉΜΟΝΑ/ΚΟΙΝΌΤΗΤΑ ΛΕΥΚΟΧΏΜΑΤΟΣ/ΚΟΙΝΌΤΗΤΑ ΛΙΡΏΝ/ΚΟΙΝΌΤΗΤΑ ΛΟΓΓΆΣΤΡΑΣ/ΚΟΙΝΌΤΗΤΑ ΛΟΓΚΑΝΊΚΟΥ/ΚΟΙΝΌΤΗΤΑ ΛΥΓΕΡΈΑ/ΚΟΙΝΌΤΗΤΑ ΜΊΝΑΣ/ΚΟΙΝΌΤΗΤΑ ΜΑΓΟΎΛΑΣ/ΚΟΙΝΌΤΗΤΑ ΜΑΡΑΘΈΑΣ/ΚΟΙΝΌΤΗΤΑ ΜΕΛΊΣΣΗΣ/ΚΟΙΝΌΤΗΤΑ ΜΕΛΙΤΊΝΗΣ/ΚΟΙΝΌΤΗΤΑ ΜΕΣΟΧΩΡΊΟΥ/ΚΟΙΝΌΤΗΤΑ ΜΕΤΑΜΟΡΦΏΣΕΩΣ/ΚΟΙΝΌΤΗΤΑ ΜΟΛΆΩΝ/ΚΟΙΝΌΤΗΤΑ ΜΟΝΕΜΒΑΣΊΑΣ/ΚΟΙΝΌΤΗΤΑ ΜΥΡΣΊΝΗΣ/ΚΟΙΝΌΤΗΤΑ ΜΥΡΤΈΑΣ/ΚΟΙΝΌΤΗΤΑ ΜΥΣΤΡΆ/ΚΟΙΝΌΤΗΤΑ ΝΈΟΥ ΟΙΤΎΛΟΥ/ΚΟΙΝΌΤΗΤΑ ΝΕΑΠΌΛΕΩΣ/ΚΟΙΝΌΤΗΤΑ ΝΕΟΧΩΡΊΟΥ/ΚΟΙΝΌΤΗΤΑ ΝΙΆΤΩΝ/ΚΟΙΝΌΤΗΤΑ ΝΟΜΊΩΝ/ΚΟΙΝΌΤΗΤΑ ΞΗΡΟΚΑΜΠΊΟΥ/ΚΟΙΝΌΤΗΤΑ ΟΙΤΎΛΟΥ/ΚΟΙΝΌΤΗΤΑ ΠΎΡΓΟΥ ΔΙΡΟΎ/ΚΟΙΝΌΤΗΤΑ ΠΑΚΊΩΝ/ΚΟΙΝΌΤΗΤΑ ΠΑΛΑΙΌΒΡΥΣΗΣ/ΚΟΙΝΌΤΗΤΑ ΠΑΛΑΙΟΠΑΝΑΓΊΑΣ/ΚΟΙΝΌΤΗΤΑ ΠΑΝΤΑΝΆΣΣΗΣ/ΚΟΙΝΌΤΗΤΑ ΠΑΠΑΔΙΑΝΊΚΩΝ/ΚΟΙΝΌΤΗΤΑ ΠΑΡΟΡΕΊΟΥ/ΚΟΙΝΌΤΗΤΑ ΠΕΛΛΆΝΑΣ/ΚΟΙΝΌΤΗΤΑ ΠΕΡΙΒΟΛΊΩΝ/ΚΟΙΝΌΤΗΤΑ ΠΕΡΙΣΤΕΡΊΟΥ/ΚΟΙΝΌΤΗΤΑ ΠΕΤΡΊΝΑΣ/ΚΟΙΝΌΤΗΤΑ ΠΛΑΤΆΝΑΣ/ΚΟΙΝΌΤΗΤΑ ΠΛΑΤΆΝΟΥ/ΚΟΙΝΌΤΗΤΑ ΠΟΛΟΒΊΤΣΗΣ/ΚΟΙΝΌΤΗΤΑ ΠΟΤΑΜΙΆΣ/ΚΟΙΝΌΤΗΤΑ ΠΡΟΣΗΛΊΟΥ/ΚΟΙΝΌΤΗΤΑ ΠΥΡΡΊΧΟΥ/ΚΟΙΝΌΤΗΤΑ ΡΕΙΧΈΑΣ/ΚΟΙΝΌΤΗΤΑ ΣΕΛΕΓΟΥΔΊΟΥ/ΚΟΙΝΌΤΗΤΑ ΣΕΛΛΑΣΊΑΣ/ΚΟΙΝΌΤΗΤΑ ΣΙΔΗΡΟΚΆΣΤΡΟΥ/ΚΟΙΝΌΤΗΤΑ ΣΚΆΛΑΣ/ΚΟΙΝΌΤΗΤΑ ΣΚΑΜΝΑΚΊΟΥ/ΚΟΙΝΌΤΗΤΑ ΣΚΟΎΡΑΣ/ΚΟΙΝΌΤΗΤΑ ΣΚΟΥΤΑΡΊΟΥ/ΚΟΙΝΌΤΗΤΑ ΣΟΥΣΤΙΆΝΩΝ/ΚΟΙΝΌΤΗΤΑ ΣΠΑΡΤΙΆΣ/ΚΟΙΝΌΤΗΤΑ ΣΠΑΡΤΙΑΤΏΝ/ΚΟΙΝΌΤΗΤΑ ΣΤΕΦΑΝΙΆΣ/ΚΟΙΝΌΤΗΤΑ ΣΥΚΈΑΣ/ΚΟΙΝΌΤΗΤΑ ΤΑΛΆΝΤΩΝ/ΚΟΙΝΌΤΗΤΑ ΤΡΎΠΗΣ/ΚΟΙΝΌΤΗΤΑ ΤΡΑΠΕΖΑΝΤΉΣ/ΚΟΙΝΌΤΗΤΑ ΤΣΙΚΚΑΛΙΏΝ/ΚΟΙΝΌΤΗΤΑ ΦΑΡΑΚΛΟΎ/ΚΟΙΝΌΤΗΤΑ ΦΟΙΝΙΚΊΟΥ/ΚΟΙΝΌΤΗΤΑ ΧΆΡΑΚΟΣ/ΚΟΙΝΌΤΗΤΑ ΧΡΥΣΆΦΩΝ/ΚΟΙΝΌΤΗΤΑ ΧΩΣΙΑΡΊΟΥ,na,na,6/21/1996
GR_21,Λέσβος / Mυτιλήνη / Lesvos / Mytilini,GR,ADRAMYTIANI/KOLOVI/LADOELIA,extra virgin olive oil,na,allowed,na,na,na,na,na,na,na,na,https://ec.europa.eu/agriculture/eambrosia/geographical-indications-register/details/EUGI00000013026,ΚΟΙΝΌΤΗΤΑ ΆΓΡΑΣ/ΚΟΙΝΌΤΗΤΑ ΑΓΊΑΣ ΜΑΡΊΝΗΣ/ΚΟΙΝΌΤΗΤΑ ΑΓΊΑΣ ΠΑΡΑΣΚΕΥΉΣ/ΚΟΙΝΌΤΗΤΑ ΑΓΙΆΣΟΥ/ΚΟΙΝΌΤΗΤΑ ΑΚΡΑΣΊΟΥ/ΚΟΙΝΌΤΗΤΑ ΑΛΥΦΑΝΤΏΝ/ΚΟΙΝΌΤΗΤΑ ΑΜΠΕΛΙΚΟΎ/ΚΟΙΝΌΤΗΤΑ ΑΝΕΜΌΤΙΑΣ/ΚΟΙΝΌΤΗΤΑ ΑΝΤΊΣΣΗΣ/ΚΟΙΝΌΤΗΤΑ ΑΡΊΣΒΗΣ/ΚΟΙΝΌΤΗΤΑ ΑΡΓΈΝΝΟΥ/ΚΟΙΝΌΤΗΤΑ ΑΣΩΜΆΤΟΥ/ΚΟΙΝΌΤΗΤΑ ΑΦΆΛΩΝΟΣ/ΚΟΙΝΌΤΗΤΑ ΒΑΣΙΛΙΚΏΝ/ΚΟΙΝΌΤΗΤΑ ΒΑΤΟΎΣΣΗΣ/ΚΟΙΝΌΤΗΤΑ ΒΡΊΣΑΣ/ΚΟΙΝΌΤΗΤΑ ΔΑΦΊΩΝ/ΚΟΙΝΌΤΗΤΑ ΕΡΕΣΟΎ/ΚΟΙΝΌΤΗΤΑ ΙΠΠΕΊΟΥ/ΚΟΙΝΌΤΗΤΑ ΚΆΠΗΣ/ΚΟΙΝΌΤΗΤΑ ΚΆΤΩ ΤΡΊΤΟΥΣ/ΚΟΙΝΌΤΗΤΑ ΚΏΜΗΣ/ΚΟΙΝΌΤΗΤΑ ΚΑΛΛΟΝΉΣ/ΚΟΙΝΌΤΗΤΑ ΚΕΡΑΜΊΟΥ/ΚΟΙΝΌΤΗΤΑ ΚΕΡΑΜΕΊΩΝ/ΚΟΙΝΌΤΗΤΑ ΚΛΕΙΟΎΣ/ΚΟΙΝΌΤΗΤΑ ΛΆΜΠΟΥ ΜΎΛΩΝ/ΚΟΙΝΌΤΗΤΑ ΛΑΦΙΏΝΑΣ/ΚΟΙΝΌΤΗΤΑ ΛΕΠΕΤΎΜΝΟΥ/ΚΟΙΝΌΤΗΤΑ ΛΙΣΒΟΡΊΟΥ/ΚΟΙΝΌΤΗΤΑ ΛΟΥΤΡΏΝ/ΚΟΙΝΌΤΗΤΑ ΛΟΥΤΡΟΠΌΛΕΩΣ ΘΕΡΜΉΣ/ΚΟΙΝΌΤΗΤΑ ΜΌΡΙΑΣ/ΚΟΙΝΌΤΗΤΑ ΜΑΝΤΑΜΆΔΟΥ/ΚΟΙΝΌΤΗΤΑ ΜΕΓΑΛΟΧΩΡΊΟΥ/ΚΟΙΝΌΤΗΤΑ ΜΕΣΑΓΡΟΎ/ΚΟΙΝΌΤΗΤΑ ΜΕΣΟΤΌΠΟΥ/ΚΟΙΝΌΤΗΤΑ ΜΗΘΎΜΝΗΣ/ΚΟΙΝΌΤΗΤΑ ΜΙΣΤΕΓΝΏΝ/ΚΟΙΝΌΤΗΤΑ ΜΥΤΙΛΉΝΗΣ/ΚΟΙΝΌΤΗΤΑ ΜΥΧΟΎ/ΚΟΙΝΌΤΗΤΑ ΝΆΠΗΣ/ΚΟΙΝΌΤΗΤΑ ΝΈΩΝ ΚΥΔΩΝΙΏΝ/ΚΟΙΝΌΤΗΤΑ ΝΕΟΧΩΡΊΟΥ/ΚΟΙΝΌΤΗΤΑ ΠΈΤΡΑΣ/ΚΟΙΝΌΤΗΤΑ ΠΎΡΓΩΝ ΘΕΡΜΉΣ/ΚΟΙΝΌΤΗΤΑ ΠΑΛΑΙΟΚΉΠΟΥ/ΚΟΙΝΌΤΗΤΑ ΠΑΛΑΙΟΧΩΡΊΟΥ/ΚΟΙΝΌΤΗΤΑ ΠΑΜΦΊΛΩΝ/ΚΟΙΝΌΤΗΤΑ ΠΑΝΑΓΙΟΎΔΑΣ/ΚΟΙΝΌΤΗΤΑ ΠΑΠΠΆΔΟΥ/ΚΟΙΝΌΤΗΤΑ ΠΑΡΑΚΟΊΛΩΝ/ΚΟΙΝΌΤΗΤΑ ΠΕΛΌΠΗΣ/ΚΟΙΝΌΤΗΤΑ ΠΕΡΆΜΑΤΟΣ/ΚΟΙΝΌΤΗΤΑ ΠΗΓΉΣ/ΚΟΙΝΌΤΗΤΑ ΠΛΑΓΙΆΣ/ΚΟΙΝΌΤΗΤΑ ΠΛΑΚΆΔΟΥ/ΚΟΙΝΌΤΗΤΑ ΠΛΩΜΑΡΊΟΥ/ΚΟΙΝΌΤΗΤΑ ΠΟΛΙΧΝΊΤΟΥ/ΚΟΙΝΌΤΗΤΑ ΠΤΕΡΟΎΝΤΟΣ/ΚΟΙΝΌΤΗΤΑ ΣΙΓΡΊΟΥ/ΚΟΙΝΌΤΗΤΑ ΣΚΑΛΟΧΩΡΊΟΥ/ΚΟΙΝΌΤΗΤΑ ΣΚΟΠΈΛΟΥ/ΚΟΙΝΌΤΗΤΑ ΣΚΟΥΤΆΡΟΥ/ΚΟΙΝΌΤΗΤΑ ΣΤΎΨΗΣ/ΚΟΙΝΌΤΗΤΑ ΣΤΑΥΡΟΎ/ΚΟΙΝΌΤΗΤΑ ΣΥΚΑΜΙΝΈΑΣ/ΚΟΙΝΌΤΗΤΑ ΣΥΚΟΎΝΤΟΣ/ΚΟΙΝΌΤΗΤΑ ΤΑΞΙΑΡΧΏΝ/ΚΟΙΝΌΤΗΤΑ ΤΡΎΓΟΝΑ/ΚΟΙΝΌΤΗΤΑ ΥΨΗΛΟΜΕΤΏΠΟΥ/ΚΟΙΝΌΤΗΤΑ ΦΊΛΙΑΣ/ΚΟΙΝΌΤΗΤΑ ΧΙΔΉΡΩΝ,na,na,6/21/1996
GR_22,Λυγουριό Ασκληπιείου / Lygourio Asklipiou,GR,MANAKI,extra virgin olive oil,na,allowed,na,na,na,na,na,na,na,na,https://ec.europa.eu/agriculture/eambrosia/geographical-indications-register/details/EUGI00000013021,ΚΟΙΝΌΤΗΤΑ ΑΣΚΛΗΠΙΕΊΟΥ,na,na,6/21/1996
GR_23,Μεσσαρά / Messara,GR,KORONEIKI,extra virgin olive oil,na,allowed,na,20,"0,6","8,5","1,8",na,"0,13","-0,001",https://ec.europa.eu/agriculture/eambrosia/geographical-indications-register/details/EUGI00000014038,ΚΟΙΝΌΤΗΤΑ ΆΝΩ ΑΚΡΊΩΝ/ΚΟΙΝΌΤΗΤΑ ΆΝΩ ΜΟΥΛΊΩΝ/ΚΟΙΝΌΤΗΤΑ ΑΓΊΑΣ ΒΑΡΒΆΡΑΣ/ΚΟΙΝΌΤΗΤΑ ΑΓΊΟΥ ΒΑΣΙΛΕΊΟΥ/ΚΟΙΝΌΤΗΤΑ ΑΓΊΟΥ ΘΩΜΆ/ΚΟΙΝΌΤΗΤΑ ΑΓΊΟΥ ΚΥΡΊΛΛΟΥ/ΚΟΙΝΌΤΗΤΑ ΑΓΊΩΝ ΔΈΚΑ/ΚΟΙΝΌΤΗΤΑ ΑΓΊΩΝ ΠΑΡΑΣΚΙΏΝ/ΚΟΙΝΌΤΗΤΑ ΑΛΑΓΝΊΟΥ/ΚΟΙΝΌΤΗΤΑ ΑΛΗΘΙΝΉΣ/ΚΟΙΝΌΤΗΤΑ ΑΜΠΕΛΟΎΖΟΥ/ΚΟΙΝΌΤΗΤΑ ΑΝΤΙΣΚΑΡΊΟΥ/ΚΟΙΝΌΤΗΤΑ ΑΠΕΣΩΚΑΡΊΟΥ/ΚΟΙΝΌΤΗΤΑ ΑΡΧΑΝΏΝ/ΚΟΙΝΌΤΗΤΑ ΑΣΗΜΊΟΥ/ΚΟΙΝΌΤΗΤΑ ΑΣΤΡΆΚΩΝ/ΚΟΙΝΌΤΗΤΑ ΑΣΤΡΙΤΣΊΟΥ/ΚΟΙΝΌΤΗΤΑ ΑΧΕΝΤΡΙΆ/ΚΟΙΝΌΤΗΤΑ ΒΏΡΩΝ/ΚΟΙΝΌΤΗΤΑ ΒΑΓΙΟΝΙΆΣ/ΚΟΙΝΌΤΗΤΑ ΒΑΣΙΛΙΚΉΣ/ΚΟΙΝΌΤΗΤΑ ΒΑΣΙΛΙΚΏΝ ΑΝΩΓΕΊΩΝ/ΚΟΙΝΌΤΗΤΑ ΒΟΡΙΖΊΩΝ/ΚΟΙΝΌΤΗΤΑ ΓΈΡΓΕΡΗΣ/ΚΟΙΝΌΤΗΤΑ ΓΑΛΙΆΣ/ΚΟΙΝΌΤΗΤΑ ΓΚΑΓΚΑΛΏΝ/ΚΟΙΝΌΤΗΤΑ ΓΡΗΓΟΡΊΑΣ/ΚΟΙΝΌΤΗΤΑ ΔΑΜΑΝΊΩΝ/ΚΟΙΝΌΤΗΤΑ ΔΙΟΝΥΣΊΟΥ/ΚΟΙΝΌΤΗΤΑ ΔΟΥΛΊΟΥ/ΚΟΙΝΌΤΗΤΑ ΕΘΙΆΣ/ΚΟΙΝΌΤΗΤΑ ΖΑΡΟΎ/ΚΟΙΝΌΤΗΤΑ ΚΆΤΩ ΑΡΧΑΝΏΝ/ΚΟΙΝΌΤΗΤΑ ΚΑΛΛΟΝΉΣ/ΚΟΙΝΌΤΗΤΑ ΚΑΛΥΒΊΩΝ/ΚΟΙΝΌΤΗΤΑ ΚΑΜΑΡΏΝ/ΚΟΙΝΌΤΗΤΑ ΚΑΜΗΛΑΡΊΟΥ/ΚΟΙΝΌΤΗΤΑ ΚΑΣΤΕΛΛΊΟΥ/ΚΟΙΝΌΤΗΤΑ ΚΑΤΑΛΑΓΑΡΊΟΥ/ΚΟΙΝΌΤΗΤΑ ΚΛΉΜΑΤΟΣ/ΚΟΙΝΌΤΗΤΑ ΚΟΥΝΆΒΩΝ/ΚΟΙΝΌΤΗΤΑ ΚΟΥΣΈ/ΚΟΙΝΌΤΗΤΑ ΛΑΓΟΛΊΟΥ/ΚΟΙΝΌΤΗΤΑ ΛΑΡΑΝΊΟΥ/ΚΟΙΝΌΤΗΤΑ ΛΙΓΟΡΤΎΝΟΥ/ΚΟΙΝΌΤΗΤΑ ΛΟΥΡΏΝ/ΚΟΙΝΌΤΗΤΑ ΜΑΓΑΡΙΚΑΡΊΟΥ/ΚΟΙΝΌΤΗΤΑ ΜΕΓΆΛΗΣ ΒΡΎΣΗΣ/ΚΟΙΝΌΤΗΤΑ ΜΕΛΕΣΏΝ/ΚΟΙΝΌΤΗΤΑ ΜΕΣΟΧΩΡΊΟΥ/ΚΟΙΝΌΤΗΤΑ ΜΕΤΑΞΟΧΩΡΊΟΥ/ΚΟΙΝΌΤΗΤΑ ΜΗΤΡΟΠΌΛΕΩΣ/ΚΟΙΝΌΤΗΤΑ ΜΙΑΜΟΎΣ/ΚΟΙΝΌΤΗΤΑ ΜΟΙΡΏΝ/ΚΟΙΝΌΤΗΤΑ ΜΟΡΟΝΊΟΥ/ΚΟΙΝΌΤΗΤΑ ΜΥΡΤΙΆΣ/ΚΟΙΝΌΤΗΤΑ ΝΥΒΡΊΤΟΥ/ΚΟΙΝΌΤΗΤΑ ΠΌΜΠΙΑΣ/ΚΟΙΝΌΤΗΤΑ ΠΎΡΓΟΥ/ΚΟΙΝΌΤΗΤΑ ΠΑΝΆΣΟΥ/ΚΟΙΝΌΤΗΤΑ ΠΑΡΑΝΎΜΦΩΝ/ΚΟΙΝΌΤΗΤΑ ΠΕΖΏΝ/ΚΟΙΝΌΤΗΤΑ ΠΕΡΊΟΥ/ΚΟΙΝΌΤΗΤΑ ΠΕΤΡΟΚΕΦΑΛΊΟΥ/ΚΟΙΝΌΤΗΤΑ ΠΗΓΑΪΔΑΚΊΩΝ/ΚΟΙΝΌΤΗΤΑ ΠΙΤΣΙΔΊΩΝ/ΚΟΙΝΌΤΗΤΑ ΠΛΏΡΑΣ/ΚΟΙΝΌΤΗΤΑ ΠΛΑΤΆΝΟΥ/ΚΟΙΝΌΤΗΤΑ ΠΡΑΙΤΩΡΊΩΝ/ΚΟΙΝΌΤΗΤΑ ΠΡΙΝΙΆ/ΚΟΙΝΌΤΗΤΑ ΡΟΥΦΆ/ΚΟΙΝΌΤΗΤΑ ΣΊΒΑ/ΚΟΙΝΌΤΗΤΑ ΣΚΟΥΡΒΟΎΛΩΝ/ΚΟΙΝΌΤΗΤΑ ΣΟΚΑΡΆ/ΚΟΙΝΌΤΗΤΑ ΣΤΌΛΩΝ/ΚΟΙΝΌΤΗΤΑ ΣΤΑΒΙΏΝ/ΚΟΙΝΌΤΗΤΑ ΣΤΕΡΝΏΝ/ΚΟΙΝΌΤΗΤΑ ΤΕΦΕΛΊΟΥ/ΚΟΙΝΌΤΗΤΑ ΤΥΜΠΑΚΊΟΥ/ΚΟΙΝΌΤΗΤΑ ΦΑΝΕΡΩΜΈΝΗΣ/ΚΟΙΝΌΤΗΤΑ ΧΆΡΑΚΟΣ/ΚΟΙΝΌΤΗΤΑ ΧΑΡΑΚΊΟΥ/ΚΟΙΝΌΤΗΤΑ ΧΟΥΔΕΤΣΊΟΥ/ΚΟΙΝΌΤΗΤΑ ΧΟΥΣΤΟΥΛΙΑΝΏΝ,2/14/2012,12/21/2012,10/12/2013
GR_24,Ολυμπία / Olympia,GR,KOLLYREIKI/KORONEIKI,extra virgin olive oil,na,na,na,20-25,1,na,na,na,na,na,https://ec.europa.eu/agriculture/eambrosia/geographical-indications-register/details/EUGI00000013015,ΚΟΙΝΌΤΗΤΑ ΆΣΠΡΩΝ ΣΠΙΤΙΏΝ/ΚΟΙΝΌΤΗΤΑ ΑΓΊΑΣ ΆΝΝΗΣ/ΚΟΙΝΌΤΗΤΑ ΑΓΊΑΣ ΚΥΡΙΑΚΉΣ/ΚΟΙΝΌΤΗΤΑ ΑΓΊΟΥ ΓΕΩΡΓΊΟΥ/ΚΟΙΝΌΤΗΤΑ ΑΓΊΟΥ ΙΩΆΝΝΟΥ/ΚΟΙΝΌΤΗΤΑ ΑΓΊΩΝ ΑΠΟΣΤΌΛΩΝ/ΚΟΙΝΌΤΗΤΑ ΑΛΠΟΧΩΡΊΟΥ/ΚΟΙΝΌΤΗΤΑ ΑΜΠΕΛΏΝΟΣ/ΚΟΙΝΌΤΗΤΑ ΑΝΤΡΩΝΊΟΥ/ΚΟΙΝΌΤΗΤΑ ΑΡΒΑΝΊΤΗ/ΚΟΙΝΌΤΗΤΑ ΑΡΧΑΊΑΣ ΟΛΥΜΠΊΑΣ/ΚΟΙΝΌΤΗΤΑ ΑΡΧΑΊΑΣ ΠΊΣΑΣ/ΚΟΙΝΌΤΗΤΑ ΑΣΤΡΆ/ΚΟΙΝΌΤΗΤΑ ΑΧΛΑΔΙΝΉΣ/ΚΟΙΝΌΤΗΤΑ ΒΑΣΙΛΑΚΊΟΥ/ΚΟΙΝΌΤΗΤΑ ΒΟΥΝΆΡΓΟΥ/ΚΟΙΝΌΤΗΤΑ ΒΡΟΧΊΤΣΗΣ/ΚΟΙΝΌΤΗΤΑ ΒΥΤΙΝΑΙΊΚΩΝ/ΚΟΙΝΌΤΗΤΑ ΓΟΥΜΈΡΟΥ/ΚΟΙΝΌΤΗΤΑ ΓΡΑΝΙΤΣΑΙΊΚΩΝ/ΚΟΙΝΌΤΗΤΑ ΔΟΎΚΑ/ΚΟΙΝΌΤΗΤΑ ΕΛΑΙΏΝΟΣ/ΚΟΙΝΌΤΗΤΑ ΗΡΑΚΛΕΊΑΣ/ΚΟΙΝΌΤΗΤΑ ΚΑΚΟΤΑΡΊΟΥ/ΚΟΙΝΌΤΗΤΑ ΚΑΜΈΝΗΣ/ΚΟΙΝΌΤΗΤΑ ΚΑΡΆΤΟΥΛΑ/ΚΟΙΝΌΤΗΤΑ ΚΑΡΥΆΣ/ΚΟΙΝΌΤΗΤΑ ΚΑΤΑΚΌΛΟΥ/ΚΟΙΝΌΤΗΤΑ ΚΑΤΣΑΡΟΎ/ΚΟΙΝΌΤΗΤΑ ΚΑΥΚΩΝΊΑΣ/ΚΟΙΝΌΤΗΤΑ ΚΛΑΔΈΟΥ/ΚΟΙΝΌΤΗΤΑ ΚΛΙΝΔΙΆΣ/ΚΟΙΝΌΤΗΤΑ ΚΟΎΜΑΝΗ/ΚΟΙΝΌΤΗΤΑ ΚΟΡΑΚΟΧΩΡΊΟΥ/ΚΟΙΝΌΤΗΤΑ ΚΟΡΥΦΉΣ/ΚΟΙΝΌΤΗΤΑ ΚΟΣΚΙΝΆ/ΚΟΙΝΌΤΗΤΑ ΚΟΥΤΣΟΧΈΡΑΣ/ΚΟΙΝΌΤΗΤΑ ΚΡΥΌΒΡΥΣΗΣ/ΚΟΙΝΌΤΗΤΑ ΚΡΥΟΝΕΡΊΟΥ ΗΛΕΊΑΣ/ΚΟΙΝΌΤΗΤΑ ΛΆΛΑ/ΚΟΙΝΌΤΗΤΑ ΛΑΜΠΕΊΑΣ/ΚΟΙΝΌΤΗΤΑ ΛΑΝΘΊΟΥ/ΚΟΙΝΌΤΗΤΑ ΛΑΣΤΑΙΊΚΩΝ/ΚΟΙΝΌΤΗΤΑ ΛΑΤΖΟΪ́ΟΥ/ΚΟΙΝΌΤΗΤΑ ΛΕΒΕΝΤΟΧΩΡΊΟΥ/ΚΟΙΝΌΤΗΤΑ ΛΙΝΑΡΙΆΣ/ΚΟΙΝΌΤΗΤΑ ΛΟΎΒΡΟΥ/ΚΟΙΝΌΤΗΤΑ ΜΆΓΕΙΡΑ/ΚΟΙΝΌΤΗΤΑ ΜΑΓΟΎΛΑΣ/ΚΟΙΝΌΤΗΤΑ ΜΗΛΕΏΝ/ΚΟΙΝΌΤΗΤΑ ΜΟΥΖΑΚΊΟΥ/ΚΟΙΝΌΤΗΤΑ ΜΟΥΡΙΆΣ/ΚΟΙΝΌΤΗΤΑ ΜΥΡΤΈΑΣ/ΚΟΙΝΌΤΗΤΑ ΝΕΜΟΎΤΑΣ/ΚΟΙΝΌΤΗΤΑ ΝΕΡΆΙΔΑΣ/ΚΟΙΝΌΤΗΤΑ ΞΗΡΟΚΆΜΠΟΥ/ΚΟΙΝΌΤΗΤΑ ΞΥΛΟΚΈΡΑΣ/ΚΟΙΝΌΤΗΤΑ ΟΡΕΙΝΉΣ/ΚΟΙΝΌΤΗΤΑ ΠΎΡΓΟΥ/ΚΟΙΝΌΤΗΤΑ ΠΕΎΚΗΣ/ΚΟΙΝΌΤΗΤΑ ΠΕΎΚΩΝ/ΚΟΙΝΌΤΗΤΑ ΠΕΛΟΠΊΟΥ/ΚΟΙΝΌΤΗΤΑ ΠΕΡΣΑΊΝΗΣ/ΚΟΙΝΌΤΗΤΑ ΠΛΑΤΆΝΟΥ/ΚΟΙΝΌΤΗΤΑ ΠΟΥΡΝΑΡΊΟΥ/ΚΟΙΝΌΤΗΤΑ ΠΡΑΣΊΝΟΥ/ΚΟΙΝΌΤΗΤΑ ΣΚΑΦΙΔΙΆΣ/ΚΟΙΝΌΤΗΤΑ ΣΚΟΥΡΟΧΩΡΊΟΥ/ΚΟΙΝΌΤΗΤΑ ΣΜΊΛΑΣ/ΚΟΙΝΌΤΗΤΑ ΣΟΠΊΟΥ/ΚΟΙΝΌΤΗΤΑ ΤΣΙΠΙΑΝΏΝ/ΚΟΙΝΌΤΗΤΑ ΦΛΌΚΑ/ΚΟΙΝΌΤΗΤΑ ΦΟΛΌΗΣ/ΚΟΙΝΌΤΗΤΑ ΦΟΝΑΪΤΊΚΩΝ/ΚΟΙΝΌΤΗΤΑ ΧΑΡΙΆΣ/ΚΟΙΝΌΤΗΤΑ ΧΕΙΜΑΔΙΟΎ/ΚΟΙΝΌΤΗΤΑ ΧΕΛΙΔΟΝΊΟΥ/ΚΟΙΝΌΤΗΤΑ ΩΛΈΝΗΣ,na,na,6/21/1996
GR_25,Πεζά Ηρακλείου Κρήτης / Peza Irakliou Kritis,GR,KORONEIKI,extra virgin olive oil,na,allowed,na,na,"0,6",20,"2,4",na,"0,2","0,01",https://ec.europa.eu/agriculture/eambrosia/geographical-indications-register/details/EUGI00000013016,ΚΟΙΝΌΤΗΤΑ ΑΓΊΟΥ ΒΑΣΙΛΕΊΟΥ/ΚΟΙΝΌΤΗΤΑ ΑΓΊΩΝ ΠΑΡΑΣΚΙΏΝ/ΚΟΙΝΌΤΗΤΑ ΑΛΑΓΝΊΟΥ/ΚΟΙΝΌΤΗΤΑ ΑΣΤΡΆΚΩΝ/ΚΟΙΝΌΤΗΤΑ ΑΣΤΡΙΤΣΊΟΥ/ΚΟΙΝΌΤΗΤΑ ΚΑΛΛΟΝΉΣ/ΚΟΙΝΌΤΗΤΑ ΚΑΤΑΛΑΓΑΡΊΟΥ/ΚΟΙΝΌΤΗΤΑ ΚΟΥΝΆΒΩΝ/ΚΟΙΝΌΤΗΤΑ ΜΕΛΕΣΏΝ/ΚΟΙΝΌΤΗΤΑ ΜΕΤΑΞΟΧΩΡΊΟΥ/ΚΟΙΝΌΤΗΤΑ ΜΥΡΤΙΆΣ/ΚΟΙΝΌΤΗΤΑ ΠΑΝΟΡΆΜΑΤΟΣ/ΚΟΙΝΌΤΗΤΑ ΠΑΤΣΙΔΕΡΟΎ/ΚΟΙΝΌΤΗΤΑ ΠΕΖΏΝ/ΚΟΙΝΌΤΗΤΑ ΤΕΦΕΛΊΟΥ/ΚΟΙΝΌΤΗΤΑ ΧΟΥΔΕΤΣΊΟΥ,na,na,6/21/1996
GR_26,Πέτρινα Λακωνίας / Petrina Lakonias,GR,KALAMON/KORONEIKI,virgin olive oil,na,na,na,20-25 (KORONEIKI),na,na,na,na,na,na,https://ec.europa.eu/agriculture/eambrosia/geographical-indications-register/details/EUGI00000013167,ΚΟΙΝΌΤΗΤΑ ΠΕΤΡΊΝΑΣ,na,na,6/21/1996
GR_27,Πρέβεζα / Preveza,GR,LIANOLIA KERKIRAS,virgin olive oil,na,na,na,0.18,na,na,na,na,na,na,https://ec.europa.eu/agriculture/eambrosia/geographical-indications-register/details/EUGI00000013168,ΚΟΙΝΌΤΗΤΑ ΒΡΆΧΟΥ/ΚΟΙΝΌΤΗΤΑ ΚΑΜΑΡΊΝΑΣ/ΚΟΙΝΌΤΗΤΑ ΚΑΝΑΛΊΟΥ/ΚΟΙΝΌΤΗΤΑ ΚΡΥΟΠΗΓΉΣ/ΚΟΙΝΌΤΗΤΑ ΛΟΎΡΟΥ/ΚΟΙΝΌΤΗΤΑ ΛΟΎΤΣΗΣ/ΚΟΙΝΌΤΗΤΑ ΜΎΤΙΚΑ/ΚΟΙΝΌΤΗΤΑ ΜΙΧΑΛΙΤΣΊΟΥ/ΚΟΙΝΌΤΗΤΑ ΜΥΡΣΊΝΗΣ/ΚΟΙΝΌΤΗΤΑ ΝΈΑΣ ΣΑΜΨΟΎΝΤΟΣ/ΚΟΙΝΌΤΗΤΑ ΝΈΑΣ ΣΙΝΏΠΗΣ/ΚΟΙΝΌΤΗΤΑ ΝΙΚΟΠΌΛΕΩΣ/ΚΟΙΝΌΤΗΤΑ ΡΙΖΏΝ/ΚΟΙΝΌΤΗΤΑ ΦΛΑΜΠΟΎΡΩΝ/ΚΟΙΝΌΤΗΤΑ ΧΕΙΜΑΔΙΟΎ/ΚΟΙΝΌΤΗΤΑ ΩΡΩΠΟΎ,na,na,6/21/1996
GR_28,Ρόδος / Rodos,GR,KORONEIKI/THROUMBOLIA,virgin olive oil,na,na,na,20-25 (KORONEIKI)/25-30 (THROUMBOLIA),na,na,na,na,na,na,https://ec.europa.eu/agriculture/eambrosia/geographical-indications-register/details/EUGI00000013166,ΚΟΙΝΌΤΗΤΑ ΈΜΠΩΝΑ/ΚΟΙΝΌΤΗΤΑ ΌΘΟΥΣ/ΚΟΙΝΌΤΗΤΑ ΑΓΊΟΥ ΙΣΙΔΏΡΟΥ/ΚΟΙΝΌΤΗΤΑ ΑΝΤΙΜΑΧΕΊΑΣ/ΚΟΙΝΌΤΗΤΑ ΑΠΌΛΛΩΝΑ/ΚΟΙΝΌΤΗΤΑ ΑΠΕΡΊΟΥ/ΚΟΙΝΌΤΗΤΑ ΑΠΟΛΑΚΚΙΆΣ/ΚΟΙΝΌΤΗΤΑ ΑΡΚΆΣΑΣ/ΚΟΙΝΌΤΗΤΑ ΑΡΝΊΘΑΣ/ΚΟΙΝΌΤΗΤΑ ΑΡΧΑΓΓΈΛΟΥ/ΚΟΙΝΌΤΗΤΑ ΑΡΧΙΠΌΛΕΩΣ/ΚΟΙΝΌΤΗΤΑ ΑΣΚΛΗΠΙΕΊΟΥ/ΚΟΙΝΌΤΗΤΑ ΑΣΦΕΝΔΙΟΎ/ΚΟΙΝΌΤΗΤΑ ΑΦΆΝΤΟΥ/ΚΟΙΝΌΤΗΤΑ ΒΑΤΊΟΥ/ΚΟΙΝΌΤΗΤΑ ΒΩΛΆΔΑΣ/ΚΟΙΝΌΤΗΤΑ ΓΕΝΝΑΔΊΟΥ/ΚΟΙΝΌΤΗΤΑ ΔΑΜΑΤΡΊΑΣ/ΚΟΙΝΌΤΗΤΑ ΔΙΜΥΛΙΆΣ/ΚΟΙΝΌΤΗΤΑ ΕΜΠΟΡΕΙΟΎ/ΚΟΙΝΌΤΗΤΑ ΘΕΟΛΌΓΟΥ/ΚΟΙΝΌΤΗΤΑ ΙΑΛΥΣΟΎ/ΚΟΙΝΌΤΗΤΑ ΙΣΤΡΊΟΥ/ΚΟΙΝΌΤΗΤΑ ΚΑΛΆΘΟΥ/ΚΟΙΝΌΤΗΤΑ ΚΑΛΑΒΆΡΔΑ/ΚΟΙΝΌΤΗΤΑ ΚΑΛΥΘΙΏΝ/ΚΟΙΝΌΤΗΤΑ ΚΑΡΔΑΜΑΊΝΗΣ/ΚΟΙΝΌΤΗΤΑ ΚΑΡΠΆΘΟΥ/ΚΟΙΝΌΤΗΤΑ ΚΑΤΤΑΒΊΑΣ/ΚΟΙΝΌΤΗΤΑ ΚΕΦΆΛΟΥ/ΚΟΙΝΌΤΗΤΑ ΚΟΣΚΙΝΟΎ/ΚΟΙΝΌΤΗΤΑ ΚΡΕΜΑΣΤΉΣ/ΚΟΙΝΌΤΗΤΑ ΚΡΗΤΗΝΊΑΣ/ΚΟΙΝΌΤΗΤΑ ΚΩ/ΚΟΙΝΌΤΗΤΑ ΛΆΡΔΟΥ/ΚΟΙΝΌΤΗΤΑ ΛΊΝΔΟΥ/ΚΟΙΝΌΤΗΤΑ ΛΑΈΡΜΩΝ/ΚΟΙΝΌΤΗΤΑ ΛΑΧΑΝΙΆΣ/ΚΟΙΝΌΤΗΤΑ ΛΙΒΑΔΊΩΝ/ΚΟΙΝΌΤΗΤΑ ΜΑΛΏΝΟΣ/ΚΟΙΝΌΤΗΤΑ ΜΑΝΔΡΑΚΊΟΥ/ΚΟΙΝΌΤΗΤΑ ΜΑΡΙΤΣΏΝ/ΚΟΙΝΌΤΗΤΑ ΜΑΣΆΡΩΝ/ΚΟΙΝΌΤΗΤΑ ΜΕΓΆΛΟΥ ΧΩΡΊΟΥ/ΚΟΙΝΌΤΗΤΑ ΜΕΝΕΤΏΝ/ΚΟΙΝΌΤΗΤΑ ΜΕΣΑΝΑΓΡΟΎ/ΚΟΙΝΌΤΗΤΑ ΜΕΣΟΧΩΡΊΟΥ/ΚΟΙΝΌΤΗΤΑ ΜΟΝΟΛΊΘΟΥ/ΚΟΙΝΌΤΗΤΑ ΝΙΚΙΏΝ/ΚΟΙΝΌΤΗΤΑ ΟΛΎΜΠΟΥ/ΚΟΙΝΌΤΗΤΑ ΠΑΡΑΔΕΙΣΊΟΥ/ΚΟΙΝΌΤΗΤΑ ΠΑΣΤΊΔΑΣ/ΚΟΙΝΌΤΗΤΑ ΠΛΑΤΑΝΊΩΝ/ΚΟΙΝΌΤΗΤΑ ΠΡΟΦΊΛΙΑΣ/ΚΟΙΝΌΤΗΤΑ ΠΥΛΊΟΥ/ΚΟΙΝΌΤΗΤΑ ΠΥΛΏΝ/ΚΟΙΝΌΤΗΤΑ ΠΥΛΏΝΟΣ/ΚΟΙΝΌΤΗΤΑ ΡΌΔΟΥ/ΚΟΙΝΌΤΗΤΑ ΣΑΛΆΚΟΥ/ΚΟΙΝΌΤΗΤΑ ΣΙΆΝΩΝ/ΚΟΙΝΌΤΗΤΑ ΣΟΡΩΝΉΣ/ΚΟΙΝΌΤΗΤΑ ΣΠΌΩΝ/ΚΟΙΝΌΤΗΤΑ ΦΑΝΏΝ/ΚΟΙΝΌΤΗΤΑ ΨΊΝΘΟΥ/ΨΕΥΔΟΚΟΙΝΟΤΗΤΑ ΑΓΑΘΟΝΗΣΙΟΥ/ΨΕΥΔΟΚΟΙΝΟΤΗΤΑ ΚΑΛΥΜΝΙΩΝ/ΨΕΥΔΟΚΟΙΝΟΤΗΤΑ ΚΑΣΟΥ/ΨΕΥΔΟΚΟΙΝΟΤΗΤΑ ΛΕΙΨΩΝ/ΨΕΥΔΟΚΟΙΝΟΤΗΤΑ ΛΕΡΟΥ/ΨΕΥΔΟΚΟΙΝΟΤΗΤΑ ΜΕΓΙΣΤΗΣ/ΨΕΥΔΟΚΟΙΝΟΤΗΤΑ ΠΑΤΜΟΥ/ΨΕΥΔΟΚΟΙΝΟΤΗΤΑ ΣΥΜΗΣ/ΨΕΥΔΟΚΟΙΝΟΤΗΤΑ ΧΑΛΚΗΣ,na,na,6/21/1996
GR_29,Σάμος / Samos,GR,DAFNOELIA/KALAMON/KORONEIKI/LIANOLIA/THROUMBOLIA,na,na,na,na,25-30 (THRUMBOLIA)/20-25 (KORONEIKI),na,na,na,na,na,na,https://ec.europa.eu/agriculture/eambrosia/geographical-indications-register/details/EUGI00000013013,ΚΟΙΝΌΤΗΤΑ ΑΓΊΟΥ ΚΗΡΎΚΟΥ/ΚΟΙΝΌΤΗΤΑ ΑΓΊΟΥ ΚΩΝΣΤΑΝΤΊΝΟΥ/ΚΟΙΝΌΤΗΤΑ ΑΓΊΟΥ ΠΟΛΥΚΆΡΠΟΥ/ΚΟΙΝΌΤΗΤΑ ΑΓΊΩΝ ΘΕΟΔΏΡΩΝ/ΚΟΙΝΌΤΗΤΑ ΑΜΠΈΛΟΥ/ΚΟΙΝΌΤΗΤΑ ΑΡΕΘΟΎΣΗΣ/ΚΟΙΝΌΤΗΤΑ ΒΑΘΈΟΣ/ΚΟΙΝΌΤΗΤΑ ΒΟΥΡΛΙΩΤΏΝ/ΚΟΙΝΌΤΗΤΑ ΔΆΦΝΗΣ/ΚΟΙΝΌΤΗΤΑ ΔΡΑΚΑΊΩΝ/ΚΟΙΝΌΤΗΤΑ ΕΥΔΉΛΟΥ/ΚΟΙΝΌΤΗΤΑ ΚΑΛΛΙΘΈΑΣ/ΚΟΙΝΌΤΗΤΑ ΚΑΡΑΒΟΣΤΆΜΟΥ/ΚΟΙΝΌΤΗΤΑ ΚΑΡΚΙΝΑΓΡΊΟΥ/ΚΟΙΝΌΤΗΤΑ ΚΑΡΛΟΒΑΣΊΩΝ/ΚΟΙΝΌΤΗΤΑ ΚΑΣΤΑΝΈΑΣ/ΚΟΙΝΌΤΗΤΑ ΚΟΚΚΑΡΊΟΥ/ΚΟΙΝΌΤΗΤΑ ΚΟΝΤΑΙΊΚΩΝ/ΚΟΙΝΌΤΗΤΑ ΚΟΝΤΑΚΑΙΊΚΩΝ/ΚΟΙΝΌΤΗΤΑ ΚΟΣΜΑΔΑΊΩΝ/ΚΟΙΝΌΤΗΤΑ ΚΟΥΜΑΙΊΚΩΝ/ΚΟΙΝΌΤΗΤΑ ΚΟΥΜΑΡΑΔΑΊΩΝ/ΚΟΙΝΌΤΗΤΑ ΛΈΚΑΣ/ΚΟΙΝΌΤΗΤΑ ΜΎΛΩΝ/ΚΟΙΝΌΤΗΤΑ ΜΑΓΓΑΝΊΤΟΥ/ΚΟΙΝΌΤΗΤΑ ΜΑΝΟΛΑΤΏΝ/ΚΟΙΝΌΤΗΤΑ ΜΑΡΑΘΟΚΆΜΠΟΥ/ΚΟΙΝΌΤΗΤΑ ΜΑΥΡΑΤΖΑΊΩΝ/ΚΟΙΝΌΤΗΤΑ ΜΕΣΟΓΕΊΟΥ/ΚΟΙΝΌΤΗΤΑ ΜΥΤΙΛΗΝΙΏΝ/ΚΟΙΝΌΤΗΤΑ ΝΕΟΧΩΡΊΟΥ/ΚΟΙΝΌΤΗΤΑ ΠΎΡΓΟΥ/ΚΟΙΝΌΤΗΤΑ ΠΑΓΏΝΔΟΥ/ΚΟΙΝΌΤΗΤΑ ΠΑΛΑΙΟΚΆΣΤΡΟΥ/ΚΟΙΝΌΤΗΤΑ ΠΑΝΔΡΌΣΟΥ/ΚΟΙΝΌΤΗΤΑ ΠΕΡΔΙΚΊΟΥ/ΚΟΙΝΌΤΗΤΑ ΠΛΑΤΆΝΟΥ/ΚΟΙΝΌΤΗΤΑ ΠΥΘΑΓΟΡΕΊΟΥ/ΚΟΙΝΌΤΗΤΑ ΡΑΧΏΝ/ΚΟΙΝΌΤΗΤΑ ΣΑΜΊΩΝ/ΚΟΙΝΌΤΗΤΑ ΣΚΟΥΡΑΙΊΚΩΝ/ΚΟΙΝΌΤΗΤΑ ΣΠΑΘΑΡΑΊΩΝ/ΚΟΙΝΌΤΗΤΑ ΣΤΑΥΡΙΝΉΔΩΝ/ΚΟΙΝΌΤΗΤΑ ΥΔΡΟΎΣΣΗΣ/ΚΟΙΝΌΤΗΤΑ ΦΡΑΝΤΆΤΟΥ/ΚΟΙΝΌΤΗΤΑ ΧΏΡΑΣ/ΚΟΙΝΌΤΗΤΑ ΧΡΥΣΟΣΤΌΜΟΥ/ΨΕΥΔΟΚΟΙΝΟΤΗΤΑ ΦΟΥΡΝΩΝ ΚΟΡΣΕΩΝ,na,na,7/18/1998
GR_30,Σητεία Λασιθίου Κρήτης / Sitia Lasithiou Kritis,GR,KORONEIKI,extra virgin olive oil,na,allowed,na,na,"0,8",15,"2,3","0,15",na,"0,005",https://ec.europa.eu/agriculture/eambrosia/geographical-indications-register/details/EUGI00000013023,ΚΟΙΝΌΤΗΤΑ ΈΞΩ ΜΟΥΛΙΑΝΏΝ/ΚΟΙΝΌΤΗΤΑ ΑΓΊΑΣ ΤΡΙΆΔΟΣ/ΚΟΙΝΌΤΗΤΑ ΑΓΊΟΥ ΓΕΩΡΓΊΟΥ ΣΗΤΕΊΑΣ/ΚΟΙΝΌΤΗΤΑ ΑΓΊΟΥ ΣΤΕΦΆΝΟΥ/ΚΟΙΝΌΤΗΤΑ ΑΠΙΔΊΩΝ/ΚΟΙΝΌΤΗΤΑ ΑΡΜΈΝΩΝ/ΚΟΙΝΌΤΗΤΑ ΑΧΛΑΔΊΩΝ/ΚΟΙΝΌΤΗΤΑ ΖΆΚΡΟΥ/ΚΟΙΝΌΤΗΤΑ ΖΊΡΟΥ/ΚΟΙΝΌΤΗΤΑ ΚΑΡΥΔΊΟΥ/ΚΟΙΝΌΤΗΤΑ ΚΑΤΣΙΔΩΝΊΟΥ/ΚΟΙΝΌΤΗΤΑ ΚΡΥΏΝ/ΚΟΙΝΌΤΗΤΑ ΛΆΣΤΡΟΥ/ΚΟΙΝΌΤΗΤΑ ΛΙΘΙΝΏΝ/ΚΟΙΝΌΤΗΤΑ ΜΈΣΑ ΜΟΥΛΙΑΝΏΝ/ΚΟΙΝΌΤΗΤΑ ΜΑΡΩΝΊΑΣ/ΚΟΙΝΌΤΗΤΑ ΜΥΡΣΊΝΗΣ/ΚΟΙΝΌΤΗΤΑ ΟΡΕΙΝΟΎ/ΚΟΙΝΌΤΗΤΑ ΠΑΛΑΙΚΆΣΤΡΟΥ/ΚΟΙΝΌΤΗΤΑ ΠΑΠΠΑΓΙΑΝΝΆΔΩΝ/ΚΟΙΝΌΤΗΤΑ ΠΕΎΚΩΝ/ΚΟΙΝΌΤΗΤΑ ΠΕΡΙΒΟΛΑΚΊΩΝ/ΚΟΙΝΌΤΗΤΑ ΠΙΣΚΟΚΕΦΆΛΟΥ/ΚΟΙΝΌΤΗΤΑ ΠΡΑΙΣΟΎ/ΚΟΙΝΌΤΗΤΑ ΡΟΎΣΣΑΣ ΕΚΚΛΗΣΊΑΣ/ΚΟΙΝΌΤΗΤΑ ΣΚΟΠΉΣ/ΚΟΙΝΌΤΗΤΑ ΣΤΑΥΡΟΧΩΡΊΟΥ/ΚΟΙΝΌΤΗΤΑ ΣΤΑΥΡΩΜΈΝΟΥ/ΚΟΙΝΌΤΗΤΑ ΣΦΆΚΑΣ/ΚΟΙΝΌΤΗΤΑ ΤΟΥΡΛΩΤΉΣ/ΚΟΙΝΌΤΗΤΑ ΧΑΜΕΖΊΟΥ/ΚΟΙΝΌΤΗΤΑ ΧΑΝΔΡΆ/ΚΟΙΝΌΤΗΤΑ ΧΡΥΣΟΠΗΓΉΣ,na,na,1/21/1998
GR_31,Φοινίκι Λακωνίας / Finiki Lakonias,GR,ASPROLIA/ATHINOLIA/KORONEIKI,extra virgin olive oil,na,allowed,na,na,1,na,"2,5",na,"0,002","0,005",https://ec.europa.eu/agriculture/eambrosia/geographical-indications-register/details/EUGI00000013720,ΚΟΙΝΌΤΗΤΑ ΦΟΙΝΙΚΊΟΥ,na,6/26/2001,7/23/2003
GR_32,Χανιά Κρήτης / Chania Kritis,GR,KORONEIKI/TSOUNATI,extra virgin olive oil,na,na,na,0.2,2,na,na,na,na,na,https://ec.europa.eu/agriculture/eambrosia/geographical-indications-register/details/EUGI00000013014,ΚΟΙΝΌΤΗΤΑ ΈΛΟΥΣ/ΚΟΙΝΌΤΗΤΑ ΊΜΠΡΟΥ/ΚΟΙΝΌΤΗΤΑ ΑΓΊΑΣ ΜΑΡΊΝΗΣ/ΚΟΙΝΌΤΗΤΑ ΑΓΊΑΣ ΡΟΥΜΈΛΗΣ/ΚΟΙΝΌΤΗΤΑ ΑΓΊΟΥ ΙΩΆΝΝΟΥ/ΚΟΙΝΌΤΗΤΑ ΑΓΙΆΣ/ΚΟΙΝΌΤΗΤΑ ΑΛΙΚΆΜΠΟΥ/ΚΟΙΝΌΤΗΤΑ ΑΛΙΚΙΑΝΟΎ/ΚΟΙΝΌΤΗΤΑ ΑΜΥΓΔΑΛΟΚΕΦΑΛΊΟΥ/ΚΟΙΝΌΤΗΤΑ ΑΝΏΣΚΕΛΗΣ/ΚΟΙΝΌΤΗΤΑ ΑΝΩΠΌΛΕΩΣ/ΚΟΙΝΌΤΗΤΑ ΑΠΤΈΡΩΝ/ΚΟΙΝΌΤΗΤΑ ΑΡΜΈΝΩΝ/ΚΟΙΝΌΤΗΤΑ ΑΡΩΝΊΟΥ/ΚΟΙΝΌΤΗΤΑ ΑΣΉ ΓΩΝΙΆΣ/ΚΟΙΝΌΤΗΤΑ ΑΣΚΎΦΟΥ/ΚΟΙΝΌΤΗΤΑ ΑΣΦΈΝΔΟΥ/ΚΟΙΝΌΤΗΤΑ ΑΦΡΆΤΩΝ/ΚΟΙΝΌΤΗΤΑ ΒΆΘΗΣ/ΚΟΙΝΌΤΗΤΑ ΒΆΜΟΥ/ΚΟΙΝΌΤΗΤΑ ΒΑΜΒΑΚΟΠΟΎΛΟΥ/ΚΟΙΝΌΤΗΤΑ ΒΑΡΎΠΕΤΡΟΥ/ΚΟΙΝΌΤΗΤΑ ΒΑΣΙΛΟΠΟΎΛΟΥ/ΚΟΙΝΌΤΗΤΑ ΒΑΤΟΛΆΚΚΟΥ/ΚΟΙΝΌΤΗΤΑ ΒΑΦΈ/ΚΟΙΝΌΤΗΤΑ ΒΛΆΤΟΥΣ/ΚΟΙΝΌΤΗΤΑ ΒΛΑΧΕΡΩΝΙΤΊΣΣΗΣ/ΚΟΙΝΌΤΗΤΑ ΒΟΘΙΑΝΏΝ/ΚΟΙΝΌΤΗΤΑ ΒΟΥΒΏΝ/ΚΟΙΝΌΤΗΤΑ ΒΟΥΚΟΛΙΏΝ/ΚΟΙΝΌΤΗΤΑ ΒΟΥΛΓΆΡΩ/ΚΟΙΝΌΤΗΤΑ ΒΟΥΤΆ/ΚΟΙΝΌΤΗΤΑ ΒΡΥΣΏΝ ΑΠΟΚΟΡΏΝΟΥ/ΚΟΙΝΌΤΗΤΑ ΒΡΥΣΏΝ ΚΥΔΩΝΊΑΣ/ΚΟΙΝΌΤΗΤΑ ΓΑΒΑΛΟΧΩΡΊΟΥ/ΚΟΙΝΌΤΗΤΑ ΓΑΛΑΤΆ/ΚΟΙΝΌΤΗΤΑ ΓΕΡΑΝΊΟΥ/ΚΟΙΝΌΤΗΤΑ ΓΕΩΡΓΙΟΥΠΌΛΕΩΣ/ΚΟΙΝΌΤΗΤΑ ΓΛΏΣΣΗΣ/ΚΟΙΝΌΤΗΤΑ ΓΡΑΜΒΟΥΣΉΣ/ΚΟΙΝΌΤΗΤΑ ΔΑΡΆΤΣΟΥ/ΚΟΙΝΌΤΗΤΑ ΔΕΛΙΑΝΏΝ/ΚΟΙΝΌΤΗΤΑ ΔΡΑΚΌΝΑΣ/ΚΟΙΝΌΤΗΤΑ ΔΡΑΠΑΝΙΆ/ΚΟΙΝΌΤΗΤΑ ΕΜΠΡΟΣΝΈΡΟΥ/ΚΟΙΝΌΤΗΤΑ ΕΠΑΝΩΧΩΡΊΟΥ/ΚΟΙΝΌΤΗΤΑ ΕΠΙΣΚΟΠΉΣ/ΚΟΙΝΌΤΗΤΑ ΖΟΥΝΑΚΊΟΥ/ΚΟΙΝΌΤΗΤΑ ΖΥΜΠΡΑΓΟΎ/ΚΟΙΝΌΤΗΤΑ ΘΕΡΊΣΟΥ/ΚΟΙΝΌΤΗΤΑ ΚΆΙΝΑΣ/ΚΟΙΝΌΤΗΤΑ ΚΆΜΠΟΥ/ΚΟΙΝΌΤΗΤΑ ΚΆΜΠΩΝ/ΚΟΙΝΌΤΗΤΑ ΚΑΚΟΔΙΚΊΟΥ/ΚΟΙΝΌΤΗΤΑ ΚΑΚΟΠΈΤΡΟΥ/ΚΟΙΝΌΤΗΤΑ ΚΑΛΑΘΕΝΏΝ/ΚΟΙΝΌΤΗΤΑ ΚΑΛΑΜΙΤΣΊΟΥ ΑΛΕΞΆΝΔΡΟΥ/ΚΟΙΝΌΤΗΤΑ ΚΑΛΑΜΙΤΣΊΟΥ ΑΜΥΓΔΑΛΊΟΥ/ΚΟΙΝΌΤΗΤΑ ΚΑΛΛΕΡΓΙΑΝΏΝ/ΚΟΙΝΌΤΗΤΑ ΚΑΛΟΥΔΙΑΝΏΝ/ΚΟΙΝΌΤΗΤΑ ΚΑΛΥΒΏΝ/ΚΟΙΝΌΤΗΤΑ ΚΑΛΥΔΟΝΊΑΣ/ΚΟΙΝΌΤΗΤΑ ΚΑΜΙΣΙΑΝΏΝ/ΚΟΙΝΌΤΗΤΑ ΚΑΜΠΑΝΟΎ/ΚΟΙΝΌΤΗΤΑ ΚΑΝΔΆΝΟΥ/ΚΟΙΝΌΤΗΤΑ ΚΑΡΆΝΟΥ/ΚΟΙΝΌΤΗΤΑ ΚΑΡΏΝ ΑΠΟΚΟΡΏΝΟΥ/ΚΟΙΝΌΤΗΤΑ ΚΑΡΏΝ ΚΙΣΣΆΜΟΥ/ΚΟΙΝΌΤΗΤΑ ΚΑΣΤΈΛΛΟΥ/ΚΟΙΝΌΤΗΤΑ ΚΕΦΑΛΆ/ΚΟΙΝΌΤΗΤΑ ΚΕΦΑΛΊΟΥ/ΚΟΙΝΌΤΗΤΑ ΚΙΣΣΆΜΟΥ/ΚΟΙΝΌΤΗΤΑ ΚΟΚΚΊΝΟΥ ΧΩΡΊΟΥ/ΚΟΙΝΌΤΗΤΑ ΚΟΛΥΜΒΑΡΊΟΥ/ΚΟΙΝΌΤΗΤΑ ΚΟΝΤΟΜΑΡΊΟΥ/ΚΟΙΝΌΤΗΤΑ ΚΟΝΤΟΠΟΎΛΩΝ/ΚΟΙΝΌΤΗΤΑ ΚΟΥΚΟΥΝΑΡΆΣ/ΚΟΙΝΌΤΗΤΑ ΚΟΥΝΟΥΠΙΔΙΑΝΏΝ/ΚΟΙΝΌΤΗΤΑ ΚΟΥΡΝΆ/ΚΟΙΝΌΤΗΤΑ ΚΟΥΦΟΎ/ΚΟΙΝΌΤΗΤΑ ΚΥΠΑΡΊΣΣΟΥ/ΚΟΙΝΌΤΗΤΑ ΛΆΚΚΩΝ/ΚΟΙΝΌΤΗΤΑ ΛΟΥΣΑΚΙΏΝ/ΚΟΙΝΌΤΗΤΑ ΜΆΖΗΣ/ΚΟΙΝΌΤΗΤΑ ΜΆΛΕΜΕ/ΚΟΙΝΌΤΗΤΑ ΜΑΛΆΞΑΣ/ΚΟΙΝΌΤΗΤΑ ΜΑΛΑΘΎΡΟΥ/ΚΟΙΝΌΤΗΤΑ ΜΑΝΟΛΙΟΠΟΎΛΟΥ/ΚΟΙΝΌΤΗΤΑ ΜΑΧΑΙΡΏΝ/ΚΟΙΝΌΤΗΤΑ ΜΕΛΙΔΟΝΊΟΥ/ΚΟΙΝΌΤΗΤΑ ΜΕΣΚΛΏΝ/ΚΟΙΝΌΤΗΤΑ ΜΟΔΊΟΥ/ΚΟΙΝΌΤΗΤΑ ΜΟΥΖΟΥΡΆ/ΚΟΙΝΌΤΗΤΑ ΜΟΥΡΝΙΏΝ/ΚΟΙΝΌΤΗΤΑ ΝΈΟΥ ΧΩΡΊΟΥ ΑΠΟΚΟΡΏΝΟΥ/ΚΟΙΝΌΤΗΤΑ ΝΈΟΥ ΧΩΡΊΟΥ ΚΥΔΩΝΊΑΣ/ΚΟΙΝΌΤΗΤΑ ΝΊΠΟΥΣ/ΚΟΙΝΌΤΗΤΑ ΝΕΡΙΑΝΏΝ/ΚΟΙΝΌΤΗΤΑ ΝΕΡΟΚΟΎΡΟΥ/ΚΟΙΝΌΤΗΤΑ ΝΟΧΙΏΝ/ΚΟΙΝΌΤΗΤΑ ΝΤΕΡΈ/ΚΟΙΝΌΤΗΤΑ ΞΑΜΟΥΔΟΧΩΡΊΟΥ/ΚΟΙΝΌΤΗΤΑ ΞΗΡΟΣΤΕΡΝΊΟΥ/ΚΟΙΝΌΤΗΤΑ ΟΡΘΟΥΝΊΟΥ/ΚΟΙΝΌΤΗΤΑ ΠΑΛΑΙΏΝ ΡΟΥΜΆΤΩΝ/ΚΟΙΝΌΤΗΤΑ ΠΑΛΑΙΟΧΏΡΑΣ/ΚΟΙΝΌΤΗΤΑ ΠΑΝΕΘΉΜΟΥ/ΚΟΙΝΌΤΗΤΑ ΠΑΠΠΑΔΙΑΝΏΝ/ΚΟΙΝΌΤΗΤΑ ΠΑΤΣΙΑΝΟΎ/ΚΟΙΝΌΤΗΤΑ ΠΑΪΔΟΧΩΡΊΟΥ/ΚΟΙΝΌΤΗΤΑ ΠΕΜΟΝΊΩΝ/ΚΟΙΝΌΤΗΤΑ ΠΕΡΒΟΛΑΚΊΩΝ/ΚΟΙΝΌΤΗΤΑ ΠΕΡΙΒΟΛΊΩΝ ΚΙΣΣΆΜΟΥ/ΚΟΙΝΌΤΗΤΑ ΠΕΡΙΒΟΛΊΩΝ ΚΥΔΩΝΊΑΣ/ΚΟΙΝΌΤΗΤΑ ΠΛΆΚΑΣ/ΚΟΙΝΌΤΗΤΑ ΠΛΑΤΆΝΟΥ/ΚΟΙΝΌΤΗΤΑ ΠΛΑΤΑΝΙΆ/ΚΟΙΝΌΤΗΤΑ ΠΛΑΤΥΒΌΛΑΣ/ΚΟΙΝΌΤΗΤΑ ΠΛΕΜΕΝΙΑΝΏΝ/ΚΟΙΝΌΤΗΤΑ ΠΟΛΕΜΑΡΧΊΟΥ/ΚΟΙΝΌΤΗΤΑ ΠΟΛΥΡΡΗΝΊΑΣ/ΚΟΙΝΌΤΗΤΑ ΠΟΤΑΜΊΔΑΣ/ΚΟΙΝΌΤΗΤΑ ΠΡΑΣΈ/ΚΟΙΝΌΤΗΤΑ ΡΌΚΚΑΣ/ΚΟΙΝΌΤΗΤΑ ΡΑΒΔΟΎΧΑΣ/ΚΟΙΝΌΤΗΤΑ ΡΑΜΝΉΣ/ΚΟΙΝΌΤΗΤΑ ΡΟΔΟΒΑΝΊΟΥ/ΚΟΙΝΌΤΗΤΑ ΡΟΔΩΠΟΎ/ΚΟΙΝΌΤΗΤΑ ΣΈΜΠΡΩΝΑ/ΚΟΙΝΌΤΗΤΑ ΣΑΡΑΚΉΝΑΣ/ΚΟΙΝΌΤΗΤΑ ΣΑΣΆΛΟΥ/ΚΟΙΝΌΤΗΤΑ ΣΕΛΛΊΩΝ/ΚΟΙΝΌΤΗΤΑ ΣΗΡΙΚΑΡΊΟΥ/ΚΟΙΝΌΤΗΤΑ ΣΙΡΙΛΊΟΥ/ΚΟΙΝΌΤΗΤΑ ΣΚΆΦΗΣ/ΚΟΙΝΌΤΗΤΑ ΣΚΑΛΩΤΉΣ/ΚΟΙΝΌΤΗΤΑ ΣΚΙΝΈ/ΚΟΙΝΌΤΗΤΑ ΣΚΛΑΒΟΠΟΎΛΑΣ/ΚΟΙΝΌΤΗΤΑ ΣΟΎΓΙΑΣ/ΚΟΙΝΌΤΗΤΑ ΣΟΎΔΑΣ/ΚΟΙΝΌΤΗΤΑ ΣΠΗΛΙΆΣ/ΚΟΙΝΌΤΗΤΑ ΣΤΎΛΟΥ/ΚΟΙΝΌΤΗΤΑ ΣΤΑΛΟΎ/ΚΟΙΝΌΤΗΤΑ ΣΤΕΡΝΏΝ/ΚΟΙΝΌΤΗΤΑ ΣΤΡΟΒΛΏΝ/ΚΟΙΝΌΤΗΤΑ ΣΦΑΚΟΠΗΓΑΔΊΟΥ/ΚΟΙΝΌΤΗΤΑ ΤΑΥΡΩΝΊΤΟΥ/ΚΟΙΝΌΤΗΤΑ ΤΕΜΕΝΊΩΝ/ΚΟΙΝΌΤΗΤΑ ΤΖΙΤΖΙΦΈ/ΚΟΙΝΌΤΗΤΑ ΤΟΠΟΛΊΩΝ/ΚΟΙΝΌΤΗΤΑ ΤΣΙΚΑΛΑΡΙΏΝ/ΚΟΙΝΌΤΗΤΑ ΦΑΛΕΛΙΑΝΏΝ/ΚΟΙΝΌΤΗΤΑ ΦΟΥΡΝΈ/ΚΟΙΝΌΤΗΤΑ ΦΡΕ/ΚΟΙΝΌΤΗΤΑ ΦΥΛΑΚΉΣ/ΚΟΙΝΌΤΗΤΑ ΧΏΡΑΣ ΣΦΑΚΊΩΝ/ΚΟΙΝΌΤΗΤΑ ΧΑΙΡΕΘΙΑΝΏΝ/ΚΟΙΝΌΤΗΤΑ ΧΑΝΊΩΝ/ΚΟΙΝΌΤΗΤΑ ΧΡΥΣΑΥΓΉΣ/ΚΟΙΝΌΤΗΤΑ ΧΩΡΔΑΚΊΟΥ/ΚΟΙΝΌΤΗΤΑ ΨΑΘΟΓΙΆΝΝΟΥ/ΨΕΥΔΟΚΟΙΝΟΤΗΤΑ ΓΑΥΔΟΥ,na,na,6/21/1996
HR_1,Bračko maslinovo ulje,HR,OBLICA,extra virgin olive oil,na,na,280,17-22 (OBLICA),"0,6",15,na,na,"0,22",na,https://ec.europa.eu/agriculture/eambrosia/geographical-indications-register/details/EUGI00000017280,BOL/MILNA/NEREŽIŠĆA/POSTIRA/PUČIŠĆA/SELCA/SUPETAR/SUTIVAN,3/18/2020,10/4/2021,1/31/2022
HR_2,Ekstra djevičansko maslinovo ulje Cres,HR,PLOMINKA/SLIVNJAČA,extra virgin olive oil,na,na,280,na,"0,5",16,"2,2",na,"0,2",na,https://ec.europa.eu/agriculture/eambrosia/geographical-indications-register/details/EUGI00000014545,CRES/MALI LOŠINJ,3/3/2014,2/19/2015,7/15/2015
HR_3,Istra,HR,BIANCHERA)/BUGA (ČRNA)/BUŽA/DROBNICA/FRANTOIO/ISTARSKA BELICA (ISTRSKA BELICA/ISTARSKA BJELICA/KARBONACA/LECCINO/MATA/MAURINO/MORAIOLO/PENDOLINO AND PICHOLINE/PLOMINKA/PUNTOŽA/ROŠINJOLA/ČRNICA/ŠTORTA/ŽIŽOLERA,extra virgin olive oil,na,na,450,na,"0,4",12,"2,25",na,"0,2","0,01",https://ec.europa.eu/agriculture/eambrosia/geographical-indications-register/details/EUGI00000015982,BALE - VALLE/BARBAN/BRTONIGLA - VERTENEGLIO/BUJE - BUIE/BUZET/CEROVLJE/FAŽANA - FASANA/FUNTANA - FONTANE/GRAČIŠĆE/GROŽNJAN - GRISIGNANA/KANFANAR/KAROJBA/KAŠTELIR-LABINCI - CASTELLIERE-S. DOMENICA/KRŠAN/LABIN/LANIŠĆE/LIŽNJAN - LISIGNANO/LUPOGLAV/MARČANA/MOTOVUN - MONTONA/NOVIGRAD - CITTANOVA/OPRTALJ - PORTOLE/PAZIN/PIĆAN/POREČ - PARENZO/PULA - POLA/RAŠA/ROVINJ - ROVIGNO/SVETA NEDELJA/SVETI LOVREČ/SVETI PETAR U ŠUMI/SVETVINČENAT/TAR-VABRIGA - TORRE-ABREGA/TINJAN/UMAG - UMAGO/VIŠNJAN - VISIGNANO/VIŽINADA - VISINADA/VODNJAN - DIGNANO/VRSAR - ORSERA/ŽMINJ,7/30/2015,3/23/2016,2/27/2019
HR_4,Korčulansko maslinovo ulje,HR,DROBNICA/LASTOVKA,extra virgin olive oil,na,na,na,16.4-24 (LASTOVKA)/16.4-23.10 (DROBNICA),"0,6",12,"2,5",na,"0,22",na,https://ec.europa.eu/agriculture/eambrosia/geographical-indications-register/details/EUGI00000015911,BLATO/KORČULA/LUMBARDA/SMOKVICA/VELA LUKA,7/1/2015,5/26/2016,10/5/2016
HR_5,Krčko maslinovo ulje,HR,DEBELA/NAŠKA/ROŠULJA/SLATKA,extra virgin olive oil,na,na,250,20 (DEBELA)/19 (NAŠKA)/19.4 (ROŠULJA)/16 (SLATKA),"0,5",16,"2,25",na,"0,2",na,https://ec.europa.eu/agriculture/eambrosia/geographical-indications-register/details/EUGI00000015923,BAŠKA/DOBRINJ/KRK/MALINSKA-DUBAŠNICA/OMIŠALJ/PUNAT/VRBNIK,6/19/2015,3/15/2016,7/6/2016
HR_6,Šoltansko maslinovo ulje,HR,LEVANTINKA (ŠOLTANKA)/OBLICA,extra virgin olive oil,na,na,250,16-22 (LEVANTINKA)/17-22 (OBLICA),"0,7",14,"2,5",na,"0,22","0,01",https://ec.europa.eu/agriculture/eambrosia/geographical-indications-register/details/EUGI00000015907,ŠOLTA,6/19/2015,6/2/2016,10/21/2016
IT_1,Alto Crotonese,IT,BORGESE/CAROLEA/LECCINO/PENNULARA/ROSSANESE/TONDA DI STRONGOLI,extra virgin olive oil,10000,na,400,≤20,"0,7",14,2,na,"0,2",na,https://ec.europa.eu/agriculture/eambrosia/geographical-indications-register/details/EUGI00000013511,CASTELSILANO/CERENZIA/PALLAGORIO/SAN NICOLA DELL'ALTO/VERZINO,6/14/2001,10/29/2002,7/16/2003
IT_2,Aprutino Pescarese,IT,DRITTA/LECCINO/TOCCOLANA,extra virgin olive oil,10980,na,na,≤22,"0,6",12,na,na,"0,17",na,https://ec.europa.eu/agriculture/eambrosia/geographical-indications-register/details/EUGI00000013403,ALANNO/BOLOGNANO/CAPPELLE SUL TAVO/CARPINETO DELLA NORA/CASTIGLIONE A CASAURIA/CATIGNANO/CEPAGATTI/CITTÀ SANT'ANGELO/CIVITAQUANA/CIVITELLA CASANOVA/COLLECORVINO/CORVARA/CUGNOLI/ELICE/LORETO APRUTINO/MANOPPELLO/MONTEBELLO DI BERTONA/MONTESILVANO/MOSCUFO/PENNE/PESCOSANSONESCO/PIANELLA/PICCIANO/PIETRANICO/ROSCIANO/SAN VALENTINO IN ABRUZZO CITERIORE/SCAFA/SPOLTORE/TOCCO DA CASAURIA/TORRE DE' PASSERI/TURRIVALIGNANI/VICOLI,na,na,7/2/1996
IT_3,Brisighella,IT,NOSTRANA DI BRISIGHELLA,extra virgin olive oil,5000,na,550,≤18,"0,3",13,"2,2",na,"0,2",na,https://ec.europa.eu/agriculture/eambrosia/geographical-indications-register/details/EUGI00000013391,BRISIGHELLA/CASOLA VALSENIO/FAENZA/MODIGLIANA/RIOLO TERME,na,6/24/2016,7/2/1996
IT_4,Bruzio,IT,CAROLEA/GROSSA DI CASSANO/ROSSANESE O DOLCE DI ROSSANO/TONDINA,extra virgin olive oil,12000,na,400,≤22,"0,8",14,"2,2",na,"0,2",na,https://ec.europa.eu/agriculture/eambrosia/geographical-indications-register/details/EUGI00000013396,ACQUAFORMOSA/ALTOMONTE/BISIGNANO/CALOPEZZATI/CALOVETO/CARIATI/CASSANO ALL'IONIO/CASTROVILLARI/CERCHIARA DI CALABRIA/CERVICATI/CERZETO/CIVITA/CORIGLIANO-ROSSANO/CROPALATI/CROSIA/FIRMO/FRANCAVILLA MARITTIMA/FRASCINETO/LATTARICO/LUNGRO/MANDATORICCIO/MONGRASSANO/MONTALTO UFFUGO/PALUDI/PIETRAPAOLA/PLATACI/RENDE/ROGGIANO GRAVINA/ROTA GRECA/SAN BASILE/SAN COSMO ALBANESE/SAN DEMETRIO CORONE/SAN GIORGIO ALBANESE/SAN LORENZO DEL VALLO/SAN MARCO ARGENTANO/SAN MARTINO DI FINITA/SAN VINCENZO LA COSTA/SANTA SOFIA D'EPIRO/SARACENA/SCALA COELI/SPEZZANO ALBANESE/TARSIA/TERRANOVA DA SIBARI/TERRAVECCHIA/TORANO CASTELLO/VACCARIZZO ALBANESE/VILLAPIANA,na,na,6/13/1997
IT_5,Canino,IT,CANINESE/FRANTOIO/LECCINO/MAURINO/PENDOLINO,extra virgin olive oil,12000,na,700,≤18,"0,5",10,na,na,na,na,https://ec.europa.eu/agriculture/eambrosia/geographical-indications-register/details/EUGI00000013386,ARLENA DI CASTRO/CANINO/CELLERE/FARNESE/ISCHIA DI CASTRO/MONTALTO DI CASTRO/TESSENNANO/TUSCANIA,na,4/12/2018,7/2/1996
IT_6,Cartoceto,IT,FRANTOIO/LECCINO/MORAIOLO/PENDOLINO/RAGGIA/RAGGIOLA,extra virgin olive oil,9000,allowed,na,≤18,"0,5",12,na,na,na,na,https://ec.europa.eu/agriculture/eambrosia/geographical-indications-register/details/EUGI00000013456,CARTOCETO/COLLI AL METAURO/FANO/MOMBAROCCIO,1/31/2003,2/17/2004,10/30/2004
IT_7,Chianti Classico,IT,"ALLORA/AMERICANO/ARANCINO/CILIEGINO/COLOMBINO/CORREGGIOLO/CORREGGIOLO DI PALLESSE/CUORICINO/DA CUCCARE/FILARE/FRANTOIANO DI MONTEMURLO/FRANTOIO/GINESTRINO/GIOGOLINO/GRAPPOLO/GREMIGNA TONDA/GREMIGNO DI FAUGLIA/GREMIGNO DI MONTECATINI/GREMIGNOLO/GREMIGNOLO DI BOLGHERI/GROSSAIO,GROSSOLANA/LARCIANESE/LASTRINO/LAZZERO/LAZZERO DELLA GUADALUPE/LAZZERO DI PRATA/LECCINO/LECCIO DEL CORNO/LECCIONE/MADONNA DELL’IMPRUNETA/MADREMIGNOLA/MANSINO/MAREMMANO/MARTELLINO/MARZIO/MAURINO/MELAIOLO/MIGNOLO/MIGNOLO CERRETANO/MORAIOLO/MORCAIO/MORCHIAIO/MORCONE/MORELLO A PUNTA/OLIVASTRA DI POPULONIA/OLIVASTRA DI SUVERETO/OLIVASTRA SEGGIANESE/OLIVO BUFALO/OLIVO DEL MULINO/OLIVO DEL PALONE/OLIVO DI CASAVECCHIA/OLIVO DI SAN LORENZO/ORNELLAIA/PENDAGLIOLO/PENDOLINO/PESCIATINO/PIANGENTE/PIGNOLO/PITURZELLO/PUNTERUOLO/QUERCETANO/RAZZAIO/RAZZO/ROMA PENDULA/ROSINO/ROSSELLINO/ROSSELLINO CERRETANO/ROSSELLO/S. FRANCESCO/S. LAZZERO/SALCINO/SANTA CATERINA/SCARLINESE/SELVATICA TARDIVA/TONDELLO/TRILLO",extra virgin olive oil,na,na,na,≤20,"0,5",12,na,na,na,na,https://ec.europa.eu/agriculture/eambrosia/geographical-indications-register/details/EUGI00000013317,BARBERINO TAVARNELLE/CASTELLINA IN CHIANTI/CASTELNUOVO BERARDENGA/GAIOLE IN CHIANTI/GREVE IN CHIANTI/POGGIBONSI/RADDA IN CHIANTI/SAN CASCIANO IN VAL DI PESA,na,3/31/2000,11/7/2000
IT_8,Cilento,IT,FRANTOIO/LECCINO/OGLIAROLA (UOGLIAROLA)/PISCIOTTANA/ROTONDELLA/SALELLA,extra virgin olive oil,13200,na,na,≤22,"0,7",12,"2,2",na,na,na,https://ec.europa.eu/agriculture/eambrosia/geographical-indications-register/details/EUGI00000013330,AGROPOLI/ALFANO/ASCEA/BUONABITACOLO/CAMEROTA/CAMPORA/CANNALONGA/CASAL VELINO/CASALBUONO/CASALETTO SPARTANO/CASELLE IN PITTARI/CASTELLABATE/CASTELNUOVO CILENTO/CELLE DI BULGHERIA/CENTOLA/CERASO/CICERALE/CUCCARO VETERE/FUTANI/GIOI/GIUNGANO/ISPANI/LAUREANA CILENTO/LAURITO/LUSTRA/MAGLIANO VETERE/MOIO DELLA CIVITELLA/MONTANO ANTILIA/MONTECORICE/MONTEFORTE CILENTO/MONTESANO SULLA MARCELLANA/MORIGERATI/NOVI VELIA/OGLIASTRO CILENTO/OMIGNANO/ORRIA/PERDIFUMO/PERITO/PISCIOTTA/POLLICA/PRIGNANO CILENTO/ROCCAGLORIOSA/ROFRANO/RUTINO/SALENTO/SAN GIOVANNI A PIRO/SAN MAURO CILENTO/SAN MAURO LA BRUCA/SANTA MARINA/SANZA/SAPRI/SERRAMEZZANA/SESSA CILENTO/STELLA CILENTO/STIO/TORCHIARA/TORRACA/TORRE ORSAIA/TORTORELLA/TRENTINARA/VALLO DELLA LUCANIA/VIBONATI,na,na,6/13/1997
IT_9,Collina di Brindisi,IT,CELLINA DI NARDÒ/CORATINA/FRANTOIO/LECCINO/OGLIAROLA/PICHOLINE,extra virgin olive oil,15000,na,450,≤25,"0,8",14,"2,4",na,"0,16",na,https://ec.europa.eu/agriculture/eambrosia/geographical-indications-register/details/EUGI00000013387,CAROVIGNO/CEGLIE MESSAPICA/CISTERNINO/FASANO/OSTUNI/SAN MICHELE SALENTINO/SAN VITO DEI NORMANNI/VILLA CASTELLI,na,na,7/2/1996
IT_10,Colline di Romagna,IT,CORREGGIOLO/LECCINO/MORAIOLO/PENDOLINO/ROSSINA,extra virgin olive oil,7000,na,na,≤18,"0,4",12,na,na,na,na,https://ec.europa.eu/agriculture/eambrosia/geographical-indications-register/details/EUGI00000013520,BERTINORO/BORGHI/CASTROCARO TERME E TERRA DEL SOLE/CESENA/CIVITELLA DI ROMAGNA/CORIANO/DOVADOLA/FORLIMPOPOLI/FORLÌ/GEMMANO/LONGIANO/MELDOLA/MERCATO SARACENO/MISANO ADRIATICO/MONDAINO/MONTEFIORE CONCA/MONTEGRIDOLFO/MONTESCUDO-MONTE COLOMBO/MONTIANO/MORCIANO DI ROMAGNA/POGGIO TORRIANA/PREDAPPIO/RICCIONE/RIMINI/ROCCA SAN CASCIANO/RONCOFREDDO/SALUDECIO/SAN CLEMENTE/SAN GIOVANNI IN MARIGNANO/SANTARCANGELO DI ROMAGNA/SAVIGNANO SUL RUBICONE/SOGLIANO AL RUBICONE/VERUCCHIO,10/12/2001,11/22/2002,8/26/2003
IT_11,Colline Pontine,IT,FRANTOIO/ITRANA/LECCINO,extra virgin olive oil,na,na,na,≤27,"0,6",12,na,na,na,na,https://ec.europa.eu/agriculture/eambrosia/geographical-indications-register/details/EUGI00000013669,APRILIA/BASSIANO/CAMPODIMELE/CASTELFORTE/CISTERNA DI LATINA/CORI/FONDI/FORMIA/ITRI/LENOLA/MAENZA/MINTURNO/MONTE SAN BIAGIO/NORMA/PRIVERNO/PROSSEDI/ROCCA MASSIMA/ROCCAGORGA/ROCCASECCA DEI VOLSCI/SANTI COSMA E DAMIANO/SERMONETA/SEZZE/SONNINO/SPIGNO SATURNIA/TERRACINA,9/28/2005,8/21/2009,3/26/2010
IT_12,Colline Salernitane,IT,CARPELLESE (NOSTRALE)/FRANTOIO/LECCINO/OGLIAROLA/ROTONDELLA,extra virgin olive oil,14400,na,na,≤20,"0,7",12,"2,2",na,na,na,https://ec.europa.eu/agriculture/eambrosia/geographical-indications-register/details/EUGI00000013328,ACERNO/ALBANELLA/ALTAVILLA SILENTINA/AMALFI/AQUARA/ATENA LUCANA/ATRANI/AULETTA/BARONISSI/BATTIPAGLIA/BELLIZZI/BELLOSGUARDO/BRACIGLIANO/BUCCINO/CAGGIANO/CALVANICO/CAMPAGNA/CAPACCIO PAESTUM/CASTEL SAN LORENZO/CASTELCIVITA/CASTELNUOVO DI CONZA/CASTIGLIONE DEL GENOVESI/CAVA DE' TIRRENI/CETARA/COLLIANO/CONCA DEI MARINI/CONTRONE/CONTURSI TERME/CORBARA/CORLETO MONFORTE/EBOLI/FELITTO/FISCIANO/FURORE/GIFFONI SEI CASALI/GIFFONI VALLE PIANA/LAURINO/LAVIANO/MAIORI/MERCATO SAN SEVERINO/MINORI/MONTE SAN GIACOMO/MONTECORVINO PUGLIANO/MONTECORVINO ROVELLA/OLEVANO SUL TUSCIANO/OLIVETO CITRA/OTTATI/PADULA/PALOMONTE/PELLEZZANO/PERTOSA/PETINA/PIAGGINE/POLLA/PONTECAGNANO FAIANO/POSITANO/POSTIGLIONE/PRAIANO/RAVELLO/RICIGLIANO/ROCCADASPIDE/ROCCAPIEMONTE/ROMAGNANO AL MONTE/ROSCIGNO/SACCO/SALA CONSILINA/SALERNO/SALVITELLE/SAN CIPRIANO PICENTINO/SAN GREGORIO MAGNO/SAN MANGO PIEMONTE/SAN PIETRO AL TANAGRO/SAN RUFO/SANT'ANGELO A FASANELLA/SANT'ARSENIO/SANTOMENNA/SARNO/SASSANO/SCALA/SERRE/SICIGNANO DEGLI ALBURNI/TEGGIANO/TRAMONTI/VALLE DELL'ANGELO/VALVA/VIETRI SUL MARE,na,na,6/13/1997
IT_13,Colline Teatine,IT,GENTILE DI CHIETI/LECCINO/MORAIOLO/NEBBIO,extra virgin olive oil,10980,na,na,≤22,"0,6",15,na,na,na,na,https://ec.europa.eu/agriculture/eambrosia/geographical-indications-register/details/EUGI00000013325,ALTINO/ARCHI/ARI/ARIELLI/ATESSA/BOMBA/BUCCHIANICO/CANOSA SANNITA/CARPINETO SINELLO/CARUNCHIO/CASACANDITELLA/CASALANGUIDA/CASALBORDINO/CASALINCONTRADA/CASOLI/CASTEL FRENTANO/CELENZA SUL TRIGNO/CHIETI/CIVITELLA MESSER RAIMONDO/CRECCHIO/CUPELLO/DOGLIOLA/FARA FILIORUM PETRI/FARA SAN MARTINO/FILETTO/FOSSACESIA/FRANCAVILLA AL MARE/FRESAGRANDINARIA/FRISA/FURCI/GESSOPALENA/GISSI/GIULIANO TEATINO/GUARDIAGRELE/GUILMI/LAMA DEI PELIGNI/LANCIANO/LENTELLA/LISCIA/MIGLIANICO/MONTEODORISIO/MOZZAGROGNA/ORSOGNA/ORTONA/PAGLIETA/PALMOLI/PALOMBARO/PENNADOMO/PENNAPIEDIMONTE/PERANO/POGGIOFIORITO/POLLUTRI/PRETORO/RAPINO/RIPA TEATINA/ROCCA SAN GIOVANNI/ROCCAMONTEPIANO/ROCCASCALEGNA/SAN BUONO/SAN GIOVANNI TEATINO/SAN MARTINO SULLA MARRUCINA/SAN SALVO/SAN VITO CHIETINO/SANT'EUSANIO DEL SANGRO/SANTA MARIA IMBARO/SCERNI/TARANTA PELIGNA/TOLLO/TORINO DI SANGRO/TORNARECCIO/TORREVECCHIA TEATINA/TORRICELLA PELIGNA/TREGLIO/TUFILLO/VACRI/VASTO/VILLA SANTA MARIA/VILLALFONSINA/VILLAMAGNA,na,na,11/25/1997
IT_14,Dauno,IT,CORATINA/OGLIAROLA/OGLIAROLA GARGANICA/PERANZANA (PROVENZALE)/ROTONDELLA,extra virgin olive oil,10000,na,na,≤25,"0,6",12,na,na,na,na,https://ec.europa.eu/agriculture/eambrosia/geographical-indications-register/details/EUGI00000013395,ACCADIA/ALBERONA/ANZANO DI PUGLIA/APRICENA/ASCOLI SATRIANO/BICCARI/BOVINO/CAGNANO VARANO/CANDELA/CARAPELLE/CARLANTINO/CARPINO/CASALNUOVO MONTEROTARO/CASALVECCHIO DI PUGLIA/CASTELLUCCIO DEI SAURI/CASTELLUCCIO VALMAGGIORE/CASTELNUOVO DELLA DAUNIA/CELENZA VALFORTORE/CELLE DI SAN VITO/CERIGNOLA/CHIEUTI/DELICETO/FAETO/FOGGIA/ISCHITELLA/ISOLE TREMITI/LESINA/LUCERA/MANFREDONIA/MATTINATA/MONTE SANT'ANGELO/MONTELEONE DI PUGLIA/MOTTA MONTECORVINO/ORDONA/ORSARA DI PUGLIA/ORTA NOVA/PANNI/PESCHICI/PIETRAMONTECORVINO/POGGIO IMPERIALE/RIGNANO GARGANICO/ROCCHETTA SANT'ANTONIO/RODI GARGANICO/ROSETO VALFORTORE/SAN GIOVANNI ROTONDO/SAN MARCO IN LAMIS/SAN MARCO LA CATOLA/SAN NICANDRO GARGANICO/SAN PAOLO DI CIVITATE/SAN SEVERO/SANT'AGATA DI PUGLIA/SERRACAPRIOLA/STORNARA/STORNARELLA/TORREMAGGIORE/TROIA/VICO DEL GARGANO/VIESTE/VOLTURARA APPULA/VOLTURINO/ZAPPONETA,na,4/30/2011,11/25/1997
IT_15,Garda,IT,CASALIVA/FRANTOIO/LECCINO,extra virgin olive oil,9000,na,na,≤25,"0,5",14,na,na,na,na,https://ec.europa.eu/agriculture/eambrosia/geographical-indications-register/details/EUGI00000013394,AFFI/ARCO/BARDOLINO/BOTTICINO/BRENZONE SUL GARDA/BUSSOLENGO/CALVAGESE DELLA RIVIERA/CAPRINO VERONESE/CASTELNUOVO DEL GARDA/CASTIGLIONE DELLE STIVIERE/CAVAION VERONESE/CAVEDINE/CAVRIANA/COSTERMANO SUL GARDA/DESENZANO DEL GARDA/DRENA/DRO/GARDA/GARDONE RIVIERA/GARGNANO/GAVARDO/LAZISE/LIMONE SUL GARDA/LONATO DEL GARDA/MADRUZZO/MALCESINE/MANERBA DEL GARDA/MONIGA DEL GARDA/MONZAMBANO/MUSCOLINE/NAGO-TORBOLE/PADENGHE SUL GARDA/PAITONE/PASTRENGO/PESCHIERA DEL GARDA/POLPENAZZE DEL GARDA/PONTI SUL MINCIO/POZZOLENGO/PUEGNAGO DEL GARDA/RIVA DEL GARDA/RIVOLI VERONESE/ROÈ VOLCIANO/SALÒ/SAN FELICE DEL BENACO/SAN ZENO DI MONTAGNA/SERLE/SIRMIONE/SOIANO DEL LAGO/SOLFERINO/SOMMACAMPAGNA/SONA/TENNO/TIGNALE/TORRI DEL BENACO/TOSCOLANO-MADERNO/TREMOSINE SUL GARDA/VALEGGIO SUL MINCIO/VALLELAGHI/VILLANUOVA SUL CLISI/VOBARNO/VOLTA MANTOVANA,na,8/9/2014,11/25/1997
IT_16,Irpinia - Colline dell'Ufita,IT,"FRANTOIO/LECCINO/MARINESE/OGLIAROLA/OLIVELLA/RAVECE/RUVEIA,VIGNA DELLA CORTE",extra virgin olive oil,na,allowed,na,≤20,"0,5",10,"2,2",na,"0,2","0,01",https://ec.europa.eu/agriculture/eambrosia/geographical-indications-register/details/EUGI00000013661,ARIANO IRPINO/BONITO/CARIFE/CASALBORE/CASTEL BARONIA/CASTELFRANCI/FLUMERI/FONTANAROSA/FRIGENTO/GESUALDO/GRECI/GROTTAMINARDA/LAPIO/LUOGOSANO/MELITO IRPINO/MIRABELLA ECLANO/MONTAGUTO/MONTECALVO IRPINO/MONTEFUSCO/MONTEMILETTO/PATERNOPOLI/PIETRADEFUSI/SAN NICOLA BARONIA/SAN SOSSIO BARONIA/SANT'ANGELO ALL'ESCA/SAVIGNANO IRPINO/SCAMPITELLA/STURNO/TAURASI/TORELLA DEI LOMBARDI/TORRE LE NOCELLE/TREVICO/VALLATA/VALLESACCARDA/VENTICANO/VILLAMAINA/VILLANOVA DEL BATTISTA/ZUNGOLI,9/28/2005,7/14/2009,3/11/2010
IT_17,Laghi Lombardi,IT,CASALIVA/FRANTOIO/LECCINO/PENDOLINO/SBRESA,extra virgin olive oil,6000,na,na,≤19,"0,55",12,2,na,na,na,https://ec.europa.eu/agriculture/eambrosia/geographical-indications-register/details/EUGI00000013327,ABBADIA LARIANA/ADRARA SAN MARTINO/ADRO/ARGEGNO/BELLAGIO/BELLANO/BERGAMO/BRESCIA/BRIENNO/CAPRIOLO/CARATE URIO/CAROBBIO DEGLI ANGELI/CASTELLI CALEPIO/CASTRO/CAZZAGO SAN MARTINO/CELLATICA/CENATE SOPRA/CHIUDUNO/COCCAGLIO/COLICO/COLOGNE/COLONNO/CORTE FRANCA/COSTA VOLPINO/CREDARO/CREMIA/DARFO BOARIO TERME/DERVIO/DOMASO/DONGO/DORIO/ERBUSCO/FORESTO SPARSO/GALBIATE/GANDOSSO/GERA LARIO/GRANDOLA ED UNITI/GRAVEDONA ED UNITI/GRIANTE/GRUMELLO DEL MONTE/GUSSAGO/ISEO/LAGLIO/LIERNA/LOVERE/MALGRATE/MANDELLO DEL LARIO/MARONE/MENAGGIO/MOLTRASIO/MONTE ISOLA/MONTICELLI BRUSATI/MUSSO/OLIVETO LARIO/OME/PARATICO/PARZANICA/PASSIRANO/PERLEDO/PIANELLO DEL LARIO/PISOGNE/PLESIO/PORLEZZA/PREDORE/PROVAGLIO D'ISEO/RIVA DI SOLTO/RODENGO SAIANO/ROGNO/ROVATO/SALA COMACINA/SALE MARASINO/SAN SIRO/SARNICO/SCANZOROSCIATE/SOLTO COLLINA/SORICO/STAZZONA/SULZANO/TAVERNOLA BERGAMASCA/TREMEZZINA/TREZZONE/VALSOLDA/VARENNA/VERCANA/VIADANICA/VILLONGO/ZANDOBBIO,na,na,11/25/1997
IT_18,Lametia,IT,CAROLEA,extra virgin olive oil,15600,na,400,≤20,"0,5",14,2,na,"0,2",na,https://ec.europa.eu/agriculture/eambrosia/geographical-indications-register/details/EUGI00000013284,CURINGA/FEROLETO ANTICO/FILADELFIA/FRANCAVILLA ANGITOLA/GIZZERIA/LAMEZIA TERME/MAIDA/PIANOPOLI/SAN PIETRO A MAIDA,5/6/1998,12/24/1998,10/5/1999
IT_19,Lucca,IT,FRANTOIANA/FRANTOIANO/FRANTOIO/LECCINO,extra virgin olive oil,7000,na,na,≤19,"0,5",12,na,na,na,na,https://ec.europa.eu/agriculture/eambrosia/geographical-indications-register/details/EUGI00000013510,ALTOPASCIO/BAGNI DI LUCCA/BARGA/BORGO A MOZZANO/CAMAIORE/CAPANNORI/COREGLIA ANTELMINELLI/FORTE DEI MARMI/LUCCA/MASSAROSA/MINUCCIANO/MONTECARLO/PESCAGLIA/PIETRASANTA/PORCARI/SERAVEZZA/STAZZEMA/VIAREGGIO/VILLA BASILICA,na,12/31/2003,10/23/2004
IT_20,Marche,IT,ASCOLANA TENERA/CARBONCELLA/CORONCINA/FRANTOIO/LECCINO/MIGNOLA/ORBETANA/PIANTONE DI FALERONE/PIANTONE DI MOGLIANO/RAGGIA/RAGGIOLA/ROSCIOLA DEI COLLI ESINI/SARGANO DI FERMO,extra virgin olive oil,na,allowed,na,≤20,"0,4",12,"2,2",na,"0,15","0,005",https://ec.europa.eu/agriculture/eambrosia/geographical-indications-register/details/EUGI00000015890,ACQUALAGNA/ACQUASANTA TERME/ACQUAVIVA PICENA/AGUGLIANO/ALTIDONA/AMANDOLA/ANCONA/APECCHIO/APIRO/APPIGNANO/APPIGNANO DEL TRONTO/ARCEVIA/ASCOLI PICENO/BARBARA/BELFORTE ALL'ISAURO/BELFORTE DEL CHIENTI/BELMONTE PICENO/BELVEDERE OSTRENSE/CAGLI/CALDAROLA/CAMERANO/CAMERATA PICENA/CAMERINO/CAMPOFILONE/CAMPOROTONDO DI FIASTRONE/CARASSAI/CARPEGNA/CARTOCETO/CASTEL DI LAMA/CASTELBELLINO/CASTELFIDARDO/CASTELLEONE DI SUASA/CASTELPLANIO/CASTELRAIMONDO/CASTIGNANO/CASTORANO/CERRETO D'ESI/CESSAPALOMBO/CHIARAVALLE/CINGOLI/CIVITANOVA MARCHE/COLLI AL METAURO/COLLI DEL TRONTO/COLMURANO/COMUNANZA/CORINALDO/CORRIDONIA/COSSIGNANO/CUPRA MARITTIMA/CUPRAMONTANA/ESANATOGLIA/FABRIANO/FALCONARA MARITTIMA/FALERONE/FANO/FERMIGNANO/FERMO/FIASTRA/FILOTTRANO/FOLIGNANO/FORCE/FOSSOMBRONE/FRANCAVILLA D'ETE/FRATTE ROSA/FRONTINO/FRONTONE/GABICCE MARE/GAGLIOLE/GENGA/GRADARA/GROTTAMMARE/GROTTAZZOLINA/GUALDO/ISOLA DEL PIANO/JESI/LAPEDONA/LORETO/LORO PICENO/LUNANO/MACERATA/MACERATA FELTRIA/MAGLIANO DI TENNA/MAIOLATI SPONTINI/MALTIGNANO/MASSA FERMANA/MASSIGNANO/MATELICA/MERCATELLO SUL METAURO/MERCATINO CONCA/MERGO/MOGLIANO/MOMBAROCCIO/MONDAVIO/MONDOLFO/MONSAMPIETRO MORICO/MONSAMPOLO DEL TRONTO/MONSANO/MONTALTO DELLE MARCHE/MONTAPPONE/MONTE CERIGNONE/MONTE GIBERTO/MONTE GRIMANO TERME/MONTE PORZIO/MONTE RINALDO/MONTE ROBERTO/MONTE SAN GIUSTO/MONTE SAN MARTINO/MONTE SAN PIETRANGELI/MONTE SAN VITO/MONTE URANO/MONTE VIDON COMBATTE/MONTE VIDON CORRADO/MONTECALVO IN FOGLIA/MONTECAROTTO/MONTECASSIANO/MONTECOPIOLO/MONTECOSARO/MONTEDINOVE/MONTEFALCONE APPENNINO/MONTEFANO/MONTEFELCINO/MONTEFIORE DELL'ASO/MONTEFORTINO/MONTEGALLO/MONTEGIORGIO/MONTEGRANARO/MONTELABBATE/MONTELEONE DI FERMO/MONTELPARO/MONTELUPONE/MONTEMARCIANO/MONTEPRANDONE/MONTERUBBIANO/MONTOTTONE/MORESCO/MORRO D'ALBA/MORROVALLE/MUCCIA/NUMANA/OFFAGNA/OFFIDA/ORTEZZANO/OSIMO/OSTRA/OSTRA VETERE/PALMIANO/PEDASO/PEGLIO/PENNA SAN GIOVANNI/PERGOLA/PESARO/PETRIANO/PETRIOLO/PETRITOLI/PIANDIMELETO/PIETRARUBBIA/PIEVE TORINA/PIOBBICO/PIORACO/POGGIO SAN MARCELLO/POGGIO SAN VICINO/POLLENZA/POLVERIGI/PONZANO DI FERMO/PORTO RECANATI/PORTO SAN GIORGIO/PORTO SANT'ELPIDIO/POTENZA PICENA/RAPAGNANO/RECANATI/RIPATRANSONE/RIPE SAN GINESIO/ROCCAFLUVIONE/ROSORA/ROTELLA/SAN BENEDETTO DEL TRONTO/SAN COSTANZO/SAN GINESIO/SAN LORENZO IN CAMPO/SAN MARCELLO/SAN PAOLO DI JESI/SAN SEVERINO MARCHE/SANT'ANGELO IN PONTANO/SANT'ANGELO IN VADO/SANT'ELPIDIO A MARE/SANT'IPPOLITO/SANTA MARIA NUOVA/SANTA VITTORIA IN MATENANO/SARNANO/SASSOCORVARO AUDITORE/SASSOFELTRIO/SASSOFERRATO/SENIGALLIA/SERRA DE' CONTI/SERRA SAN QUIRICO/SERRA SANT'ABBONDIO/SERRAPETRONA/SERVIGLIANO/SIROLO/SMERILLO/SPINETOLI/STAFFOLO/TAVOLETO/TAVULLIA/TERRE ROVERESCHE/TOLENTINO/TORRE SAN PATRIZIO/TRECASTELLI/TREIA/URBANIA/URBINO/URBISAGLIA/VALFORNACE/VALLEFOGLIA/VENAROTTA,5/26/2015,12/17/2016,4/20/2017
IT_21,Molise,IT,AURINA (LICINIA)/GENTILE DI LARINO/LECCINO/OLIVA NERA DI COLLETORTO/OLIVASTRO/PAESANA BIANCA/ROSCIOLA/SPERONE DI GALLO,extra virgin olive oil,12000,na,na,≤20,"0,5",10,2,na,na,na,https://ec.europa.eu/agriculture/eambrosia/geographical-indications-register/details/EUGI00000013482,ACQUAVIVA COLLECROCE/AGNONE/BAGNOLI DEL TRIGNO/BARANELLO/BELMONTE DEL SANNIO/BOJANO/BONEFRO/BUSSO/CAMPOBASSO/CAMPODIPIETRA/CAMPOLIETO/CAMPOMARINO/CANTALUPO NEL SANNIO/CARPINONE/CASACALENDA/CASALCIPRANO/CASTEL SAN VINCENZO/CASTELBOTTACCIO/CASTELLINO DEL BIFERNO/CASTELMAURO/CASTELPETROSO/CASTELPIZZUTO/CASTELVERRINO/CASTROPIGNANO/CERCEMAGGIORE/CERCEPICCOLA/CERRO AL VOLTURNO/CIVITACAMPOMARANO/CIVITANOVA DEL SANNIO/COLLE D'ANCHISE/COLLETORTO/COLLI A VOLTURNO/CONCA CASALE/DURONIA/FERRAZZANO/FILIGNANO/FORLÌ DEL SANNIO/FORNELLI/FOSSALTO/FROSOLONE/GAMBATESA/GILDONE/GUARDIALFIERA/GUARDIAREGIA/GUGLIONESI/ISERNIA/JELSI/LARINO/LIMOSANO/LONGANO/LUCITO/LUPARA/MACCHIA D'ISERNIA/MACCHIA VALFORTORE/MACCHIAGODENA/MAFALDA/MATRICE/MIRABELLO SANNITICO/MIRANDA/MOLISE/MONACILIONI/MONTAGANO/MONTAQUILA/MONTECILFONE/MONTEFALCONE NEL SANNIO/MONTELONGO/MONTEMITRO/MONTENERO DI BISACCIA/MONTENERO VAL COCCHIARA/MONTERODUNI/MONTORIO NEI FRENTANI/MORRONE DEL SANNIO/ORATINO/PALATA/PESCHE/PESCOLANCIANO/PETACCIATO/PETRELLA TIFERNINA/PETTORANELLO DEL MOLISE/PIETRABBONDANTE/PIETRACATELLA/PIETRACUPA/PIZZONE/POGGIO SANNITA/PORTOCANNONE/POZZILLI/PROVVIDENTI/RICCIA/RIPABOTTONI/RIPALIMOSANI/ROCCAMANDOLFI/ROCCASICURA/ROCCAVIVARA/ROCCHETTA A VOLTURNO/ROTELLO/SALCITO/SAN BIASE/SAN FELICE DEL MOLISE/SAN GIACOMO DEGLI SCHIAVONI/SAN GIOVANNI IN GALDO/SAN GIULIANO DEL SANNIO/SAN GIULIANO DI PUGLIA/SAN MARTINO IN PENSILIS/SAN MASSIMO/SANT'AGAPITO/SANT'ANGELO LIMOSANO/SANT'ELENA SANNITA/SANT'ELIA A PIANISI/SANTA CROCE DI MAGLIANO/SANTA MARIA DEL MOLISE/SCAPOLI/SEPINO/SESTO CAMPANO/SPINETE/TAVENNA/TERMOLI/TORELLA DEL SANNIO/TORO/TRIVENTO/TUFARA/URURI/VASTOGIRARDI/VENAFRO/VINCHIATURO,10/13/2000,10/29/2002,7/16/2003
IT_22,Monte Etna,IT,NOCELLARA ETNEA,extra virgin olive oil,12000,na,na,≤20,"0,5",12,na,na,na,na,https://ec.europa.eu/agriculture/eambrosia/geographical-indications-register/details/EUGI00000013277,ACI BONACCORSI/ACI CASTELLO/ACI CATENA/ACI SANT'ANTONIO/ACIREALE/ADRANO/BELPASSO/BIANCAVILLA/BRONTE/CALATABIANO/CAMPOROTONDO ETNEO/CASTIGLIONE DI SICILIA/CATANIA/CENTURIPE/FIUMEFREDDO DI SICILIA/GIARRE/GRAVINA DI CATANIA/LINGUAGLOSSA/MALETTO/MALVAGNA/MANIACE/MASCALI/MASCALUCIA/MILO/MISTERBIANCO/MOIO ALCANTARA/MOTTA SANT'ANASTASIA/NICOLOSI/PATERNÒ/PEDARA/PIEDIMONTE ETNEO/RAGALNA/RANDAZZO/RIPOSTO/ROCCELLA VALDEMONE/SAN GIOVANNI LA PUNTA/SAN GREGORIO DI CATANIA/SAN PIETRO CLARENZA/SANT'AGATA LI BATTIATI/SANT'ALFIO/SANTA DOMENICA VITTORIA/SANTA MARIA DI LICODIA/SANTA VENERINA/TRECASTAGNI/TREMESTIERI ETNEO/VALVERDE/VIAGRANDE/ZAFFERANA ETNEA,na,11/19/2002,8/26/2003
IT_23,Monti Iblei,IT,BIANCOLILLA/MORESCA/NOCELLARA ETNEA/TONDA IBLEA/VERDESE/ZAITUNA,extra virgin olive oil,15000,na,na,≤18,"0,5",12,"2,5",na,"0,22","0,01",https://ec.europa.eu/agriculture/eambrosia/geographical-indications-register/details/EUGI00000013399,ACATE/AVOLA/BUCCHERI/BUSCEMI/CALTAGIRONE/CANICATTINI BAGNI/CARLENTINI/CASSARO/CHIARAMONTE GULFI/COMISO/FERLA/FLORIDIA/FRANCOFONTE/GIARRATANA/GRAMMICHELE/ISPICA/LENTINI/LICODIA EUBEA/MAZZARRONE/MELILLI/MILITELLO IN VAL DI CATANIA/MINEO/MIRABELLA IMBACCARI/MODICA/MONTEROSSO ALMO/NOTO/PACHINO/PALAZZOLO ACREIDE/RAGUSA/ROSOLINI/SAN MICHELE DI GANZARIA/SANTA CROCE CAMERINA/SCICLI/SCORDIA/SIRACUSA/SOLARINO/SORTINO/VITTORIA/VIZZINI,na,6/25/2002,11/25/1997
IT_24,Olio Campania,IT,ASPRINIA/CAIAZZANA/CARPELLESE/FRANTOIO/LECCINO/LECCIO DEL CORNO/MARINESE/MINUCCIOLA/NOSTRALE/OGLIAROLA CAMPANA/ORTICE/ORTOLANA/PISCIOTTANA/RACIOPPELLA/RAVECE/ROTONDELLA/SALELLA/SESSANA/TONDA,extra virgin olive oil,12000,allowed,na,≤20,"0,4",12,"2,2",na,"0,18",na,https://ec.europa.eu/agriculture/eambrosia/geographical-indications-register/details/EUGI00000018147,ACERNO/ACERRA/AFRAGOLA/AGEROLA/AGROPOLI/AIELLO DEL SABATO/AILANO/AIROLA/ALBANELLA/ALFANO/ALIFE/ALTAVILLA IRPINA/ALTAVILLA SILENTINA/ALVIGNANO/AMALFI/AMOROSI/ANACAPRI/ANDRETTA/ANGRI/APICE/APOLLOSA/AQUARA/AQUILONIA/ARIANO IRPINO/ARIENZO/ARPAIA/ARPAISE/ARZANO/ASCEA/ATENA LUCANA/ATRANI/ATRIPALDA/AULETTA/AVELLA/AVELLINO/AVERSA/BACOLI/BAGNOLI IRPINO/BAIA E LATINA/BAIANO/BARANO D'ISCHIA/BARONISSI/BASELICE/BATTIPAGLIA/BELLIZZI/BELLONA/BELLOSGUARDO/BENEVENTO/BISACCIA/BONEA/BONITO/BOSCOREALE/BOSCOTRECASE/BRACIGLIANO/BRUSCIANO/BUCCIANO/BUCCINO/BUONABITACOLO/BUONALBERGO/CAGGIANO/CAIANELLO/CAIAZZO/CAIRANO/CAIVANO/CALABRITTO/CALITRI/CALVANICO/CALVI/CALVI RISORTA/CALVIZZANO/CAMEROTA/CAMIGLIANO/CAMPAGNA/CAMPOLATTARO/CAMPOLI DEL MONTE TABURNO/CAMPORA/CAMPOSANO/CANCELLO ED ARNONE/CANDIDA/CANNALONGA/CAPACCIO PAESTUM/CAPODRISE/CAPOSELE/CAPRI/CAPRIATI A VOLTURNO/CAPRIGLIA IRPINA/CAPUA/CARBONARA DI NOLA/CARDITO/CARIFE/CARINARO/CARINOLA/CASAGIOVE/CASAL DI PRINCIPE/CASAL VELINO/CASALBORE/CASALBUONO/CASALDUNI/CASALETTO SPARTANO/CASALNUOVO DI NAPOLI/CASALUCE/CASAMARCIANO/CASAMICCIOLA TERME/CASANDRINO/CASAPESENNA/CASAPULLA/CASAVATORE/CASELLE IN PITTARI/CASERTA/CASOLA DI NAPOLI/CASORIA/CASSANO IRPINO/CASTEL BARONIA/CASTEL CAMPAGNANO/CASTEL DI SASSO/CASTEL MORRONE/CASTEL SAN GIORGIO/CASTEL SAN LORENZO/CASTEL VOLTURNO/CASTELCIVITA/CASTELFRANCI/CASTELFRANCO IN MISCANO/CASTELLABATE/CASTELLAMMARE DI STABIA/CASTELLO DEL MATESE/CASTELLO DI CISTERNA/CASTELNUOVO CILENTO/CASTELNUOVO DI CONZA/CASTELPAGANO/CASTELPOTO/CASTELVENERE/CASTELVETERE IN VAL FORTORE/CASTELVETERE SUL CALORE/CASTIGLIONE DEL GENOVESI/CAUTANO/CAVA DE' TIRRENI/CELLE DI BULGHERIA/CELLOLE/CENTOLA/CEPPALONI/CERASO/CERCOLA/CERRETO SANNITA/CERVINARA/CERVINO/CESA/CESINALI/CETARA/CHIANCHE/CHIUSANO DI SAN DOMENICO/CICCIANO/CICERALE/CIMITILE/CIORLANO/CIRCELLO/COLLE SANNITA/COLLIANO/COMIZIANO/CONCA DEI MARINI/CONCA DELLA CAMPANIA/CONTRADA/CONTRONE/CONTURSI TERME/CONZA DELLA CAMPANIA/CORBARA/CORLETO MONFORTE/CRISPANO/CUCCARO VETERE/CURTI/CUSANO MUTRI/DOMICELLA/DRAGONI/DUGENTA/DURAZZANO/EBOLI/ERCOLANO/FAICCHIO/FALCIANO DEL MASSICO/FELITTO/FISCIANO/FLUMERI/FOGLIANISE/FOIANO DI VAL FORTORE/FONTANAROSA/FONTEGRECA/FORCHIA/FORINO/FORIO/FORMICOLA/FRAGNETO L'ABATE/FRAGNETO MONFORTE/FRANCOLISE/FRASSO TELESINO/FRATTAMAGGIORE/FRATTAMINORE/FRIGENTO/FRIGNANO/FURORE/FUTANI/GALLO MATESE/GALLUCCIO/GESUALDO/GIANO VETUSTO/GIFFONI SEI CASALI/GIFFONI VALLE PIANA/GINESTRA DEGLI SCHIAVONI/GIOI/GIOIA SANNITICA/GIUGLIANO IN CAMPANIA/GIUNGANO/GRAGNANO/GRAZZANISE/GRECI/GRICIGNANO DI AVERSA/GROTTAMINARDA/GROTTOLELLA/GRUMO NEVANO/GUARDIA LOMBARDI/GUARDIA SANFRAMONDI/ISCHIA/ISPANI/LACCO AMENO/LACEDONIA/LAPIO/LAUREANA CILENTO/LAURINO/LAURITO/LAURO/LAVIANO/LETINO/LETTERE/LIBERI/LIMATOLA/LIONI/LIVERI/LUOGOSANO/LUSCIANO/LUSTRA/MACERATA CAMPANIA/MADDALONI/MAGLIANO VETERE/MAIORI/MANOCALZATI/MARANO DI NAPOLI/MARCIANISE/MARIGLIANELLA/MARIGLIANO/MARZANO APPIO/MARZANO DI NOLA/MASSA DI SOMMA/MASSA LUBRENSE/MELITO DI NAPOLI/MELITO IRPINO/MELIZZANO/MERCATO SAN SEVERINO/MERCOGLIANO/META/MIGNANO MONTE LUNGO/MINORI/MIRABELLA ECLANO/MOIANO/MOIO DELLA CIVITELLA/MOLINARA/MONDRAGONE/MONTAGUTO/MONTANO ANTILIA/MONTE DI PROCIDA/MONTE SAN GIACOMO/MONTECALVO IRPINO/MONTECORICE/MONTECORVINO PUGLIANO/MONTECORVINO ROVELLA/MONTEFALCIONE/MONTEFALCONE DI VAL FORTORE/MONTEFORTE CILENTO/MONTEFORTE IRPINO/MONTEFREDANE/MONTEFUSCO/MONTELLA/MONTEMARANO/MONTEMILETTO/MONTESANO SULLA MARCELLANA/MONTESARCHIO/MONTEVERDE/MONTORO/MORCONE/MORIGERATI/MORRA DE SANCTIS/MOSCHIANO/MUGNANO DEL CARDINALE/MUGNANO DI NAPOLI/NAPOLI/NOCERA INFERIORE/NOCERA SUPERIORE/NOLA/NOVI VELIA/NUSCO/OGLIASTRO CILENTO/OLEVANO SUL TUSCIANO/OLIVETO CITRA/OMIGNANO/ORRIA/ORTA DI ATELLA/OSPEDALETTO D'ALPINOLO/OTTATI/OTTAVIANO/PADULA/PADULI/PAGANI/PAGO DEL VALLO DI LAURO/PAGO VEIANO/PALMA CAMPANIA/PALOMONTE/PANNARANO/PAOLISI/PARETE/PAROLISE/PASTORANO/PATERNOPOLI/PAUPISI/PELLEZZANO/PERDIFUMO/PERITO/PERTOSA/PESCO SANNITA/PETINA/PETRURO IRPINO/PIAGGINE/PIANA DI MONTE VERNA/PIANO DI SORRENTO/PIEDIMONTE MATESE/PIETRADEFUSI/PIETRAMELARA/PIETRAROJA/PIETRASTORNINA/PIETRAVAIRANO/PIETRELCINA/PIGNATARO MAGGIORE/PIMONTE/PISCIOTTA/POGGIOMARINO/POLLA/POLLENA TROCCHIA/POLLICA/POMIGLIANO D'ARCO/POMPEI/PONTE/PONTECAGNANO FAIANO/PONTELANDOLFO/PONTELATONE/PORTICI/PORTICO DI CASERTA/POSITANO/POSTIGLIONE/POZZUOLI/PRAIANO/PRATA DI PRINCIPATO ULTRA/PRATA SANNITA/PRATELLA/PRATOLA SERRA/PRESENZANO/PRIGNANO CILENTO/PROCIDA/PUGLIANELLO/QUADRELLE/QUALIANO/QUARTO/QUINDICI/RAVELLO/RAVISCANINA/RECALE/REINO/RIARDO/RICIGLIANO/ROCCA D'EVANDRO/ROCCA SAN FELICE/ROCCABASCERANA/ROCCADASPIDE/ROCCAGLORIOSA/ROCCAMONFINA/ROCCAPIEMONTE/ROCCARAINOLA/ROCCAROMANA/ROCCHETTA E CROCE/ROFRANO/ROMAGNANO AL MONTE/ROSCIGNO/ROTONDI/RUTINO/RUVIANO/SACCO/SALA CONSILINA/SALENTO/SALERNO/SALVITELLE/SALZA IRPINA/SAN BARTOLOMEO IN GALDO/SAN CIPRIANO D'AVERSA/SAN CIPRIANO PICENTINO/SAN FELICE A CANCELLO/SAN GENNARO VESUVIANO/SAN GIORGIO A CREMANO/SAN GIORGIO DEL SANNIO/SAN GIORGIO LA MOLARA/SAN GIOVANNI A PIRO/SAN GIUSEPPE VESUVIANO/SAN GREGORIO MAGNO/SAN GREGORIO MATESE/SAN LEUCIO DEL SANNIO/SAN LORENZELLO/SAN LORENZO MAGGIORE/SAN LUPO/SAN MANGO PIEMONTE/SAN MANGO SUL CALORE/SAN MARCELLINO/SAN MARCO DEI CAVOTI/SAN MARCO EVANGELISTA/SAN MARTINO SANNITA/SAN MARTINO VALLE CAUDINA/SAN MARZANO SUL SARNO/SAN MAURO CILENTO/SAN MAURO LA BRUCA/SAN MICHELE DI SERINO/SAN NAZZARO/SAN NICOLA BARONIA/SAN NICOLA LA STRADA/SAN NICOLA MANFREDI/SAN PAOLO BEL SITO/SAN PIETRO AL TANAGRO/SAN PIETRO INFINE/SAN POTITO SANNITICO/SAN POTITO ULTRA/SAN PRISCO/SAN RUFO/SAN SALVATORE TELESINO/SAN SEBASTIANO AL VESUVIO/SAN SOSSIO BARONIA/SAN TAMMARO/SAN VALENTINO TORIO/SAN VITALIANO/SANT'AGATA DE' GOTI/SANT'AGNELLO/SANT'ANASTASIA/SANT'ANDREA DI CONZA/SANT'ANGELO A CUPOLO/SANT'ANGELO A FASANELLA/SANT'ANGELO A SCALA/SANT'ANGELO ALL'ESCA/SANT'ANGELO D'ALIFE/SANT'ANGELO DEI LOMBARDI/SANT'ANTIMO/SANT'ANTONIO ABATE/SANT'ARCANGELO TRIMONTE/SANT'ARPINO/SANT'ARSENIO/SANT'EGIDIO DEL MONTE ALBINO/SANTA CROCE DEL SANNIO/SANTA LUCIA DI SERINO/SANTA MARIA A VICO/SANTA MARIA CAPUA VETERE/SANTA MARIA LA CARITÀ/SANTA MARIA LA FOSSA/SANTA MARINA/SANTA PAOLINA/SANTO STEFANO DEL SOLE/SANTOMENNA/SANZA/SAPRI/SARNO/SASSANO/SASSINORO/SAVIANO/SAVIGNANO IRPINO/SCAFATI/SCALA/SCAMPITELLA/SCISCIANO/SENERCHIA/SERINO/SERRAMEZZANA/SERRARA FONTANA/SERRE/SESSA AURUNCA/SESSA CILENTO/SIANO/SICIGNANO DEGLI ALBURNI/SIRIGNANO/SOLOFRA/SOLOPACA/SOMMA VESUVIANA/SORBO SERPICO/SORRENTO/SPARANISE/SPERONE/STELLA CILENTO/STIO/STRIANO/STURNO/SUCCIVO/SUMMONTE/TAURANO/TAURASI/TEANO/TEGGIANO/TELESE TERME/TEORA/TERZIGNO/TEVEROLA/TOCCO CAUDIO/TORA E PICCILLI/TORCHIARA/TORELLA DEI LOMBARDI/TORRACA/TORRE ANNUNZIATA/TORRE DEL GRECO/TORRE LE NOCELLE/TORRE ORSAIA/TORRECUSO/TORRIONI/TORTORELLA/TRAMONTI/TRECASE/TRENTINARA/TRENTOLA DUCENTA/TREVICO/TUFINO/TUFO/VAIRANO PATENORA/VALLATA/VALLE AGRICOLA/VALLE DELL'ANGELO/VALLE DI MADDALONI/VALLESACCARDA/VALLO DELLA LUCANIA/VALVA/VENTICANO/VIBONATI/VICO EQUENSE/VIETRI SUL MARE/VILLA DI BRIANO/VILLA LITERNO/VILLAMAINA/VILLANOVA DEL BATTISTA/VILLARICCA/VISCIANO/VITULANO/VITULAZIO/VOLLA/VOLTURARA IRPINA/ZUNGOLI,8/4/2021,11/25/2022,3/23/2023
IT_25,Olio di Calabria,IT,AGRISTIGNA/BORGESE/CAROLEA/CICIARELLO/COCCITANA)/CORNIOLA/DOLCE DI CERCHIARA/DOLCE DI ROSSANO (ROSSANESE)/DOLCE)/GALATRESE/GERACITANA/GROSSA DI CASSANO (CASSANESE)/GROSSA DI GERACE (MAMMOLESE/MAFRA/NOSTRANA/PENNULARA/PERCIASACCHI)/SANTOMAURO/SINOPOLESE (CHIANOTA/SPEZZANESE/TOMBARELLO/TONDA DI FILADELFIA/TONDA DI FILOCASO/TONDA DI STRONGOLI/TONDINA (ROGGIANELLA) OTTOBRATICA (DEDARICO/VRAJA/ZINZIFARICA,extra virgin olive oil,12000,allowed,416,≤20,"0,5",12,"2,2",na,"0,2",na,https://ec.europa.eu/agriculture/eambrosia/geographical-indications-register/details/EUGI00000015898,ACQUAFORMOSA/ACQUAPPESA/ACQUARO/ACRI/AFRICO/AGNANA CALABRA/AIELLO CALABRO/AIETA/ALBI/ALBIDONA/ALESSANDRIA DEL CARRETTO/ALTILIA/ALTOMONTE/AMANTEA/AMARONI/AMATO/AMENDOLARA/ANDALI/ANOIA/ANTONIMINA/APRIGLIANO/ARDORE/ARENA/ARGUSTO/BADOLATO/BAGALADI/BAGNARA CALABRA/BELCASTRO/BELMONTE CALABRO/BELSITO/BELVEDERE DI SPINELLO/BELVEDERE MARITTIMO/BENESTARE/BIANCHI/BIANCO/BISIGNANO/BIVONGI/BOCCHIGLIERO/BONIFATI/BORGIA/BOTRICELLO/BOVA/BOVA MARINA/BOVALINO/BRANCALEONE/BRIATICO/BROGNATURO/BRUZZANO ZEFFIRIO/BUONVICINO/CACCURI/CALANNA/CALOPEZZATI/CALOVETO/CAMINI/CAMPANA/CAMPO CALABRO/CANDIDONI/CANNA/CANOLO/CAPISTRANO/CARAFFA DEL BIANCO/CARAFFA DI CATANZARO/CARDETO/CARDINALE/CARERI/CARFIZZI/CARIATI/CARLOPOLI/CAROLEI/CARPANZANO/CASABONA/CASALI DEL MANCO/CASIGNANA/CASSANO ALL'IONIO/CASTELSILANO/CASTIGLIONE COSENTINO/CASTROLIBERO/CASTROREGIO/CASTROVILLARI/CATANZARO/CAULONIA/CELICO/CELLARA/CENADI/CENTRACHE/CERCHIARA DI CALABRIA/CERENZIA/CERISANO/CERVA/CERVICATI/CERZETO/CESSANITI/CETRARO/CHIARAVALLE CENTRALE/CICALA/CIMINÀ/CINQUEFRONDI/CIRÒ/CIRÒ MARINA/CITTANOVA/CIVITA/CLETO/COLOSIMI/CONDOFURI/CONFLENTI/CORIGLIANO-ROSSANO/CORTALE/COSENZA/COSOLETO/COTRONEI/CROPALATI/CROPANI/CROSIA/CROTONE/CRUCOLI/CURINGA/CUTRO/DASÀ/DAVOLI/DECOLLATURA/DELIANUOVA/DIAMANTE/DINAMI/DIPIGNANO/DOMANICO/DRAPIA/FABRIZIA/FAGNANO CASTELLO/FALCONARA ALBANESE/FALERNA/FEROLETO ANTICO/FEROLETO DELLA CHIESA/FERRUZZANO/FIGLINE VEGLIATURO/FILADELFIA/FILANDARI/FILOGASO/FIRMO/FIUMARA/FIUMEFREDDO BRUZIO/FOSSATO SERRALTA/FRANCAVILLA ANGITOLA/FRANCAVILLA MARITTIMA/FRANCICA/FRASCINETO/FUSCALDO/GAGLIATO/GALATRO/GASPERINA/GERACE/GEROCARNE/GIFFONE/GIMIGLIANO/GIOIA TAURO/GIOIOSA IONICA/GIRIFALCO/GIZZERIA/GRIMALDI/GRISOLIA/GROTTERIA/GUARDAVALLE/GUARDIA PIEMONTESE/IONADI/ISCA SULLO IONIO/ISOLA DI CAPO RIZZUTO/JACURSO/JOPPOLO/LAGANADI/LAGO/LAINO BORGO/LAINO CASTELLO/LAMEZIA TERME/LAPPANO/LATTARICO/LAUREANA DI BORRELLO/LIMBADI/LOCRI/LONGOBARDI/LONGOBUCCO/LUNGRO/LUZZI/MAGISANO/MAIDA/MAIERATO/MAIERÀ/MALITO/MALVITO/MAMMOLA/MANDATORICCIO/MANGONE/MARANO MARCHESATO/MARANO PRINCIPATO/MARCEDUSA/MARCELLINARA/MARINA DI GIOIOSA IONICA/MAROPATI/MARTIRANO/MARTIRANO LOMBARDO/MARTONE/MARZI/MELICUCCO/MELICUCCÀ/MELISSA/MELITO DI PORTO SALVO/MENDICINO/MESORACA/MIGLIERINA/MILETO/MOLOCHIO/MONASTERACE/MONGIANA/MONGRASSANO/MONTALTO UFFUGO/MONTAURO/MONTEBELLO JONICO/MONTEGIORDANO/MONTEPAONE/MONTEROSSO CALABRO/MORANO CALABRO/MORMANNO/MOTTA SAN GIOVANNI/MOTTA SANTA LUCIA/MOTTAFOLLONE/NARDODIPACE/NICOTERA/NOCARA/NOCERA TERINESE/OLIVADI/OPPIDO MAMERTINA/ORIOLO/ORSOMARSO/PALERMITI/PALIZZI/PALLAGORIO/PALMI/PALUDI/PANETTIERI/PAOLA/PAPASIDERO/PARENTI/PARGHELIA/PATERNO CALABRO/PAZZANO/PEDIVIGLIANO/PENTONE/PETILIA POLICASTRO/PETRIZZI/PETRONÀ/PIANE CRATI/PIANOPOLI/PIETRAFITTA/PIETRAPAOLA/PIZZO/PIZZONI/PLACANICA/PLATACI/PLATANIA/PLATÌ/POLIA/POLISTENA/PORTIGLIOLA/PRAIA A MARE/REGGIO DI CALABRIA/RENDE/RIACE/RICADI/RIZZICONI/ROCCA DI NETO/ROCCA IMPERIALE/ROCCABERNARDA/ROCCAFORTE DEL GRECO/ROCCELLA IONICA/ROGGIANO GRAVINA/ROGHUDI/ROGLIANO/ROMBIOLO/ROSARNO/ROSE/ROSETO CAPO SPULICO/ROTA GRECA/ROVITO/SAMO/SAN BASILE/SAN BENEDETTO ULLANO/SAN CALOGERO/SAN COSMO ALBANESE/SAN COSTANTINO CALABRO/SAN DEMETRIO CORONE/SAN DONATO DI NINEA/SAN FERDINANDO/SAN FILI/SAN FLORO/SAN GIORGIO ALBANESE/SAN GIORGIO MORGETO/SAN GIOVANNI DI GERACE/SAN GIOVANNI IN FIORE/SAN GREGORIO D'IPPONA/SAN LORENZO/SAN LORENZO BELLIZZI/SAN LORENZO DEL VALLO/SAN LUCA/SAN LUCIDO/SAN MANGO D'AQUINO/SAN MARCO ARGENTANO/SAN MARTINO DI FINITA/SAN MAURO MARCHESATO/SAN NICOLA ARCELLA/SAN NICOLA DA CRISSA/SAN NICOLA DELL'ALTO/SAN PIETRO A MAIDA/SAN PIETRO APOSTOLO/SAN PIETRO DI CARIDÀ/SAN PIETRO IN AMANTEA/SAN PIETRO IN GUARANO/SAN PROCOPIO/SAN ROBERTO/SAN SOSTENE/SAN SOSTI/SAN VINCENZO LA COSTA/SAN VITO SULLO IONIO/SANGINETO/SANT'AGATA DEL BIANCO/SANT'AGATA DI ESARO/SANT'ALESSIO IN ASPROMONTE/SANT'ANDREA APOSTOLO DELLO IONIO/SANT'EUFEMIA D'ASPROMONTE/SANT'ILARIO DELLO IONIO/SANT'ONOFRIO/SANTA CATERINA ALBANESE/SANTA CATERINA DELLO IONIO/SANTA CRISTINA D'ASPROMONTE/SANTA DOMENICA TALAO/SANTA MARIA DEL CEDRO/SANTA SEVERINA/SANTA SOFIA D'EPIRO/SANTO STEFANO DI ROGLIANO/SANTO STEFANO IN ASPROMONTE/SARACENA/SATRIANO/SAVELLI/SCALA COELI/SCALEA/SCANDALE/SCIDO/SCIGLIANO/SCILLA/SELLIA/SELLIA MARINA/SEMINARA/SERRA D'AIELLO/SERRA SAN BRUNO/SERRASTRETTA/SERRATA/SERSALE/SETTINGIANO/SIDERNO/SIMBARIO/SIMERI CRICHI/SINOPOLI/SORBO SAN BASILE/SORIANELLO/SORIANO CALABRO/SOVERATO/SOVERIA MANNELLI/SOVERIA SIMERI/SPADOLA/SPEZZANO ALBANESE/SPEZZANO DELLA SILA/SPILINGA/SQUILLACE/STAITI/STALETTÌ/STEFANACONI/STIGNANO/STILO/STRONGOLI/TARSIA/TAURIANOVA/TAVERNA/TERRANOVA DA SIBARI/TERRANOVA SAPPO MINULIO/TERRAVECCHIA/TIRIOLO/TORANO CASTELLO/TORRE DI RUGGIERO/TORTORA/TREBISACCE/TROPEA/UMBRIATICO/VACCARIZZO ALBANESE/VALLEFIORITA/VALLELONGA/VARAPODIO/VAZZANO/VERBICARO/VERZINO/VIBO VALENTIA/VILLA SAN GIOVANNI/VILLAPIANA/ZACCANOPOLI/ZAGARISE/ZAMBRONE/ZUMPANO/ZUNGRI,2/20/2015,8/20/2016,12/20/2016
IT_26,Olio di Puglia,IT,CELLINA DI NARDÒ/CIMA DI BITONTO (OGLIAROLA BARESE/CIMA DI MELFI/CORATINA/FAVOLOSA (FS-17)/FRANTOIO/LECCINO/OGLIAROLA GARGANICA)/OGLIAROLA SALENTINA (CIMA DI MOLA)/PERANZANA,extra virgin olive oil,12000,allowed,na,≤20,"0,48",12,na,na,na,na,https://ec.europa.eu/agriculture/eambrosia/geographical-indications-register/details/EUGI00000015999,ACCADIA/ACQUAVIVA DELLE FONTI/ADELFIA/ALBEROBELLO/ALBERONA/ALESSANO/ALEZIO/ALLISTE/ALTAMURA/ANDRANO/ANDRIA/ANZANO DI PUGLIA/APRICENA/ARADEO/ARNESANO/ASCOLI SATRIANO/AVETRANA/BAGNOLO DEL SALENTO/BARI/BARLETTA/BICCARI/BINETTO/BISCEGLIE/BITETTO/BITONTO/BITRITTO/BOTRUGNO/BOVINO/BRINDISI/CAGNANO VARANO/CALIMERA/CAMPI SALENTINA/CANDELA/CANNOLE/CANOSA DI PUGLIA/CAPRARICA DI LECCE/CAPURSO/CARAPELLE/CARLANTINO/CARMIANO/CAROSINO/CAROVIGNO/CARPIGNANO SALENTINO/CARPINO/CASALNUOVO MONTEROTARO/CASALVECCHIO DI PUGLIA/CASAMASSIMA/CASARANO/CASSANO DELLE MURGE/CASTELLANA GROTTE/CASTELLANETA/CASTELLUCCIO DEI SAURI/CASTELLUCCIO VALMAGGIORE/CASTELNUOVO DELLA DAUNIA/CASTRI DI LECCE/CASTRIGNANO DE' GRECI/CASTRIGNANO DEL CAPO/CASTRO/CAVALLINO/CEGLIE MESSAPICA/CELENZA VALFORTORE/CELLAMARE/CELLE DI SAN VITO/CELLINO SAN MARCO/CERIGNOLA/CHIEUTI/CISTERNINO/COLLEPASSO/CONVERSANO/COPERTINO/CORATO/CORIGLIANO D'OTRANTO/CORSANO/CRISPIANO/CURSI/CUTROFIANO/DELICETO/DISO/ERCHIE/FAETO/FAGGIANO/FASANO/FOGGIA/FRAGAGNANO/FRANCAVILLA FONTANA/GAGLIANO DEL CAPO/GALATINA/GALATONE/GALLIPOLI/GINOSA/GIOIA DEL COLLE/GIOVINAZZO/GIUGGIANELLO/GIURDIGNANO/GRAVINA IN PUGLIA/GROTTAGLIE/GRUMO APPULA/GUAGNANO/ISCHITELLA/ISOLE TREMITI/LATERZA/LATIANO/LECCE/LEPORANO/LEQUILE/LESINA/LEVERANO/LIZZANELLO/LIZZANO/LOCOROTONDO/LUCERA/MAGLIE/MANDURIA/MANFREDONIA/MARGHERITA DI SAVOIA/MARTANO/MARTIGNANO/MARTINA FRANCA/MARUGGIO/MASSAFRA/MATINO/MATTINATA/MELENDUGNO/MELISSANO/MELPIGNANO/MESAGNE/MIGGIANO/MINERVINO DI LECCE/MINERVINO MURGE/MODUGNO/MOLA DI BARI/MOLFETTA/MONOPOLI/MONTE SANT'ANGELO/MONTEIASI/MONTELEONE DI PUGLIA/MONTEMESOLA/MONTEPARANO/MONTERONI DI LECCE/MONTESANO SALENTINO/MORCIANO DI LEUCA/MOTTA MONTECORVINO/MOTTOLA/MURO LECCESE/NARDÒ/NEVIANO/NOCI/NOCIGLIA/NOICATTARO/NOVOLI/ORDONA/ORIA/ORSARA DI PUGLIA/ORTA NOVA/ORTELLE/OSTUNI/OTRANTO/PALAGIANELLO/PALAGIANO/PALMARIGGI/PALO DEL COLLE/PANNI/PARABITA/PATÙ/PESCHICI/PIETRAMONTECORVINO/POGGIARDO/POGGIO IMPERIALE/POGGIORSINI/POLIGNANO A MARE/PORTO CESAREO/PRESICCE-ACQUARICA/PULSANO/PUTIGNANO/RACALE/RIGNANO GARGANICO/ROCCAFORZATA/ROCCHETTA SANT'ANTONIO/RODI GARGANICO/ROSETO VALFORTORE/RUFFANO/RUTIGLIANO/RUVO DI PUGLIA/SALICE SALENTINO/SALVE/SAMMICHELE DI BARI/SAN CASSIANO/SAN CESARIO DI LECCE/SAN DONACI/SAN DONATO DI LECCE/SAN FERDINANDO DI PUGLIA/SAN GIORGIO IONICO/SAN GIOVANNI ROTONDO/SAN MARCO IN LAMIS/SAN MARCO LA CATOLA/SAN MARZANO DI SAN GIUSEPPE/SAN MICHELE SALENTINO/SAN NICANDRO GARGANICO/SAN PANCRAZIO SALENTINO/SAN PAOLO DI CIVITATE/SAN PIETRO IN LAMA/SAN PIETRO VERNOTICO/SAN SEVERO/SAN VITO DEI NORMANNI/SANARICA/SANNICANDRO DI BARI/SANNICOLA/SANT'AGATA DI PUGLIA/SANTA CESAREA TERME/SANTERAMO IN COLLE/SAVA/SCORRANO/SECLÌ/SERRACAPRIOLA/SOGLIANO CAVOUR/SOLETO/SPECCHIA/SPINAZZOLA/SPONGANO/SQUINZANO/STATTE/STERNATIA/STORNARA/STORNARELLA/SUPERSANO/SURANO/SURBO/TARANTO/TAURISANO/TAVIANO/TERLIZZI/TIGGIANO/TORCHIAROLO/TORITTO/TORRE SANTA SUSANNA/TORREMAGGIORE/TORRICELLA/TRANI/TREPUZZI/TRICASE/TRIGGIANO/TRINITAPOLI/TROIA/TUGLIE/TURI/UGENTO/UGGIANO LA CHIESA/VALENZANO/VEGLIE/VERNOLE/VICO DEL GARGANO/VIESTE/VILLA CASTELLI/VOLTURARA APPULA/VOLTURINO/ZAPPONETA/ZOLLINO,12/22/2017,7/30/2019,12/23/2019
IT_27,Olio di Roma,IT,CANINESE/CARBONCELLA/FRANTOIO/ITRANA/LECCINO/MARINA/MAURINO/MORAIOLO/PENDOLINO/ROSCIOLA/SALVIANA/SIROLE,extra virgin olive oil,9500,allowed,na,≤20,"0,4",12,"2,2",na,"0,2",na,https://ec.europa.eu/agriculture/eambrosia/geographical-indications-register/details/EUGI00000016652,ACQUAPENDENTE/ACUTO/AFFILE/AGOSTA/ALATRI/ALBANO LAZIALE/ALVITO/AMASENO/ANAGNI/ANGUILLARA SABAZIA/ANTICOLI CORRADO/ANTRODOCO/APRILIA/AQUINO/ARCE/ARDEA/ARICCIA/ARLENA DI CASTRO/ARNARA/ARPINO/ARSOLI/ARTENA/ASCREA/ATINA/AUSONIA/BAGNOREGIO/BARBARANO ROMANO/BASSANO IN TEVERINA/BASSANO ROMANO/BASSIANO/BELLEGRA/BELMONTE CASTELLO/BELMONTE IN SABINA/BLERA/BOLSENA/BOMARZO/BORGO VELINO/BOVILLE ERNICA/BRACCIANO/BROCCOSTELLA/CALCATA/CAMPAGNANO DI ROMA/CAMPODIMELE/CAMPOLI APPENNINO/CANALE MONTERANO/CANEPINA/CANINO/CANTALICE/CANTALUPO IN SABINA/CANTERANO/CAPENA/CAPODIMONTE/CAPRANICA/CAPRANICA PRENESTINA/CAPRAROLA/CARBOGNANO/CARPINETO ROMANO/CASALATTICO/CASALVIERI/CASAPE/CASAPROTA/CASPERIA/CASSINO/CASTEL GANDOLFO/CASTEL MADAMA/CASTEL SAN PIETRO ROMANO/CASTEL SANT'ANGELO/CASTEL SANT'ELIA/CASTELFORTE/CASTELLIRI/CASTELNUOVO DI FARFA/CASTELNUOVO DI PORTO/CASTELNUOVO PARANO/CASTIGLIONE IN TEVERINA/CASTRO DEI VOLSCI/CASTROCIELO/CAVE/CECCANO/CELLENO/CELLERE/CEPRANO/CERRETO LAZIALE/CERVARA DI ROMA/CERVARO/CERVETERI/CIAMPINO/CICILIANO/CINETO ROMANO/CISTERNA DI LATINA/CITTADUCALE/CIVITA CASTELLANA/CIVITAVECCHIA/CIVITELLA D'AGLIANO/CIVITELLA SAN PAOLO/COLFELICE/COLLE DI TORA/COLLE SAN MAGNO/COLLEPARDO/COLLEVECCHIO/COLLI SUL VELINO/COLONNA/CONFIGNI/CONTIGLIANO/CORCHIANO/CORENO AUSONIO/CORI/COTTANELLO/ESPERIA/FABRICA DI ROMA/FALERIA/FALVATERRA/FARA IN SABINA/FARNESE/FERENTINO/FIANO ROMANO/FILACCIANO/FIUGGI/FIUMICINO/FONDI/FONTANA LIRI/FONTE NUOVA/FONTECHIARI/FORANO/FORMELLO/FORMIA/FRASCATI/FRASSO SABINO/FROSINONE/FUMONE/GAETA/GALLESE/GALLICANO NEL LAZIO/GALLINARO/GAVIGNANO/GENAZZANO/GENZANO DI ROMA/GERANO/GIULIANO DI ROMA/GORGA/GRADOLI/GRAFFIGNANO/GROTTAFERRATA/GROTTE DI CASTRO/GUARCINO/GUIDONIA MONTECELIO/ISCHIA DI CASTRO/ISOLA DEL LIRI/ITRI/LABICO/LADISPOLI/LANUVIO/LARIANO/LATERA/LENOLA/LICENZA/LONGONE SABINO/LUBRIANO/MAENZA/MAGLIANO ROMANO/MAGLIANO SABINA/MANDELA/MANZIANA/MARANO EQUO/MARCELLINA/MARINO/MARTA/MAZZANO ROMANO/MENTANA/MINTURNO/MOMPEO/MONTALTO DI CASTRO/MONTASOLA/MONTE COMPATRI/MONTE PORZIO CATONE/MONTE ROMANO/MONTE SAN BIAGIO/MONTE SAN GIOVANNI CAMPANO/MONTE SAN GIOVANNI IN SABINA/MONTEBUONO/MONTEFIASCONE/MONTEFLAVIO/MONTELANICO/MONTELEONE SABINO/MONTELIBRETTI/MONTENERO SABINO/MONTEROSI/MONTEROTONDO/MONTOPOLI DI SABINA/MONTORIO ROMANO/MORICONE/MORLUPO/MOROLO/MORRO REATINO/NAZZANO/NEMI/NEPI/NEROLA/NETTUNO/NORMA/OLEVANO ROMANO/ONANO/ORIOLO ROMANO/ORTE/ORVINIO/PAGANICO SABINO/PALESTRINA/PALIANO/PALOMBARA SABINA/PASTENA/PATRICA/PERCILE/PESCOROCCHIANO/PESCOSOLIDO/PIANSANO/PICINISCO/PICO/PIEDIMONTE SAN GERMANO/PIGLIO/PIGNATARO INTERAMNA/PISONIANO/POFI/POGGIO BUSTONE/POGGIO CATINO/POGGIO MIRTETO/POGGIO MOIANO/POGGIO NATIVO/POGGIO SAN LORENZO/POLI/POMEZIA/PONTECORVO/PONZANO ROMANO/POSTA FIBRENO/POZZAGLIA SABINA/PRIVERNO/PROCENO/PROSSEDI/RIANO/RIETI/RIGNANO FLAMINIO/RIPI/RIVODUTRI/ROCCA CANTERANO/ROCCA D'ARCE/ROCCA DI CAVE/ROCCA DI PAPA/ROCCA MASSIMA/ROCCA PRIORA/ROCCA SANTO STEFANO/ROCCA SINIBALDA/ROCCAGIOVINE/ROCCAGORGA/ROCCANTICA/ROCCASECCA/ROCCASECCA DEI VOLSCI/ROIATE/ROMA/RONCIGLIONE/ROVIANO/SACROFANO/SALISANO/SAMBUCI/SAN BIAGIO SARACINISCO/SAN CESAREO/SAN DONATO VAL DI COMINO/SAN GIORGIO A LIRI/SAN GIOVANNI INCARICO/SAN GREGORIO DA SASSOLA/SAN LORENZO NUOVO/SAN POLO DEI CAVALIERI/SAN VITO ROMANO/SAN VITTORE DEL LAZIO/SANT'AMBROGIO SUL GARIGLIANO/SANT'ANDREA DEL GARIGLIANO/SANT'ANGELO ROMANO/SANT'APOLLINARE/SANT'ELIA FIUMERAPIDO/SANT'ORESTE/SANTI COSMA E DAMIANO/SANTOPADRE/SARACINESCO/SCANDRIGLIA/SEGNI/SELCI/SERMONETA/SERRONE/SETTEFRATI/SEZZE/SGURGOLA/SONNINO/SORA/SORIANO NEL CIMINO/SPERLONGA/SPIGNO SATURNIA/STIMIGLIANO/STRANGOLAGALLI/SUBIACO/SUPINO/SUTRI/TARANO/TARQUINIA/TERELLE/TERRACINA/TESSENNANO/TIVOLI/TOFFIA/TORRE CAJETANI/TORRI IN SABINA/TORRICE/TORRICELLA IN SABINA/TORRITA TIBERINA/TREVIGNANO ROMANO/TRIVIGLIANO/TUSCANIA/VACONE/VALENTANO/VALLECORSA/VALLEMAIO/VALLERANO/VALLEROTONDA/VARCO SABINO/VASANELLO/VEJANO/VELLETRI/VEROLI/VETRALLA/VICALVI/VICO NEL LAZIO/VICOVARO/VIGNANELLO/VILLA LATINA/VILLA SAN GIOVANNI IN TUSCIA/VILLA SANTA LUCIA/VILLA SANTO STEFANO/VITERBO/VITORCHIANO/ZAGAROLO,4/5/2019,3/30/2021,8/2/2021
IT_28,Olio lucano,IT,ACERENZA/AUGELLINA/CARPINEGNA/CORATINA/CORNACCHIOLA/FARESANA/FRANTOIO/GHIANNARA/JUSTA/LECCINO/MAIATICA (OLIVA DI FERRANDINA/NOCIARA/NOSTRALE)/OGLIAROLA DEL BRADANO (COMUNE/OGLIAROLA DEL VULTURE (RIPOLESE/OGLIAROLA DI MELFI/OGLIAROLA)/PASOLA)/RAPOLLESE/ROMANELLA,extra virgin olive oil,10000,na,na,≤22,"0,6",12,na,na,na,na,https://ec.europa.eu/agriculture/eambrosia/geographical-indications-register/details/EUGI00000016649,ABRIOLA/ACCETTURA/ACERENZA/ALBANO DI LUCANIA/ALIANO/ANZI/ARMENTO/ATELLA/AVIGLIANO/BALVANO/BANZI/BARAGIANO/BARILE/BELLA/BERNALDA/BRIENZA/BRINDISI MONTAGNA/CALCIANO/CALVELLO/CALVERA/CAMPOMAGGIORE/CANCELLARA/CARBONE/CASTELGRANDE/CASTELLUCCIO INFERIORE/CASTELLUCCIO SUPERIORE/CASTELMEZZANO/CASTELSARACENO/CASTRONUOVO DI SANT'ANDREA/CERSOSIMO/CHIAROMONTE/CIRIGLIANO/COLOBRARO/CORLETO PERTICARA/CRACO/EPISCOPIA/FARDELLA/FERRANDINA/FILIANO/FORENZA/FRANCAVILLA IN SINNI/GALLICCHIO/GARAGUSO/GENZANO DI LUCANIA/GINESTRA/GORGOGLIONE/GRASSANO/GROTTOLE/GRUMENTO NOVA/GUARDIA PERTICARA/IRSINA/LAGONEGRO/LATRONICO/LAURENZANA/LAURIA/LAVELLO/MARATEA/MARSICO NUOVO/MARSICOVETERE/MASCHITO/MATERA/MELFI/MIGLIONICO/MISSANELLO/MOLITERNO/MONTALBANO JONICO/MONTEMILONE/MONTEMURRO/MONTESCAGLIOSO/MURO LUCANO/NEMOLI/NOEPOLI/NOVA SIRI/OLIVETO LUCANO/OPPIDO LUCANO/PALAZZO SAN GERVASIO/PATERNO/PESCOPAGANO/PICERNO/PIETRAGALLA/PIETRAPERTOSA/PIGNOLA/PISTICCI/POLICORO/POMARICO/POTENZA/RAPOLLA/RAPONE/RIONERO IN VULTURE/RIPACANDIDA/RIVELLO/ROCCANOVA/ROTONDA/ROTONDELLA/RUOTI/RUVO DEL MONTE/SALANDRA/SAN CHIRICO NUOVO/SAN CHIRICO RAPARO/SAN COSTANTINO ALBANESE/SAN FELE/SAN GIORGIO LUCANO/SAN MARTINO D'AGRI/SAN MAURO FORTE/SAN PAOLO ALBANESE/SAN SEVERINO LUCANO/SANT'ANGELO LE FRATTE/SANT'ARCANGELO/SARCONI/SASSO DI CASTALDA/SATRIANO DI LUCANIA/SAVOIA DI LUCANIA/SCANZANO JONICO/SENISE/SPINOSO/STIGLIANO/TEANA/TERRANOVA DI POLLINO/TITO/TOLVE/TRAMUTOLA/TRECCHINA/TRICARICO/TRIVIGNO/TURSI/VAGLIO BASILICATA/VALSINNI/VENOSA/VIETRI DI POTENZA/VIGGIANELLO/VIGGIANO,4/26/2019,5/20/2020,10/5/2020
IT_29,Penisola Sorrentina,IT,FRANTOIO/LECCINO/OGLIAROLA (MINUCCIOLA)/ROTONDELLA,extra virgin olive oil,10800,na,na,≤20,"0,8",12,"2,2",na,na,na,https://ec.europa.eu/agriculture/eambrosia/geographical-indications-register/details/EUGI00000013329,ANACAPRI/CAPRI/CASOLA DI NAPOLI/CASTELLAMMARE DI STABIA/GRAGNANO/LETTERE/MASSA LUBRENSE/META/PIANO DI SORRENTO/PIMONTE/SANT'AGNELLO/SORRENTO/VICO EQUENSE,na,na,6/13/1997
IT_30,Pretuziano delle Colline Teramane,IT,CARBONCELLA/CASTIGLIONESE/DRITTA/FRANTOIO/LECCINO/TORTIGLIONE,extra virgin olive oil,6500,na,na,≤20,"0,5",12,2,na,"0,2",na,https://ec.europa.eu/agriculture/eambrosia/geographical-indications-register/details/EUGI00000013490,ALBA ADRIATICA/ANCARANO/ARSITA/ATRI/BASCIANO/BELLANTE/BISENTI/CAMPLI/CANZANO/CASTEL CASTAGNA/CASTELLALTO/CASTIGLIONE MESSER RAIMONDO/CASTILENTI/CELLINO ATTANASIO/CERMIGNANO/CIVITELLA DEL TRONTO/COLLEDARA/COLONNELLA/CONTROGUERRA/CORROPOLI/GIULIANOVA/ISOLA DEL GRAN SASSO D'ITALIA/MARTINSICURO/MONTEFINO/MONTORIO AL VOMANO/MORRO D'ORO/MOSCIANO SANT'ANGELO/NERETO/NOTARESCO/PENNA SANT'ANDREA/PINETO/ROSETO DEGLI ABRUZZI/SANT'EGIDIO ALLA VIBRATA/SANT'OMERO/SILVI/TERAMO/TORANO NUOVO/TORRICELLA SICURA/TORTORETO/TOSSICIA,11/20/2000,12/12/2002,8/26/2003
IT_31,Riviera Ligure,IT,ARNASCA/CARPARINA/CASTELNOVINA/COLOMBAIA/COZZANINA/COZZANONE/FIANDOLA/FINALINA/FRANTOIO/GIUGGIOLINA)/LANTESCA (MATTEA/LAVAGNINA/LECCINO/LICCIONE (OR LIZZONE/MERLINA/MORTELLINA/MORTINA/NEGREA/NOSTRALE/OLIVASTRONE)/OLIVELLA/OLIVOTTO/PERTEGARA)/PIGNOLA/PREMPESA (PRINCIPINA) RAZZOLA/RONDINO/ROSSESE/TAGGIASCA (OR GENTILE/TAGGIASCA DI FEGLINO AND TOSO,extra virgin olive oil,8400,na,na,≤25,"0,5",17,"2,3",na,"0,16",na,https://ec.europa.eu/agriculture/eambrosia/geographical-indications-register/details/EUGI00000013324,AIROLE/ALASSIO/ALBENGA/ALBISOLA SUPERIORE/ALBISSOLA MARINA/AMEGLIA/ANDORA/APRICALE/AQUILA D'ARROSCIA/ARCOLA/ARENZANO/ARMO/ARNASCO/AURIGO/AVEGNO/BADALUCCO/BAJARDO/BALESTRINO/BARGAGLI/BERGEGGI/BEVERINO/BOGLIASCO/BOISSANO/BOLANO/BONASSOLA/BORDIGHERA/BORGHETTO D'ARROSCIA/BORGHETTO DI VARA/BORGHETTO SANTO SPIRITO/BORGIO VEREZZI/BORGOMARO/BORZONASCA/BRUGNATO/CALICE AL CORNOVIGLIO/CALICE LIGURE/CALIZZANO/CAMOGLI/CAMPOROSSO/CARASCO/CARAVONICA/CARRO/CARRODANO/CASANOVA LERRONE/CASARZA LIGURE/CASTEL VITTORIO/CASTELBIANCO/CASTELLARO/CASTELNUOVO MAGRA/CASTELVECCHIO DI ROCCA BARBENA/CASTIGLIONE CHIAVARESE/CELLE LIGURE/CERIALE/CERIANA/CERVO/CESIO/CHIAVARI/CHIUSANICO/CHIUSAVECCHIA/CICAGNA/CIPRESSA/CISANO SUL NEVA/CIVEZZA/COGOLETO/COGORNO/COREGLIA LIGURE/COSIO D'ARROSCIA/COSTARAINERA/DAVAGNA/DEIVA MARINA/DIANO ARENTINO/DIANO CASTELLO/DIANO MARINA/DIANO SAN PIETRO/DOLCEACQUA/DOLCEDO/ERLI/FAVALE DI MALVARO/FINALE LIGURE/FOLLO/FRAMURA/GARLENDA/GENOVA/GIUSTENICE/IMPERIA/LA SPEZIA/LAIGUEGLIA/LAVAGNA/LEIVI/LERICI/LEVANTO/LOANO/LORSICA/LUCINASCO/LUMARZO/LUNI/MAGLIOLO/MAISSANA/MELE/MENDATICA/MEZZANEGO/MOCONESI/MOLINI DI TRIORA/MONEGLIA/MONTALTO CARPASIO/MONTEGROSSO PIAN LATTE/MONTEROSSO AL MARE/NASINO/NE/NEIRONE/NOLI/OLIVETTA SAN MICHELE/ONZO/ORCO FEGLINO/ORERO/ORTOVERO/OSIGLIA/OSPEDALETTI/PERINALDO/PIETRA LIGURE/PIETRABRUNA/PIEVE DI TECO/PIEVE LIGURE/PIGNA/PIGNONE/POMPEIANA/PONTEDASSIO/PORNASSIO/PORTOFINO/PORTOVENERE/PRELÀ/QUILIANO/RANZO/RAPALLO/RECCO/REZZO/RIALTO/RICCÒ DEL GOLFO DI SPEZIA/RIOMAGGIORE/RIVA LIGURE/ROCCHETTA DI VARA/ROCCHETTA NERVINA/SAN BARTOLOMEO AL MARE/SAN BIAGIO DELLA CIMA/SAN COLOMBANO CERTENOLI/SAN LORENZO AL MARE/SANREMO/SANT'OLCESE/SANTA MARGHERITA LIGURE/SANTO STEFANO AL MARE/SANTO STEFANO DI MAGRA/SARZANA/SAVONA/SEBORGA/SESTA GODANO/SESTRI LEVANTE/SOLDANO/SORI/SPOTORNO/STELLA/STELLANELLO/TAGGIA/TERZORIO/TESTICO/TOIRANO/TOVO SAN GIACOMO/TRIBOGNA/TRIORA/USCIO/VADO LIGURE/VALLEBONA/VALLECROSIA/VARAZZE/VARESE LIGURE/VASIA/VENDONE/VENTIMIGLIA/VERNAZZA/VESSALICO/VEZZANO LIGURE/VEZZI PORTIO/VILLA FARALDI/VILLANOVA D'ALBENGA/ZIGNAGO/ZOAGLI/ZUCCARELLO,na,11/11/2010,1/24/1997
IT_32,Sabina,IT,CARBONCELLA/FRANTOIO/LECCINO/MORAIOLO/OLIVAGO/OLIVASTRONE/PENDOLINO/RAJA/ROSCIOLA/SALVIANA,extra virgin olive oil,6300,allowed,na,≤25,"0,6",14,na,na,na,na,https://ec.europa.eu/agriculture/eambrosia/geographical-indications-register/details/EUGI00000013389,CANTALUPO IN SABINA/CASAPROTA/CASPERIA/CASTELNUOVO DI FARFA/COLLEVECCHIO/CONFIGNI/COTTANELLO/FARA IN SABINA/FONTE NUOVA/FORANO/FRASSO SABINO/GUIDONIA MONTECELIO/MAGLIANO SABINA/MARCELLINA/MENTANA/MOMPEO/MONTASOLA/MONTEBUONO/MONTEFLAVIO/MONTELEONE SABINO/MONTELIBRETTI/MONTENERO SABINO/MONTEROTONDO/MONTOPOLI DI SABINA/MONTORIO ROMANO/MORICONE/NEROLA/PALOMBARA SABINA/POGGIO CATINO/POGGIO MIRTETO/POGGIO MOIANO/POGGIO NATIVO/POGGIO SAN LORENZO/ROCCANTICA/ROMA/SALISANO/SAN POLO DEI CAVALIERI/SANT'ANGELO ROMANO/SCANDRIGLIA/SELCI/STIMIGLIANO/TARANO/TOFFIA/TORRI IN SABINA/TORRICELLA IN SABINA/VACONE,na,11/8/2008,7/2/1996
IT_33,Sardegna,IT,BOSANA/NERA (TONDA) DI VILLACIDRO/SEMIDANA/TONDA DI CAGLIARI,extra virgin olive oil,12000,na,na,≤22,"0,5",15,na,na,na,na,https://ec.europa.eu/agriculture/eambrosia/geographical-indications-register/details/EUGI00000013626,ABBASANTA/AGGIUS/AGLIENTU/AIDOMAGGIORE/ALBAGIARA/ALES/ALGHERO/ALLAI/ANELA/ARBOREA/ARBUS/ARDARA/ARDAULI/ARITZO/ARMUNGIA/ARZACHENA/ARZANA/ASSEMINI/ASSOLO/ASUNI/ATZARA/AUSTIS/BADESI/BALLAO/BANARI/BARADILI/BARATILI SAN PIETRO/BARESSA/BARI SARDO/BARRALI/BARUMINI/BAULADU/BAUNEI/BENETUTTI/BERCHIDDA/BESSUDE/BIDONÌ/BIRORI/BITTI/BOLOTANA/BONARCADO/BONNANARO/BONO/BONORVA/BORONEDDU/BORORE/BORTIGALI/BORTIGIADAS/BORUTTA/BOSA/BOTTIDDA/BUDDUSÒ/BUDONI/BUGGERRU/BULTEI/BULZI/BURCEI/BURGOS/BUSACHI/CABRAS/CAGLIARI/CALANGIANUS/CALASETTA/CAPOTERRA/CARBONIA/CARDEDU/CARGEGHE/CARLOFORTE/CASTELSARDO/CASTIADAS/CHIARAMONTI/CODRONGIANOS/COLLINAS/COSSOINE/CUGLIERI/CURCURIS/DECIMOMANNU/DECIMOPUTZU/DOLIANOVA/DOMUS DE MARIA/DOMUSNOVAS/DONORI/DORGALI/DUALCHI/ELINI/ELMAS/ERULA/ESCALAPLANO/ESCOLCA/ESPORLATU/ESTERZILI/FLORINAS/FLUMINIMAGGIORE/FLUSSIO/FORDONGIANUS/FURTEI/GADONI/GAIRO/GALTELLÌ/GAVOI/GENONI/GENURI/GERGEI/GESICO/GESTURI/GHILARZA/GIAVE/GIBA/GIRASOLE/GOLFO ARANCI/GONI/GONNESA/GONNOSCODINA/GONNOSFANADIGA/GONNOSNÒ/GONNOSTRAMATZA/GUAMAGGIORE/GUASILA/GUSPINI/IGLESIAS/ILBONO/ILLORAI/IRGOLI/ISILI/ITTIREDDU/ITTIRI/JERZU/LACONI/LAERRU/LANUSEI/LAS PLASSAS/LEI/LOCERI/LOCULI/LODÈ/LOIRI PORTO SAN PAOLO/LOTZORAI/LULA/LUNAMATRONA/LUOGOSANTO/LURAS/MACOMER/MAGOMADAS/MAMOIADA/MANDAS/MARA/MARACALAGONIS/MARRUBIU/MARTIS/MASAINAS/MASULLAS/MEANA SARDO/MILIS/MODOLO/MOGORELLA/MOGORO/MONASTIR/MONSERRATO/MONTELEONE ROCCA DORIA/MONTI/MONTRESTA/MORES/MORGONGIORI/MURAVERA/MUROS/MUSEI/NARBOLIA/NARCAO/NEONELI/NORAGUGUME/NORBELLO/NUGHEDU SAN NICOLÒ/NUGHEDU SANTA VITTORIA/NULE/NULVI/NUORO/NURACHI/NURAGUS/NURALLAO/NURAMINIS/NURECI/NURRI/NUXIS/OLBIA/OLIENA/OLLASTRA/OLMEDO/OLZAI/ONANÌ/ONIFAI/ONIFERI/ORANI/ORGOSOLO/ORISTANO/OROSEI/OROTELLI/ORROLI/ORTACESUS/ORTUERI/ORUNE/OSCHIRI/OSILO/OSINI/OSSI/OTTANA/OVODDA/OZIERI/PABILLONIS/PADRIA/PADRU/PALAU/PALMAS ARBOREA/PATTADA/PAU/PAULI ARBAREI/PAULILATINO/PERDASDEFOGU/PERDAXIUS/PERFUGAS/PIMENTEL/PISCINAS/PLOAGHE/POMPU/PORTO TORRES/PORTOSCUSO/POSADA/POZZOMAGGIORE/PULA/PUTIFIGARI/QUARTU SANT'ELENA/QUARTUCCIU/RIOLA SARDO/ROMANA/RUINAS/SADALI/SAGAMA/SAMASSI/SAMATZAI/SAMUGHEO/SAN BASILIO/SAN GAVINO MONREALE/SAN GIOVANNI SUERGIU/SAN NICOLÒ D'ARCIDANO/SAN NICOLÒ GERREI/SAN SPERATE/SAN TEODORO/SAN VERO MILIS/SAN VITO/SANLURI/SANT'ANDREA FRIUS/SANT'ANNA ARRESI/SANT'ANTIOCO/SANT'ANTONIO DI GALLURA/SANTA GIUSTA/SANTA TERESA GALLURA/SANTADI/SANTU LUSSURGIU/SARDARA/SARROCH/SARULE/SASSARI/SCANO DI MONTIFERRO/SEDILO/SEDINI/SEGARIU/SELARGIUS/SELEGAS/SEMESTENE/SENEGHE/SENIS/SENNARIOLO/SENNORI/SENORBÌ/SERDIANA/SERRAMANNA/SERRENTI/SERRI/SESTU/SETTIMO SAN PIETRO/SETZU/SEUI/SEULO/SIAMAGGIORE/SIAMANNA/SIAPICCIA/SIDDI/SILANUS/SILIGO/SILIQUA/SILIUS/SIMALA/SIMAXIS/SINDIA/SINI/SINISCOLA/SINNAI/SIRIS/SIURGUS DONIGALA/SODDÌ/SOLARUSSA/SOLEMINIS/SORGONO/SORRADILE/SORSO/SUELLI/SUNI/TADASUNI/TALANA/TELTI/TEMPIO PAUSANIA/TERGU/TERRALBA/TERTENIA/TETI/TEULADA/THIESI/TIANA/TINNURA/TISSI/TONARA/TORPÈ/TORRALBA/TORTOLÌ/TRAMATZA/TRATALIAS/TRESNURAGHES/TRIEI/TRINITÀ D'AGULTU E VIGNOLA/TUILI/TULA/TURRI/ULASSAI/ULÀ TIRSO/URAS/URI/URZULEI/USELLUS/USINI/USSANA/USSARAMANNA/USSASSAI/UTA/VALLEDORIA/VALLERMOSA/VIDDALBA/VILLA SAN PIETRO/VILLA SANT'ANTONIO/VILLA VERDE/VILLACIDRO/VILLAGRANDE STRISAILI/VILLAMAR/VILLAMASSARGIA/VILLANOVA MONTELEONE/VILLANOVA TRUSCHEDU/VILLANOVA TULO/VILLANOVAFORRU/VILLANOVAFRANCA/VILLAPERUCCIO/VILLAPUTZU/VILLASALTO/VILLASIMIUS/VILLASOR/VILLASPECIOSA/VILLAURBANA/ZEDDIANI/ZERFALIU,3/18/2003,9/13/2005,2/16/2007
IT_34,Seggiano,IT,OLIVASTRA DI SEGGIANO,extra virgin olive oil,na,allowed,na,≤30,"0,5",12,"2,2",na,"0,2",na,https://ec.europa.eu/agriculture/eambrosia/geographical-indications-register/details/EUGI00000013942,ARCIDOSSO/CASTEL DEL PIANO/CASTELL'AZZARA/CINIGIANO/ROCCALBEGNA/SANTA FIORA/SEGGIANO/SEMPRONIANO,10/30/2006,na,12/14/2011
IT_35,Sicilia,IT,"AITANA/BIANCOLILLA/BOTTONE DI GALLO/BRANDOFINO/CALATINA/CAVALIERI/CERASUOLA/CRASTU/ERBANO/GIARRAFFA/LUMIARU/MARMORIGNA/MINUTA/MORESCA/NASITANA/NERBA/NOCELLARA DEL BELICE/NOCELLARA ETNEA/NOCELLARA MESSINESE/OGLIAROLA MESSINESE/OLIVO DI MANDANICI/PIRICUDDARA/SANTAGATESE/TONDA IBLEA,VADDARICA/VERDELLO/VERDESE/ZAITUNA",extra virgin olive oil,10000,na,na,≤24,"0,5",12,na,na,na,na,https://ec.europa.eu/agriculture/eambrosia/geographical-indications-register/details/EUGI00000015914,ACATE/ACI BONACCORSI/ACI CASTELLO/ACI CATENA/ACI SANT'ANTONIO/ACIREALE/ACQUAVIVA PLATANI/ACQUEDOLCI/ADRANO/AGIRA/AGRIGENTO/AIDONE/ALCAMO/ALCARA LI FUSI/ALESSANDRIA DELLA ROCCA/ALIA/ALIMENA/ALIMINUSA/ALTAVILLA MILICIA/ALTOFONTE/ALÌ/ALÌ TERME/ANTILLO/ARAGONA/ASSORO/AUGUSTA/AVOLA/BAGHERIA/BALESTRATE/BARCELLONA POZZO DI GOTTO/BARRAFRANCA/BASICÒ/BAUCINA/BELMONTE MEZZAGNO/BELPASSO/BIANCAVILLA/BISACQUINO/BIVONA/BLUFI/BOLOGNETTA/BOMPENSIERE/BOMPIETRO/BORGETTO/BROLO/BRONTE/BUCCHERI/BURGIO/BUSCEMI/BUSETO PALIZZOLO/BUTERA/CACCAMO/CALAMONACI/CALASCIBETTA/CALATABIANO/CALATAFIMI-SEGESTA/CALTABELLOTTA/CALTAGIRONE/CALTANISSETTA/CALTAVUTURO/CAMASTRA/CAMMARATA/CAMPOBELLO DI LICATA/CAMPOBELLO DI MAZARA/CAMPOFELICE DI FITALIA/CAMPOFELICE DI ROCCELLA/CAMPOFIORITO/CAMPOFRANCO/CAMPOREALE/CAMPOROTONDO ETNEO/CANICATTINI BAGNI/CANICATTÌ/CAPACI/CAPIZZI/CAPO D'ORLANDO/CAPRI LEONE/CARINI/CARLENTINI/CARONIA/CASALVECCHIO SICULO/CASSARO/CASTEL DI IUDICA/CASTEL DI LUCIO/CASTELBUONO/CASTELDACCIA/CASTELL'UMBERTO/CASTELLAMMARE DEL GOLFO/CASTELLANA SICULA/CASTELMOLA/CASTELTERMINI/CASTELVETRANO/CASTIGLIONE DI SICILIA/CASTROFILIPPO/CASTRONOVO DI SICILIA/CASTROREALE/CATANIA/CATENANUOVA/CATTOLICA ERACLEA/CEFALÀ DIANA/CEFALÙ/CENTURIPE/CERAMI/CERDA/CESARÒ/CHIARAMONTE GULFI/CHIUSA SCLAFANI/CIANCIANA/CIMINNA/CINISI/COLLESANO/COMISO/COMITINI/CONDRÒ/CONTESSA ENTELLINA/CORLEONE/CUSTONACI/DELIA/ENNA/ERICE/FALCONE/FAVARA/FAVIGNANA/FERLA/FICARAZZI/FICARRA/FIUMEDINISI/FIUMEFREDDO DI SICILIA/FLORESTA/FLORIDIA/FONDACHELLI-FANTINA/FORZA D'AGRÒ/FRANCAVILLA DI SICILIA/FRANCOFONTE/FRAZZANÒ/FURCI SICULO/FURNARI/GAGGI/GAGLIANO CASTELFERRATO/GALATI MAMERTINO/GALLODORO/GANGI/GELA/GERACI SICULO/GIARDINELLO/GIARDINI-NAXOS/GIARRATANA/GIARRE/GIBELLINA/GIOIOSA MAREA/GIULIANA/GODRANO/GRAMMICHELE/GRANITI/GRATTERI/GRAVINA DI CATANIA/GROTTE/GUALTIERI SICAMINÒ/ISNELLO/ISOLA DELLE FEMMINE/ISPICA/ITALA/JOPPOLO GIANCAXIO/LAMPEDUSA E LINOSA/LASCARI/LENI/LENTINI/LEONFORTE/LERCARA FRIDDI/LETOJANNI/LIBRIZZI/LICATA/LICODIA EUBEA/LIMINA/LINGUAGLOSSA/LIPARI/LONGI/LUCCA SICULA/MALETTO/MALFA/MALVAGNA/MANDANICI/MANIACE/MARIANOPOLI/MARINEO/MARSALA/MASCALI/MASCALUCIA/MAZARA DEL VALLO/MAZZARINO/MAZZARRONE/MAZZARRÀ SANT'ANDREA/MELILLI/MENFI/MERÌ/MESSINA/MEZZOJUSO/MILAZZO/MILENA/MILITELLO IN VAL DI CATANIA/MILITELLO ROSMARINO/MILO/MINEO/MIRABELLA IMBACCARI/MIRTO/MISILMERI/MISTERBIANCO/MISTRETTA/MODICA/MOIO ALCANTARA/MONFORTE SAN GIORGIO/MONGIUFFI MELIA/MONREALE/MONTAGNAREALE/MONTALBANO ELICONA/MONTALLEGRO/MONTEDORO/MONTELEPRE/MONTEMAGGIORE BELSITO/MONTEROSSO ALMO/MONTEVAGO/MOTTA CAMASTRA/MOTTA D'AFFERMO/MOTTA SANT'ANASTASIA/MUSSOMELI/NARO/NASO/NICOLOSI/NICOSIA/NISCEMI/NISSORIA/NIZZA DI SICILIA/NOTO/NOVARA DI SICILIA/OLIVERI/PACE DEL MELA/PACECO/PACHINO/PAGLIARA/PALAGONIA/PALAZZO ADRIANO/PALAZZOLO ACREIDE/PALERMO/PALMA DI MONTECHIARO/PANTELLERIA/PARTANNA/PARTINICO/PATERNÒ/PATTI/PEDARA/PETRALIA SOPRANA/PETRALIA SOTTANA/PETROSINO/PETTINEO/PIANA DEGLI ALBANESI/PIAZZA ARMERINA/PIEDIMONTE ETNEO/PIETRAPERZIA/PIRAINO/POGGIOREALE/POLIZZI GENEROSA/POLLINA/PORTO EMPEDOCLE/PORTOPALO DI CAPO PASSERO/POZZALLO/PRIOLO GARGALLO/PRIZZI/RACALMUTO/RACCUJA/RADDUSA/RAFFADALI/RAGALNA/RAGUSA/RAMACCA/RANDAZZO/RAVANUSA/REALMONTE/REGALBUTO/REITANO/RESUTTANO/RIBERA/RIESI/RIPOSTO/ROCCAFIORITA/ROCCALUMERA/ROCCAMENA/ROCCAPALUMBA/ROCCAVALDINA/ROCCELLA VALDEMONE/RODÌ MILICI/ROMETTA/ROSOLINI/SALAPARUTA/SALEMI/SAMBUCA DI SICILIA/SAN BIAGIO PLATANI/SAN CATALDO/SAN CIPIRELLO/SAN CONO/SAN FILIPPO DEL MELA/SAN FRATELLO/SAN GIOVANNI GEMINI/SAN GIOVANNI LA PUNTA/SAN GIUSEPPE JATO/SAN GREGORIO DI CATANIA/SAN MARCO D'ALUNZIO/SAN MAURO CASTELVERDE/SAN MICHELE DI GANZARIA/SAN PIER NICETO/SAN PIERO PATTI/SAN PIETRO CLARENZA/SAN SALVATORE DI FITALIA/SAN TEODORO/SAN VITO LO CAPO/SANT'AGATA DI MILITELLO/SANT'AGATA LI BATTIATI/SANT'ALESSIO SICULO/SANT'ALFIO/SANT'ANGELO DI BROLO/SANT'ANGELO MUXARO/SANTA CATERINA VILLARMOSA/SANTA CRISTINA GELA/SANTA CROCE CAMERINA/SANTA DOMENICA VITTORIA/SANTA ELISABETTA/SANTA FLAVIA/SANTA LUCIA DEL MELA/SANTA MARGHERITA DI BELICE/SANTA MARIA DI LICODIA/SANTA MARINA SALINA/SANTA NINFA/SANTA TERESA DI RIVA/SANTA VENERINA/SANTO STEFANO DI CAMASTRA/SANTO STEFANO QUISQUINA/SAPONARA/SAVOCA/SCALETTA ZANCLEA/SCIACCA/SCIARA/SCICLI/SCILLATO/SCLAFANI BAGNI/SCORDIA/SERRADIFALCO/SICULIANA/SINAGRA/SIRACUSA/SOLARINO/SOMMATINO/SORTINO/SPADAFORA/SPERLINGA/SUTERA/TAORMINA/TERME VIGLIATORE/TERMINI IMERESE/TERRASINI/TORREGROTTA/TORRENOVA/TORRETTA/TORTORICI/TRABIA/TRAPANI/TRAPPETO/TRECASTAGNI/TREMESTIERI ETNEO/TRIPI/TROINA/TUSA/UCRIA/USTICA/VALDERICE/VALDINA/VALGUARNERA CAROPEPE/VALLEDOLMO/VALLELUNGA PRATAMENO/VALVERDE/VENETICO/VENTIMIGLIA DI SICILIA/VIAGRANDE/VICARI/VILLABATE/VILLAFRANCA SICULA/VILLAFRANCA TIRRENA/VILLAFRATI/VILLALBA/VILLAROSA/VITA/VITTORIA/VIZZINI/ZAFFERANA ETNEA,1/29/2015,5/25/2016,9/16/2016
IT_36,Tergeste,IT,BELICA/BIANCHERA/FRANTOIO/GARBONA/LECCINO/LECCIO DEL COMO/MAURINO/PENDOLINO,extra virgin olive oil,6500,na,na,≤22,"0,5",12,"2,3",na,"0,2","0,01",https://ec.europa.eu/agriculture/eambrosia/geographical-indications-register/details/EUGI00000013559,DUINO AURISINA-DEVIN NABREŽINA/MONRUPINO-REPENTABOR/MUGGIA/SAN DORLIGO DELLA VALLE-DOLINA/SGONICO-ZGONIK/TRIESTE,10/21/2002,12/13/2003,10/23/2004
IT_37,Terra di Bari,IT,BARESE/CIMA DI BITONTO (OGLIAROLA)/CIMA DI MOLA/CORATINA,extra virgin olive oil,12000,na,na,≤22,"0,6",15,"2,4",na,"0,18",na,https://ec.europa.eu/agriculture/eambrosia/geographical-indications-register/details/EUGI00000013326,ACQUAVIVA DELLE FONTI/ADELFIA/ALBEROBELLO/ALTAMURA/BARI/BINETTO/BITETTO/BITONTO/BITRITTO/CAPURSO/CASAMASSIMA/CASSANO DELLE MURGE/CASTELLANA GROTTE/CELLAMARE/CONVERSANO/CORATO/GIOIA DEL COLLE/GIOVINAZZO/GRAVINA IN PUGLIA/GRUMO APPULA/LOCOROTONDO/MODUGNO/MOLA DI BARI/MOLFETTA/MONOPOLI/NOCI/NOICATTARO/PALO DEL COLLE/POGGIORSINI/POLIGNANO A MARE/PUTIGNANO/RUTIGLIANO/RUVO DI PUGLIA/SAMMICHELE DI BARI/SANNICANDRO DI BARI/SANTERAMO IN COLLE/TERLIZZI/TORITTO/TRIGGIANO/TURI/VALENZANO,na,na,11/25/1997
IT_38,Terra d'Otranto,IT,CELLINA DI NARDÒ/FS-17 (FAVOLOSA)/LECCINO/OGLIAROLA (OGLIAROLA LECCESE/SALENTINA),extra virgin olive oil,14400,na,400,≤20,"0,65",14,"2,2",na,"0,17",na,https://ec.europa.eu/agriculture/eambrosia/geographical-indications-register/details/EUGI00000013397,ALESSANO/ALEZIO/ALLISTE/ANDRANO/ARADEO/ARNESANO/AVETRANA/BAGNOLO DEL SALENTO/BOTRUGNO/CALIMERA/CAMPI SALENTINA/CANNOLE/CAPRARICA DI LECCE/CARMIANO/CAROSINO/CAROVIGNO/CARPIGNANO SALENTINO/CASARANO/CASTRI DI LECCE/CASTRIGNANO DE' GRECI/CASTRIGNANO DEL CAPO/CASTRO/CAVALLINO/CEGLIE MESSAPICA/CISTERNINO/COLLEPASSO/COPERTINO/CORIGLIANO D'OTRANTO/CORSANO/CURSI/CUTROFIANO/DISO/FAGGIANO/FASANO/FRAGAGNANO/GAGLIANO DEL CAPO/GALATINA/GALATONE/GALLIPOLI/GIUGGIANELLO/GIURDIGNANO/GROTTAGLIE/GUAGNANO/LECCE/LEPORANO/LEQUILE/LEVERANO/LIZZANELLO/LIZZANO/MAGLIE/MANDURIA/MARTANO/MARTIGNANO/MARTINA FRANCA/MARUGGIO/MATINO/MELENDUGNO/MELISSANO/MELPIGNANO/MIGGIANO/MINERVINO DI LECCE/MONTEIASI/MONTEMESOLA/MONTEPARANO/MONTERONI DI LECCE/MONTESANO SALENTINO/MORCIANO DI LEUCA/MURO LECCESE/NARDÒ/NEVIANO/NOCIGLIA/NOVOLI/ORTELLE/OSTUNI/OTRANTO/PALMARIGGI/PARABITA/PATÙ/POGGIARDO/PORTO CESAREO/PRESICCE-ACQUARICA/PULSANO/RACALE/ROCCAFORZATA/RUFFANO/SALICE SALENTINO/SALVE/SAN CASSIANO/SAN CESARIO DI LECCE/SAN DONATO DI LECCE/SAN GIORGIO IONICO/SAN MARZANO DI SAN GIUSEPPE/SAN MICHELE SALENTINO/SAN PIETRO IN LAMA/SAN VITO DEI NORMANNI/SANARICA/SANNICOLA/SANTA CESAREA TERME/SAVA/SCORRANO/SECLÌ/SOGLIANO CAVOUR/SOLETO/SPECCHIA/SPONGANO/SQUINZANO/STERNATIA/SUPERSANO/SURANO/SURBO/TARANTO/TAURISANO/TAVIANO/TIGGIANO/TORRICELLA/TREPUZZI/TRICASE/TUGLIE/UGENTO/UGGIANO LA CHIESA/VEGLIE/VERNOLE/VILLA CASTELLI/ZOLLINO,na,8/15/2013,3/21/1998
IT_39,Terre Aurunche,IT,CORNIOLA/ITRANA/SESSANA/TENACELLA,extra virgin olive oil,10000,na,na,≤20,"0,6",13,"2,1",na,na,na,https://ec.europa.eu/agriculture/eambrosia/geographical-indications-register/details/EUGI00000013944,CAIANELLO/CARINOLA/CELLOLE/CONCA DELLA CAMPANIA/FALCIANO DEL MASSICO/FRANCOLISE/GALLUCCIO/MARZANO APPIO/MIGNANO MONTE LUNGO/MONDRAGONE/ROCCA D'EVANDRO/ROCCAMONFINA/SAN PIETRO INFINE/SESSA AURUNCA/SPARANISE/TEANO/TORA E PICCILLI,11/21/2006,4/7/2011,12/22/2011
IT_40,Terre di Siena,IT,AMERICANO/ARANCINO/CILIEGINO/CORREGGIOLO/FILARE/FRANTOIO/GREMIGNOLO/LECCINO/MAREMMANO/MAURINO/MIGNOLO/MORAIOLO/MORCHIAIO/OLIVASTRA/OLIVO BUFALO/PENDOLINO/PITURSELLO,extra virgin olive oil,12000,na,na,≤22,"0,5",12,"2,2",na,"0,2",na,https://ec.europa.eu/agriculture/eambrosia/geographical-indications-register/details/EUGI00000013318,ABBADIA SAN SALVATORE/ASCIANO/BUONCONVENTO/CASOLE D'ELSA/CASTELNUOVO BERARDENGA/CASTIGLIONE D'ORCIA/CETONA/CHIANCIANO TERME/CHIUSDINO/CHIUSI/COLLE DI VAL D'ELSA/MONTALCINO/MONTEPULCIANO/MONTERIGGIONI/MONTERONI D'ARBIA/MONTICIANO/MURLO/PIANCASTAGNAIO/PIENZA/POGGIBONSI/RADICOFANI/RADICONDOLI/RAPOLANO TERME/SAN CASCIANO DEI BAGNI/SAN GIMIGNANO/SAN QUIRICO D'ORCIA/SARTEANO/SIENA/SINALUNGA/SOVICILLE/TORRITA DI SIENA/TREQUANDA,10/1/1999,3/31/2000,11/7/2000
IT_41,Terre Tarentine,IT,CORATINA/FRANTOIO/LECCINO/OGLIAROLA,extra virgin olive oil,12000,na,500,≤22,"0,6",12,"2,4",na,"0,15",na,https://ec.europa.eu/agriculture/eambrosia/geographical-indications-register/details/EUGI00000013561,CASTELLANETA/CRISPIANO/GINOSA/LATERZA/MARTINA FRANCA/MONTEIASI/MONTEMESOLA/MOTTOLA/PALAGIANELLO/PALAGIANO/STATTE/TARANTO,11/5/2002,2/5/2004,10/30/2004
IT_42,Toscano,IT,AMERICANO/ARANCINO/CILIEGINO/FRANTOIO/GRAPPOLO/GREMIGNOLO/GROSSOLANA/LARCIANESE/LAZZERO/LECCINO/LECCIO DEL CORNO/LECCIONE/MADONNA DELL'IMPRUNETA/MARZIO/MAURINO/MELAIOLO/MIGNOLO/MORAIOLO/MORCHIAIO/OLIVASTRA/PENDOLINO/PESCIATINO/PIANGENTE/PUNTERUOLO/RAZZAIO/ROSSELLINO/ROSSELLO/SAN FRANCESCO/SANTA CATERINA/SCARLINESE/SEGGIANESE/TONDELLO,extra virgin olive oil,na,na,na,na,"0,6",16,na,na,na,na,https://ec.europa.eu/agriculture/eambrosia/geographical-indications-register/details/EUGI00000013390,ABBADIA SAN SALVATORE/ABETONE CUTIGLIANO/AGLIANA/ALTOPASCIO/ANGHIARI/ARCIDOSSO/AREZZO/ASCIANO/AULLA/BADIA TEDALDA/BAGNI DI LUCCA/BAGNO A RIPOLI/BAGNONE/BARBERINO DI MUGELLO/BARBERINO TAVARNELLE/BARGA/BELFORTE ALL'ISAURO/BIBBIENA/BIBBONA/BIENTINA/BORGO A MOZZANO/BORGO SAN LORENZO/BUCINE/BUGGIANO/BUONCONVENTO/BUTI/CALCI/CALCINAIA/CALENZANO/CAMAIORE/CAMPAGNATICO/CAMPI BISENZIO/CAMPIGLIA MARITTIMA/CAMPO NELL'ELBA/CAMPORGIANO/CANTAGALLO/CAPALBIO/CAPANNOLI/CAPANNORI/CAPOLIVERI/CAPOLONA/CAPRAIA E LIMITE/CAPRAIA ISOLA/CAPRESE MICHELANGELO/CAREGGINE/CARMIGNANO/CARRARA/CASALE MARITTIMO/CASCIANA TERME LARI/CASCINA/CASOLA IN LUNIGIANA/CASOLE D'ELSA/CASTAGNETO CARDUCCI/CASTEL DEL PIANO/CASTEL FOCOGNANO/CASTEL SAN NICCOLÒ/CASTELFIORENTINO/CASTELFRANCO DI SOTTO/CASTELFRANCO PIANDISCÒ/CASTELL'AZZARA/CASTELLINA IN CHIANTI/CASTELLINA MARITTIMA/CASTELNUOVO BERARDENGA/CASTELNUOVO DI GARFAGNANA/CASTELNUOVO DI VAL DI CECINA/CASTIGLION FIBOCCHI/CASTIGLION FIORENTINO/CASTIGLIONE D'ORCIA/CASTIGLIONE DELLA PESCAIA/CASTIGLIONE DI GARFAGNANA/CAVRIGLIA/CECINA/CERRETO GUIDI/CERTALDO/CETONA/CHIANCIANO TERME/CHIANNI/CHIESINA UZZANESE/CHITIGNANO/CHIUSDINO/CHIUSI/CHIUSI DELLA VERNA/CINIGIANO/CIVITELLA IN VAL DI CHIANA/CIVITELLA PAGANICO/COLLE DI VAL D'ELSA/COLLESALVETTI/COMANO/COREGLIA ANTELMINELLI/CORTONA/CRESPINA LORENZANA/DICOMANO/EMPOLI/FABBRICHE DI VERGEMOLI/FAUGLIA/FIESOLE/FIGLINE E INCISA VALDARNO/FILATTIERA/FIRENZE/FIRENZUOLA/FIVIZZANO/FOIANO DELLA CHIANA/FOLLONICA/FORTE DEI MARMI/FOSCIANDORA/FOSDINOVO/FUCECCHIO/GAIOLE IN CHIANTI/GALLICANO/GAMBASSI TERME/GAVORRANO/GREVE IN CHIANTI/GROSSETO/GUARDISTALLO/IMPRUNETA/ISOLA DEL GIGLIO/LAJATICO/LAMPORECCHIO/LARCIANO/LASTRA A SIGNA/LATERINA PERGINE VALDARNO/LICCIANA NARDI/LIVORNO/LONDA/LORO CIUFFENNA/LUCCA/LUCIGNANO/MAGLIANO IN TOSCANA/MANCIANO/MARCIANA/MARCIANA MARINA/MARCIANO DELLA CHIANA/MARLIANA/MARRADI/MASSA/MASSA E COZZILE/MASSA MARITTIMA/MASSAROSA/MINUCCIANO/MOLAZZANA/MONSUMMANO TERME/MONTAIONE/MONTALCINO/MONTALE/MONTE ARGENTARIO/MONTE SAN SAVINO/MONTECARLO/MONTECATINI VAL DI CECINA/MONTECATINI-TERME/MONTELUPO FIORENTINO/MONTEMIGNAIO/MONTEMURLO/MONTEPULCIANO/MONTERCHI/MONTERIGGIONI/MONTERONI D'ARBIA/MONTEROTONDO MARITTIMO/MONTESCUDAIO/MONTESPERTOLI/MONTEVARCHI/MONTEVERDI MARITTIMO/MONTICIANO/MONTIERI/MONTIGNOSO/MONTOPOLI IN VAL D'ARNO/MULAZZO/MURLO/ORBETELLO/ORCIANO PISANO/ORTIGNANO RAGGIOLO/PALAIA/PALAZZUOLO SUL SENIO/PECCIOLI/PELAGO/PESCAGLIA/PESCIA/PIANCASTAGNAIO/PIAZZA AL SERCHIO/PIENZA/PIETRASANTA/PIEVE A NIEVOLE/PIEVE FOSCIANA/PIEVE SANTO STEFANO/PIOMBINO/PISA/PISTOIA/PITIGLIANO/PODENZANA/POGGIBONSI/POGGIO A CAIANO/POMARANCE/PONSACCO/PONTASSIEVE/PONTE BUGGIANESE/PONTEDERA/PONTREMOLI/POPPI/PORCARI/PORTO AZZURRO/PORTOFERRAIO/PRATO/PRATOVECCHIO STIA/QUARRATA/RADDA IN CHIANTI/RADICOFANI/RADICONDOLI/RAPOLANO TERME/REGGELLO/RIGNANO SULL'ARNO/RIO/RIPARBELLA/ROCCALBEGNA/ROCCASTRADA/ROSIGNANO MARITTIMO/RUFINA/SAMBUCA PISTOIESE/SAN CASCIANO DEI BAGNI/SAN CASCIANO IN VAL DI PESA/SAN GIMIGNANO/SAN GIOVANNI VALDARNO/SAN GIULIANO TERME/SAN GODENZO/SAN MARCELLO PITEGLIO/SAN MINIATO/SAN QUIRICO D'ORCIA/SAN ROMANO IN GARFAGNANA/SAN VINCENZO/SANSEPOLCRO/SANTA CROCE SULL'ARNO/SANTA FIORA/SANTA LUCE/SANTA MARIA A MONTE/SARTEANO/SASSETTA/SCANDICCI/SCANSANO/SCARLINO/SCARPERIA E SAN PIERO/SEGGIANO/SEMPRONIANO/SERAVEZZA/SERRAVALLE PISTOIESE/SESTINO/SESTO FIORENTINO/SIENA/SIGNA/SILLANO GIUNCUGNANO/SINALUNGA/SORANO/SOVICILLE/STAZZEMA/SUBBIANO/SUVERETO/TALLA/TERRANUOVA BRACCIOLINI/TERRICCIOLA/TORRITA DI SIENA/TREQUANDA/TRESANA/UZZANO/VAGLI SOTTO/VAGLIA/VAIANO/VECCHIANO/VERNIO/VIAREGGIO/VICCHIO/VICOPISANO/VILLA BASILICA/VILLA COLLEMANDINA/VILLAFRANCA IN LUNIGIANA/VINCI/VOLTERRA/ZERI,na,na,3/21/1998
IT_43,Tuscia,IT,CANINESE/FRANTOIO/LECCINO,extra virgin olive oil,9000,na,na,≤20,"0,5",12,na,na,na,na,https://ec.europa.eu/agriculture/eambrosia/geographical-indications-register/details/EUGI00000013519,ACQUAPENDENTE/BAGNOREGIO/BARBARANO ROMANO/BASSANO IN TEVERINA/BASSANO ROMANO/BLERA/BOLSENA/BOMARZO/CALCATA/CANEPINA/CAPODIMONTE/CAPRANICA/CAPRAROLA/CARBOGNANO/CASTEL SANT'ELIA/CASTIGLIONE IN TEVERINA/CELLENO/CIVITA CASTELLANA/CIVITELLA D'AGLIANO/CORCHIANO/FABRICA DI ROMA/FALERIA/GALLESE/GRADOLI/GRAFFIGNANO/GROTTE DI CASTRO/LATERA/LUBRIANO/MARTA/MONTALTO DI CASTRO/MONTE ROMANO/MONTEFIASCONE/NEPI/ORIOLO ROMANO/ORTE/PIANSANO/PROCENO/RONCIGLIONE/SAN LORENZO NUOVO/SORIANO NEL CIMINO/SUTRI/TARQUINIA/TUSCANIA/VALENTANO/VALLERANO/VASANELLO/VEJANO/VETRALLA/VIGNANELLO/VILLA SAN GIOVANNI IN TUSCIA/VITERBO/VITORCHIANO,na,9/14/2004,10/5/2005
IT_44,Umbria,IT,DOLCE AGOGIA/FRANTOIO/LECCINO/MORAIOLO/RAJO/SAN FELICE,extra virgin olive oil,7800,na,na,≤21,"0,65",12,2,na,"0,2",na,https://ec.europa.eu/agriculture/eambrosia/geographical-indications-register/details/EUGI00000013398,ACQUASPARTA/ALLERONA/ALVIANO/AMELIA/ARRONE/ASSISI/ATTIGLIANO/AVIGLIANO UMBRO/BASCHI/BASTIA UMBRA/BETTONA/BEVAGNA/CALVI DELL'UMBRIA/CAMPELLO SUL CLITUNNO/CANNARA/CASCIA/CASTEL GIORGIO/CASTEL RITALDI/CASTEL VISCARDO/CASTIGLIONE DEL LAGO/CERRETO DI SPOLETO/CITERNA/CITTÀ DELLA PIEVE/CITTÀ DI CASTELLO/COLLAZZONE/CORCIANO/COSTACCIARO/DERUTA/FABRO/FERENTILLO/FICULLE/FOLIGNO/FOSSATO DI VICO/FRATTA TODINA/GIANO DELL'UMBRIA/GIOVE/GUALDO CATTANEO/GUALDO TADINO/GUARDEA/GUBBIO/LISCIANO NICCONE/LUGNANO IN TEVERINA/MAGIONE/MARSCIANO/MASSA MARTANA/MONTE CASTELLO DI VIBIO/MONTE SANTA MARIA TIBERINA/MONTECASTRILLI/MONTECCHIO/MONTEFALCO/MONTEFRANCO/MONTEGABBIONE/MONTELEONE D'ORVIETO/MONTELEONE DI SPOLETO/MONTONE/NARNI/NOCERA UMBRA/NORCIA/ORVIETO/OTRICOLI/PACIANO/PANICALE/PARRANO/PASSIGNANO SUL TRASIMENO/PENNA IN TEVERINA/PERUGIA/PIEGARO/PIETRALUNGA/POGGIODOMO/POLINO/PORANO/PRECI/SAN GEMINI/SAN GIUSTINO/SAN VENANZO/SANT'ANATOLIA DI NARCO/SCHEGGIA E PASCELUPO/SCHEGGINO/SELLANO/SIGILLO/SPELLO/SPOLETO/STRONCONE/TERNI/TODI/TORGIANO/TREVI/TUORO SUL TRASIMENO/UMBERTIDE/VALFABBRICA/VALLO DI NERA/VALTOPINA,na,9/11/2013,11/25/1997
IT_45,Val di Mazara,IT,BIANCOLILLA/CERASUOLA/GIARAFFA/NOCELLARA DEL BELICE/OGLIAROLA MESSINESE/SANTAGATESE,extra virgin olive oil,9600,na,na,≤22,"0,5",11,"2,1",na,"0,15","0,005",https://ec.europa.eu/agriculture/eambrosia/geographical-indications-register/details/EUGI00000013278,ALESSANDRIA DELLA ROCCA/ALIA/ALIMENA/ALIMINUSA/ALTAVILLA MILICIA/ALTOFONTE/BAGHERIA/BALESTRATE/BAUCINA/BELMONTE MEZZAGNO/BISACQUINO/BIVONA/BLUFI/BOLOGNETTA/BOMPIETRO/BORGETTO/BURGIO/CACCAMO/CALAMONACI/CALTABELLOTTA/CALTAVUTURO/CAMPOFELICE DI FITALIA/CAMPOFELICE DI ROCCELLA/CAMPOFIORITO/CAMPOREALE/CAPACI/CARINI/CASTELBUONO/CASTELDACCIA/CASTELLANA SICULA/CASTRONOVO DI SICILIA/CATTOLICA ERACLEA/CEFALÀ DIANA/CEFALÙ/CERDA/CHIUSA SCLAFANI/CIANCIANA/CIMINNA/CINISI/COLLESANO/CONTESSA ENTELLINA/CORLEONE/FICARAZZI/GANGI/GERACI SICULO/GIARDINELLO/GIULIANA/GODRANO/GRATTERI/ISNELLO/ISOLA DELLE FEMMINE/LASCARI/LERCARA FRIDDI/LUCCA SICULA/MARINEO/MENFI/MEZZOJUSO/MISILMERI/MONREALE/MONTALLEGRO/MONTELEPRE/MONTEMAGGIORE BELSITO/MONTEVAGO/PALAZZO ADRIANO/PALERMO/PARTINICO/PETRALIA SOPRANA/PETRALIA SOTTANA/PIANA DEGLI ALBANESI/POLIZZI GENEROSA/POLLINA/PRIZZI/RIBERA/ROCCAMENA/ROCCAPALUMBA/SAMBUCA DI SICILIA/SAN CIPIRELLO/SAN GIUSEPPE JATO/SAN MAURO CASTELVERDE/SANTA CRISTINA GELA/SANTA FLAVIA/SANTA MARGHERITA DI BELICE/SCIACCA/SCIARA/SCILLATO/SCLAFANI BAGNI/TERMINI IMERESE/TERRASINI/TORRETTA/TRABIA/TRAPPETO/USTICA/VALLEDOLMO/VENTIMIGLIA DI SICILIA/VICARI/VILLABATE/VILLAFRANCA SICULA/VILLAFRATI,na,4/14/2000,1/25/2001
IT_46,Valdemone,IT,BRANDOFINO/MANDANICI/MINUTA/NOCELLARA MESSINESE/OGLIAROLA MESSINESE/OTTOBRATICA/SANTAGATESE/VERDELLO,extra virgin olive oil,10000,na,na,≤24,"0,7",12,na,na,na,na,https://ec.europa.eu/agriculture/eambrosia/geographical-indications-register/details/EUGI00000013527,ACQUEDOLCI/ALCARA LI FUSI/ALÌ/ALÌ TERME/ANTILLO/BARCELLONA POZZO DI GOTTO/BASICÒ/BROLO/CAPIZZI/CAPO D'ORLANDO/CAPRI LEONE/CARONIA/CASALVECCHIO SICULO/CASTEL DI LUCIO/CASTELL'UMBERTO/CASTELMOLA/CASTROREALE/CESARÒ/CONDRÒ/FALCONE/FICARRA/FIUMEDINISI/FONDACHELLI-FANTINA/FORZA D'AGRÒ/FRANCAVILLA DI SICILIA/FRAZZANÒ/FURCI SICULO/FURNARI/GAGGI/GALATI MAMERTINO/GALLODORO/GIARDINI-NAXOS/GIOIOSA MAREA/GRANITI/GUALTIERI SICAMINÒ/ITALA/LENI/LETOJANNI/LIBRIZZI/LIMINA/LIPARI/LONGI/MALFA/MANDANICI/MAZZARRÀ SANT'ANDREA/MERÌ/MESSINA/MILAZZO/MILITELLO ROSMARINO/MIRTO/MISTRETTA/MONFORTE SAN GIORGIO/MONGIUFFI MELIA/MONTAGNAREALE/MONTALBANO ELICONA/MOTTA CAMASTRA/MOTTA D'AFFERMO/NASO/NIZZA DI SICILIA/NOVARA DI SICILIA/OLIVERI/PACE DEL MELA/PAGLIARA/PATTI/PETTINEO/PIRAINO/RACCUJA/REITANO/ROCCAFIORITA/ROCCALUMERA/ROCCAVALDINA/ROCCELLA VALDEMONE/RODÌ MILICI/ROMETTA/SAN FILIPPO DEL MELA/SAN FRATELLO/SAN MARCO D'ALUNZIO/SAN PIER NICETO/SAN PIERO PATTI/SAN SALVATORE DI FITALIA/SAN TEODORO/SANT'AGATA DI MILITELLO/SANT'ALESSIO SICULO/SANT'ANGELO DI BROLO/SANTA DOMENICA VITTORIA/SANTA LUCIA DEL MELA/SANTA MARINA SALINA/SANTA TERESA DI RIVA/SANTO STEFANO DI CAMASTRA/SAPONARA/SAVOCA/SCALETTA ZANCLEA/SINAGRA/SPADAFORA/TAORMINA/TERME VIGLIATORE/TORREGROTTA/TORRENOVA/TORTORICI/TRIPI/TUSA/UCRIA/VALDINA/VENETICO/VILLAFRANCA TIRRENA,1/3/2002,3/6/2004,2/5/2005
IT_47,Valle del Belice,IT,BIANCOLILLA/BUSCIONETTO/CERASUOLA/GIARRAFFA/NOCELLARA DEL BELICE/OGLIAROLA MESSINESE/SANTAGATESE,extra virgin olive oil,10000,allowed,na,≤23,"0,5",12,na,na,na,na,https://ec.europa.eu/agriculture/eambrosia/geographical-indications-register/details/EUGI00000013560,CAMPOBELLO DI MAZARA/CASTELVETRANO/PARTANNA/POGGIOREALE/SALAPARUTA/SANTA NINFA,11/4/2002,11/18/2003,8/21/2004
IT_48,Valli Trapanesi,IT,CERASUOLA/NOCELLARA DEL BELICE,extra virgin olive oil,9600,na,na,≤22,"0,5",10,"2,2",na,"0,15","0,005",https://ec.europa.eu/agriculture/eambrosia/geographical-indications-register/details/EUGI00000013388,ALCAMO/BUSETO PALIZZOLO/CALATAFIMI-SEGESTA/CASTELLAMMARE DEL GOLFO/CUSTONACI/ERICE/GIBELLINA/MARSALA/MAZARA DEL VALLO/PACECO/PETROSINO/POGGIOREALE/SALEMI/SAN VITO LO CAPO/VALDERICE/VITA,na,na,11/25/1997
IT_49,Veneto Valpolicella / Veneto Euganei e Berici / Veneto del Grappa,IT,CASALIVA (FRANTOIO)/GRIGNANO (FAVAROL)/LECCINO/LECCIO DEL CORNO/MARZEMINO/MATOSSO/MAURINO/PADANINA/PENDOLINO/RASARA/RIONDELLA/TREP (DROP),extra virgin olive oil,8400,na,na,≤18,"0,6",11,na,na,na,na,https://ec.europa.eu/agriculture/eambrosia/geographical-indications-register/details/EUGI00000013283,ABANO TERME/ALONTE/ALTAVILLA VICENTINA/ARCUGNANO/ARQUÀ PETRARCA/ARZIGNANO/ASOLO/BADIA CALAVENA/BAONE/BARBARANO MOSSANO/BASSANO DEL GRAPPA/BATTAGLIA TERME/BORSO DEL GRAPPA/BREGANZE/BRENDOLA/BRENTINO BELLUNO/CALDIERO/CAMPIGLIA DEI BERICI/CASTEGNERO/CASTELCUCCO/CASTELGOMBERTO/CAVASO DEL TOMBA/CAZZANO DI TRAMIGNA/CERRO VERONESE/CERVARESE SANTA CROCE/CINTO EUGANEO/COLCERESA/COLOGNOLA AI COLLI/CONEGLIANO/CORNUDA/CREAZZO/DOLCÈ/ESTE/FARA VICENTINO/FONTE/FUMANE/GALZIGNANO TERME/GAMBELLARA/GREZZANA/ILLASI/LAVAGNO/LONGARE/LONIGO/LOZZO ATESTINO/MARANO DI VALPOLICELLA/MAROSTICA/MASER/MEZZANE DI SOTTO/MONFUMO/MONSELICE/MONTEBELLO VICENTINO/MONTECCHIA DI CROSARA/MONTECCHIO MAGGIORE/MONTEFORTE D'ALPONE/MONTEGROTTO TERME/MONTORSO VICENTINO/MUSSOLENTE/NANTO/NEGRAR DI VALPOLICELLA/ORGIANO/PEDEROBBA/PIANEZZE/PIEVE DEL GRAPPA/POSSAGNO/POVE DEL GRAPPA/ROMANO D'EZZELINO/RONCÀ/ROVOLON/SAN BONIFACIO/SAN GIOVANNI ILARIONE/SAN MARTINO BUON ALBERGO/SAN MAURO DI SALINE/SAN PIETRO IN CARIANO/SAN ZENONE DEGLI EZZELINI/SANT'AMBROGIO DI VALPOLICELLA/SANT'ANNA D'ALFAEDO/SARCEDO/SAREGO/SOAVE/SOLAGNA/SOSSANO/SOVIZZO/SUSEGANA/TEOLO/THIENE/TORREGLIA/TREGNAGO/VAL LIONA/VALBRENTA/VALDOBBIADENE/VERONA/VESTENANOVA/VICENZA/VILLAGA/VITTORIO VENETO/VO'/ZERMEGHEDO/ZOVENCEDO/ZUGLIANO,na,12/20/2000,10/18/2001
IT_50,Vulture,IT,CANNELLINO/CIMA DI MELFI/CORATINA/FRANTOIO/LAUDOLIA/LECCINO/NOCELLARA/OGLIAROLA DEL VULTURE/PALMAROLA/PROVENZALE/ROTONDELLA,extra virgin olive oil,9600,na,na,≤22,"0,38",10,2,na,na,na,https://ec.europa.eu/agriculture/eambrosia/geographical-indications-register/details/EUGI00000013782,ATELLA/BARILE/GINESTRA/MASCHITO/MELFI/RAPOLLA/RIONERO IN VULTURE/RIPACANDIDA/VENOSA,3/9/2005,5/4/2011,1/13/2012
MA_1,Huile d’olive Essaouira Mogador,MA,HAOUZIA/MENARA/PICHOLINE MAROCAINE,extra virgin olive oil,na,allowed,na,na,"0,4",20,na,na,na,na,https://www.onssa.gov.ma/wp-content/uploads/2023/07/ARR.1261-23.FR_.pdf,ADAGHAS/AGLIF/AGUERD/AIT AISSI IHAHANE/AIT DAOUD/AIT SAID/AQUERMOUD/ASSAIS/BIZDAD/BOUZEMMOUR/EL HANCHANE/EZZAOUITE/HAD DRA/IDA OU AAZZA/IDA OU GUELLOUL/IMGRADE/IMI N'TLIT/KECHOULA/KORIMATE/LAGDADRA/LAHSINATE/M'KHALIF/M'RAMER/MEJJI/MESKALA/MOUARID/MOULAY BOUZARQTOUNE/MZILATE/OULAD M'RABET/OUNAGHA/OUNAGHA (CENTRE)/SIDI ABDELJALIL/SIDI AHMED ESSAYEH/SIDI AISSA REGRAGUI/SIDI ALI EL KORATI/SIDI BOULAALAM/SIDI EL JAZOULI/SIDI GHANEME/SIDI HMAD OU HAMED/SIDI ISHAQ/SIDI KAOUKI/SIDI LAAROUSSI/SIDI M'HAMED OU MARZOUQ/SMIMOU/SMIMOU (CENTRE)/TAFEDNA/TAFETACHTE/TAFETACHTE (CENTRE)/TAHELOUANTE/TAKATE/TAKOUCHT/TALMEST/TAMANAR/TARGANTE/TIDZI/TIMIZGUIDA OUFTAS/ZAOUIAT BEN HMIDA,na,6/29/2023,5/18/2023
MA_2,Huile d’olive Guerrouane,MA,HAOUZIA/MENARA/PICHOLINE MAROCAINE,extra virgin olive oil,na,allowed,na,na,"0,4",15,na,na,na,na,https://www.onssa.gov.ma/wp-content/uploads/2023/07/ARR.1147-23.FR_.pdf,AIN JEMAA/AIN JEMAA (CENTRE)/AIN KARMA (CENTRE)/AIN KARMA- OUED ROMMANE/AIN ORMA/AIT OUALLAL/DAR OUM SOLTANE/TOULAL,na,6/29/2023,5/4/2023
MA_3,Huile d’Olive Oasis Skoura,MA,HAOUZIA/MENARA/PICHOLINE MAROCAINE,extra virgin olive oil,na,allowed,na,na,"0,5",15,na,na,na,na,https://www.onssa.gov.ma/wp-content/uploads/2023/05/ARR.1010-23.Fr_.pdf,IDELSANE/SKOURA (CENTRE)/SKOURA AHL EL OUST,na,5/4/2023,4/10/2023
MA_4,Huile d’olive Tadiynit‑Nador,MA,HAOUZIA/MENARA/PICHOLINE MAROCAINE,extra virgin olive oil,na,allowed,na,na,"0,6",10,na,na,na,na,https://www.onssa.gov.ma/wp-content/uploads/2022/11/ARR.2336-21.FR_.pdf,AFSOU/AL BARKANYENE/AREKMANE/BNI BOUIFROUR/BNI CHIKER/BNI CHIKER (CENTRE)/BNI OUKIL OULAD M'HAND/BNI SIDEL JBEL/BOUARG/HASSI BERKANE/IAAZZANENE/IHADDADENE/IKSANE/OULAD DAOUD ZKHANINE/OULAD SETTOUT/RAS EL MA/SELOUANE/TIZTOUTINE/TIZTOUTINE (CENTRE)/ZEGHANGHANE,na,10/28/2021,8/19/2021
MA_5,Huile d’Olive Ziz Guir,MA,HAOUZIA/MENARA/PICHOLINE MAROCAINE,extra virgin olive oil,na,allowed,na,na,"0,7",10,na,na,na,na,https://www.onssa.gov.ma/wp-content/uploads/2022/11/ARR.1979-20.FR_.pdf,EN-NZALA/ER-RICH/GOURRAMA/GOURRAMA (CENTRE)/GUERS TIAALLALINE/GUIR/M'ZIZEL/SIDI AAYAD,na,2/11/2021,7/27/2020
MA_6,Huile d'olive d'Aït Attab,MA,HAOUZIA/MENARA/PICHOLINE MAROCAINE,extra virgin olive oil,na,na,na,na,"0,6",10,na,na,na,na,https://www.onssa.gov.ma/wp-content/uploads/2022/11/ARR.1359-17.FR_.pdf,AIT OUAARDA/AIT TAGUELLA/BNI HASSANE/MOULAY AISSA BEN DRISS/TABIA/TAOUNZA/TISQI,na,12/21/2017,6/8/2017
MA_7,Huile d'olive d'Amizmiz,MA,HAOUZIA/MENARA/PICHOLINE MAROCAINE,extra virgin olive oil,na,allowed,na,na,"0,4",15,na,na,na,na,https://www.onssa.gov.ma/wp-content/uploads/2022/11/ARR.1801-18.FR_.pdf,AMGHRAS/AMIZMIZ/DAR JAMAA/LALLA TAKARKOUST/LALLA TAKARKOUST (CENTRE)/OUAZGUITA/OULAD MTAA/SIDI BADHAJ/TIZGUINE,na,10/18/2018,6/11/2018
MA_8,Huile d'olive de Sefrou,MA,HAOUZIA/MENARA/PICHOLINE MAROCAINE,extra virgin olive oil,na,na,na,na,"0,6",10,na,na,na,na,https://www.onssa.gov.ma/wp-content/uploads/2022/11/ARR.2039-16.FR_.pdf,AGHBALOU AQORAR/AHL SIDI LAHCEN/AZZABA/BHALIL/KANDAR SIDI KHIAR/LAANOUSSAR/SEFROU/SIDI YOUSSEF BEN AHMED/TAZOUTA,na,4/6/2017,7/12/2016
MA_9,Huile d'olive de Tafersite,MA,PICHOLINE MAROCAINE,na,na,allowed,na,na,"0,6",20,na,na,na,na,https://www.onssa.gov.ma/wp-content/uploads/2022/11/ARR.1716-15.FR_.pdf,MTALSSA/TAFERSIT/TAFERSIT (CENTRE),na,7/9/2015,5/25/2015
MA_10,Huile d'olive de Zerhoune,MA,HAOUZIA/MENARA/PICHOLINE MAROCAINE,extra virgin olive oil,na,allowed,na,na,"0,6",10,na,na,na,na,https://www.onssa.gov.ma/wp-content/uploads/2022/11/ARR.1358-17.FR_.pdf,CHARQAOUA/MRHASSIYINE/N'ZALAT BNI AMAR/OUALILI/SIDI ABDALLAH AL KHAYAT,na,12/21/2017,6/8/2017
MA_11,Huile d'olive Dir Béni Mellal,MA,HAOUZIA/MENARA/PICHOLINE MAROCAINE,extra virgin olive oil,na,allowed,na,na,"0,4",10,na,na,na,na,https://www.onssa.gov.ma/wp-content/uploads/2022/11/ARR.1813-18.FR_.pdf,AIT OUM EL BEKHT/BÉNI MELLAL/DIR EL KSIBA/EL KSIBA/FOUM EL ANCEUR/FOUM OUDI/OULAD YAICH/OULAD YAICH (CENTRE)/TAGHZIRT/TANOUGHA/ZAOUIAT CHEIKH,na,10/18/2018,6/11/2018
MA_12,Huile d'olive Lemta Fès,MA,HAOUZIA/MENARA/PICHOLINE MAROCAINE,extra virgin olive oil,na,not allowed,na,na,"0,6",15,na,na,na,na,https://www.onssa.gov.ma/wp-content/uploads/2022/11/ARR.1633-18.FR_.pdf,AIN BOU ALI/LOUADAINE/OULAD MIMOUN,na,7/19/2018,5/30/2018
MA_13,Huile d'olive Outat El Haj,MA,PICHOLINE MAROCAINE,na,na,allowed,na,na,"0,7",10,na,na,na,na,https://www.onssa.gov.ma/wp-content/uploads/2022/11/ARR.1685-15.FR_.pdf,EL ORJANE/ERMILA/FRITISSA/OULAD ALI YOUSSEF/TISSAF,na,7/9/2015,5/22/2015
MA_14,Huile d'Olive Vierge Extra Aghmat Aylane,MA,PICHOLINE MAROCAINE,extra virgin olive oil,na,allowed,na,na,"0,35",16,na,na,na,na,https://www.onssa.gov.ma/wp-content/uploads/2023/02/ARR.1751-14.FR_.pdf,GHMAT (CENTRE)/GHMATE/OURIKA/TAMAZOUZTE,na,2/19/2015,12/25/2014
MA_15,Huile d'Olive Vierge Extra Ouezzane ,MA,PICHOLINE MAROCAINE,extra virgin olive oil,na,allowed,na,na,1,10,na,na,na,na,https://www.onssa.gov.ma/wp-content/uploads/2022/11/ARR.1354-13.FR_.pdf,AIN BEIDA/ASJEN/BNI OUAL/BNI QUOLLA/BRIKCHA/BRIKCHA (CENTRE)/KALAAT BOUQORRA/LAMJAARA/MASMOUDA/MOQRISSET/MOQRISSET (CENTRE)/MZEFROUNE/OUANNANA/SIDI AHMED CHERIF/SIDI BOUSBER/SIDI REDOUANE/TEROUAL/ZGHIRA/ZOUMI/ZOUMI (CENTRE),na,1/2/2014,10/17/2013
PT_1,Azeite de Moura,PT,CORDOVIL/GALEGA/VERDEAL,virgin olive oil,na,na,na,na,"1,5",15,2,na,"0,2","0,01",https://ec.europa.eu/agriculture/eambrosia/geographical-indications-register/details/EUGI00000013221,AMARELEJA/BRINCHES/CAPELINS (SANTO ANTÓNIO)/GRANJA/PIAS/PÓVOA DE SÃO MIGUEL/SOBRAL DA ADIÇA/UNIÃO DAS FREGUESIAS DE MOURA (SANTO AGOSTINHO E SÃO JOÃO BAPTISTA) E SANTO A/UNIÃO DAS FREGUESIAS DE SAFARA E SANTO ALEIXO DA RESTAURAÇÃO/UNIÃO DAS FREGUESIAS DE SERPA (SALVADOR E SANTA MARIA)/UNIÃO DAS FREGUESIAS DE VILA NOVA DE SÃO BENTO E VALE DE VARGO/VILA VERDE DE FICALHO,na,na,6/21/1996
PT_1,Azeite de Moura,PT,CORDOVIL/GALEGA/VERDEAL,extra virgin olive oil,na,na,na,na,1,15,2,na,"0,2","0,01",https://ec.europa.eu/agriculture/eambrosia/geographical-indications-register/details/EUGI00000013221,AMARELEJA/BRINCHES/CAPELINS (SANTO ANTÓNIO)/GRANJA/PIAS/PÓVOA DE SÃO MIGUEL/SOBRAL DA ADIÇA/UNIÃO DAS FREGUESIAS DE MOURA (SANTO AGOSTINHO E SÃO JOÃO BAPTISTA) E SANTO A/UNIÃO DAS FREGUESIAS DE SAFARA E SANTO ALEIXO DA RESTAURAÇÃO/UNIÃO DAS FREGUESIAS DE SERPA (SALVADOR E SANTA MARIA)/UNIÃO DAS FREGUESIAS DE VILA NOVA DE SÃO BENTO E VALE DE VARGO/VILA VERDE DE FICALHO,na,na,6/21/1996
PT_2,Azeite de Trás-os-Montes,PT,BORRENTA (BORREIRA)/CARRASQUENHA/COBRANÇOSA/CORDOVIL/MADURAL/NEGRINHA/REDONDIL/SANTOLHANA/VERDEAL TRANSMONTANA,virgin olive oil,na,allowed,417,na,"1,5",15,2,na,"0,2","0,01",https://ec.europa.eu/agriculture/eambrosia/geographical-indications-register/details/EUGI00000013226,"ABAMBRES/ABREIRO/AGUIEIRAS/ALFÂNDEGA DA FÉ/ALGERIZ/ALMENDRA/ALVITES/AMENDOEIRA/ARCAS/AZINHOSO/BENLHEVAI/BOUÇA/BOUÇOÃES/BRUNHOSO/CABANELAS/CABEÇA BOA/CANAVESES/CANDEDO/CARAVELAS/CARRAPATAS/CARRAZEDA DE ANSIÃES/CARRAZEDO DE MONTENEGRO E CURROS/CARVALHAIS/CASTEDO/CASTELO MELHOR/CASTRO VICENTE/CEDOVIM/CEDÃES/CEREJAIS/CHACIM/CHÃS/COBRO/CORTIÇOS/CORUJAS/CUSTÓIAS/ERVÕES/FERREIRA/FIOLHOSO/FONTE LONGA/FORNOS DO PINHAL/FRADIZELA/FRECHAS/FREIXIEL/FREIXO DE NUMÃO/GRIJÓ/HORTA/HORTA DA VILARIÇA/JOU/LAGOA/LAMALONGA/LAMAS/LAMAS DE ORELHÃO/LARINHO/LEBUÇÃO, FIÃES E NOZELOS/LINHARES/LOMBO/LOUSA/MACEDO DE CAVALEIROS/MACEDO DO MATO/MARZAGÃO/MASCARENHAS/MIRANDELA/MORAIS/MURÇA/MUXAGATA/MÚRIAS/NUMÃO/OLMOS/PADRELA E TAZEM/PARADELA/PARAMBOS/PASSOS/PEREDO/PEREIROS/PINHAL DO NORTE/POMBAL/POSSACOS/RIO TORTO/ROIOS/SALSELAS/SAMBADE/SAMPAIO/SAMÕES/SANTA COMBA/SANTA COMBA DE VILARIÇA/SANTA MARIA DE EMERES/SANTA VALHA/SANTIAGO DA RIBEIRA DE ALHARIZ/SANTULHÃO/SEBADELHE/SEIXAS/SEIXO DE ANSIÃES/SEIXO DE MANHOSES/SERAPICOS/SEZULFE/SONIM E BARREIROS/SUÇÃES/SÃO JOÃO DA CORVEIRA/SÃO PEDRO DE VEIGA DE LILA/SÃO PEDRO VELHO/SÃO SALVADOR/TALHAS/TINHELA E ALVARELHOS/TORRE DE DONA CHAMA/TORRE DE MONCORVO/TOUÇA/TRINDADE/UNIÃO DAS FREGUESIAS DE ADEGANHA E CARDANHA/UNIÃO DAS FREGUESIAS DE AGROBOM, SALDONHA E VALE PEREIRO/UNIÃO DAS FREGUESIAS DE ALA E VILARINHO DO MONTE/UNIÃO DAS FREGUESIAS DE AMEDO E ZEDES/UNIÃO DAS FREGUESIAS DE ASSARES E LODÕES/UNIÃO DAS FREGUESIAS DE AVANTOS E ROMEU/UNIÃO DAS FREGUESIAS DE AVIDAGOS, NAVALHO E PEREIRA/UNIÃO DAS FREGUESIAS DE BARCEL, MARMELOS E VALVERDE DA GESTOSA/UNIÃO DAS FREGUESIAS DE BELVER E MOGO DE MALTA/UNIÃO DAS FREGUESIAS DE BORNES E BURGA/UNIÃO DAS FREGUESIAS DE CANDOSO E CARVALHO DE EGAS/UNIÃO DAS FREGUESIAS DE CARVA E VILARES/UNIÃO DAS FREGUESIAS DE CASTANHEIRO DO NORTE E RIBALONGA/UNIÃO DAS FREGUESIAS DE CASTELÃOS E VILAR DO MONTE/UNIÃO DAS FREGUESIAS DE ESPADANEDO, EDROSO, MURÇÓS E SOUTELO MOURISCO/UNIÃO DAS FREGUESIAS DE EUCISIA, GOUVEIA E VALVERDE/UNIÃO DAS FREGUESIAS DE FELGAR E SOUTO DA VELHA/UNIÃO DAS FREGUESIAS DE FERRADOSA E SENDIM DA SERRA/UNIÃO DAS FREGUESIAS DE FRANCO E VILA BOA/UNIÃO DAS FREGUESIAS DE FREIXEDA E VILA VERDE/UNIÃO DAS FREGUESIAS DE GEBELIM E SOEIMA/UNIÃO DAS FREGUESIAS DE IZEDA, CALVELHE E PARADINHA NOVA/UNIÃO DAS FREGUESIAS DE LAVANDEIRA, BEIRA GRANDE E SELORES/UNIÃO DAS FREGUESIAS DE MOGADOURO, VALVERDE, VALE DE PORCO E VILAR DE REI/UNIÃO DAS FREGUESIAS DE NOURA E PALHEIROS/UNIÃO DAS FREGUESIAS DE PARADA E SENDIM DA RIBEIRA/UNIÃO DAS FREGUESIAS DE PODENCE E SANTA COMBINHA/UNIÃO DAS FREGUESIAS DE POMBAL E VALES/UNIÃO DAS FREGUESIAS DE REMONDES E SOUTELO/UNIÃO DAS FREGUESIAS DE TALHINHAS E BAGUEIXE/UNIÃO DAS FREGUESIAS DE VALTORNO E MOURÃO/UNIÃO DAS FREGUESIAS DE VILA FLOR E NABO/UNIÃO DAS FREGUESIAS DE VILAS BOAS E VILARINHO DAS AZENHAS/VALE BENFEITO/VALE DA MADRE/VALE DA PORCA/VALE DE ASNES/VALE DE GOUVINHAS/VALE DE PRADOS/VALE DE SALGUEIRO/VALE DE TELHAS/VALE FRECHOSO/VALES/VALONGO DE MILHAIS/VALPAÇOS E SANFINS/VASSAL/VILA NOVA DE FOZ CÔA/VILAR CHÃO/VILARANDELO/VILARELHOS/VILARES DE VILARIÇA/VILARINHO DA CASTANHEIRA/VILARINHO DE AGROCHÃO/VINHAS/ÁGUA REVÉS E CRASTO",na,na,6/21/1996
PT_2,Azeite de Trás-os-Montes,PT,BORRENTA (BORREIRA)/CARRASQUENHA/COBRANÇOSA/CORDOVIL/MADURAL/NEGRINHA/REDONDIL/SANTOLHANA/VERDEAL TRANSMONTANA,extra virgin olive oil,na,allowed,417,na,"0,8",15,2,na,"0,2","0,01",https://ec.europa.eu/agriculture/eambrosia/geographical-indications-register/details/EUGI00000013226,"ABAMBRES/ABREIRO/AGUIEIRAS/ALFÂNDEGA DA FÉ/ALGERIZ/ALMENDRA/ALVITES/AMENDOEIRA/ARCAS/AZINHOSO/BENLHEVAI/BOUÇA/BOUÇOÃES/BRUNHOSO/CABANELAS/CABEÇA BOA/CANAVESES/CANDEDO/CARAVELAS/CARRAPATAS/CARRAZEDA DE ANSIÃES/CARRAZEDO DE MONTENEGRO E CURROS/CARVALHAIS/CASTEDO/CASTELO MELHOR/CASTRO VICENTE/CEDOVIM/CEDÃES/CEREJAIS/CHACIM/CHÃS/COBRO/CORTIÇOS/CORUJAS/CUSTÓIAS/ERVÕES/FERREIRA/FIOLHOSO/FONTE LONGA/FORNOS DO PINHAL/FRADIZELA/FRECHAS/FREIXIEL/FREIXO DE NUMÃO/GRIJÓ/HORTA/HORTA DA VILARIÇA/JOU/LAGOA/LAMALONGA/LAMAS/LAMAS DE ORELHÃO/LARINHO/LEBUÇÃO, FIÃES E NOZELOS/LINHARES/LOMBO/LOUSA/MACEDO DE CAVALEIROS/MACEDO DO MATO/MARZAGÃO/MASCARENHAS/MIRANDELA/MORAIS/MURÇA/MUXAGATA/MÚRIAS/NUMÃO/OLMOS/PADRELA E TAZEM/PARADELA/PARAMBOS/PASSOS/PEREDO/PEREIROS/PINHAL DO NORTE/POMBAL/POSSACOS/RIO TORTO/ROIOS/SALSELAS/SAMBADE/SAMPAIO/SAMÕES/SANTA COMBA/SANTA COMBA DE VILARIÇA/SANTA MARIA DE EMERES/SANTA VALHA/SANTIAGO DA RIBEIRA DE ALHARIZ/SANTULHÃO/SEBADELHE/SEIXAS/SEIXO DE ANSIÃES/SEIXO DE MANHOSES/SERAPICOS/SEZULFE/SONIM E BARREIROS/SUÇÃES/SÃO JOÃO DA CORVEIRA/SÃO PEDRO DE VEIGA DE LILA/SÃO PEDRO VELHO/SÃO SALVADOR/TALHAS/TINHELA E ALVARELHOS/TORRE DE DONA CHAMA/TORRE DE MONCORVO/TOUÇA/TRINDADE/UNIÃO DAS FREGUESIAS DE ADEGANHA E CARDANHA/UNIÃO DAS FREGUESIAS DE AGROBOM, SALDONHA E VALE PEREIRO/UNIÃO DAS FREGUESIAS DE ALA E VILARINHO DO MONTE/UNIÃO DAS FREGUESIAS DE AMEDO E ZEDES/UNIÃO DAS FREGUESIAS DE ASSARES E LODÕES/UNIÃO DAS FREGUESIAS DE AVANTOS E ROMEU/UNIÃO DAS FREGUESIAS DE AVIDAGOS, NAVALHO E PEREIRA/UNIÃO DAS FREGUESIAS DE BARCEL, MARMELOS E VALVERDE DA GESTOSA/UNIÃO DAS FREGUESIAS DE BELVER E MOGO DE MALTA/UNIÃO DAS FREGUESIAS DE BORNES E BURGA/UNIÃO DAS FREGUESIAS DE CANDOSO E CARVALHO DE EGAS/UNIÃO DAS FREGUESIAS DE CARVA E VILARES/UNIÃO DAS FREGUESIAS DE CASTANHEIRO DO NORTE E RIBALONGA/UNIÃO DAS FREGUESIAS DE CASTELÃOS E VILAR DO MONTE/UNIÃO DAS FREGUESIAS DE ESPADANEDO, EDROSO, MURÇÓS E SOUTELO MOURISCO/UNIÃO DAS FREGUESIAS DE EUCISIA, GOUVEIA E VALVERDE/UNIÃO DAS FREGUESIAS DE FELGAR E SOUTO DA VELHA/UNIÃO DAS FREGUESIAS DE FERRADOSA E SENDIM DA SERRA/UNIÃO DAS FREGUESIAS DE FRANCO E VILA BOA/UNIÃO DAS FREGUESIAS DE FREIXEDA E VILA VERDE/UNIÃO DAS FREGUESIAS DE GEBELIM E SOEIMA/UNIÃO DAS FREGUESIAS DE IZEDA, CALVELHE E PARADINHA NOVA/UNIÃO DAS FREGUESIAS DE LAVANDEIRA, BEIRA GRANDE E SELORES/UNIÃO DAS FREGUESIAS DE MOGADOURO, VALVERDE, VALE DE PORCO E VILAR DE REI/UNIÃO DAS FREGUESIAS DE NOURA E PALHEIROS/UNIÃO DAS FREGUESIAS DE PARADA E SENDIM DA RIBEIRA/UNIÃO DAS FREGUESIAS DE PODENCE E SANTA COMBINHA/UNIÃO DAS FREGUESIAS DE POMBAL E VALES/UNIÃO DAS FREGUESIAS DE REMONDES E SOUTELO/UNIÃO DAS FREGUESIAS DE TALHINHAS E BAGUEIXE/UNIÃO DAS FREGUESIAS DE VALTORNO E MOURÃO/UNIÃO DAS FREGUESIAS DE VILA FLOR E NABO/UNIÃO DAS FREGUESIAS DE VILAS BOAS E VILARINHO DAS AZENHAS/VALE BENFEITO/VALE DA MADRE/VALE DA PORCA/VALE DE ASNES/VALE DE GOUVINHAS/VALE DE PRADOS/VALE DE SALGUEIRO/VALE DE TELHAS/VALE FRECHOSO/VALES/VALONGO DE MILHAIS/VALPAÇOS E SANFINS/VASSAL/VILA NOVA DE FOZ CÔA/VILAR CHÃO/VILARANDELO/VILARELHOS/VILARES DE VILARIÇA/VILARINHO DA CASTANHEIRA/VILARINHO DE AGROCHÃO/VINHAS/ÁGUA REVÉS E CRASTO",na,na,6/21/1996
PT_3,Azeite do Alentejo Interior,PT,COBRANÇOSA/CORDOVIL DE SERPA/GALEGA VULGAR,virgin olive oil,na,na,110,na,"1,5",15,"2,4",na,"0,2",0,https://ec.europa.eu/agriculture/eambrosia/geographical-indications-register/details/EUGI00000013541,AGUIAR/ALCARIA RUIVA/ALCÁÇOVAS/ALVITO/BALEIZÃO/BERINGEL/CABEÇA GORDA/CUBA/ENTRADAS/ERVIDEL/FARO DO ALENTEJO/FIGUEIRA DOS CAVALEIROS/MONTE DO TRIGO/NOSSA SENHORA DAS NEVES/ODIVELAS/PEDRÓGÃO/PORTEL/SANTA CLARA DE LOUREDO/SANTANA/SELMES/SÃO JOÃO DE NEGRILHOS/SÃO MATIAS/TORRÃO/UNIÃO DAS FREGUESIAS DE ALBERNOA E TRINDADE/UNIÃO DAS FREGUESIAS DE ALFUNDÃO E PEROGUARDA/UNIÃO DAS FREGUESIAS DE ALJUSTREL E RIO DE MOINHOS/UNIÃO DAS FREGUESIAS DE AMIEIRA E ALQUEVA/UNIÃO DAS FREGUESIAS DE BEJA (SALVADOR E SANTA MARIA DA FEIRA)/UNIÃO DAS FREGUESIAS DE BEJA (SANTIAGO MAIOR E SÃO JOÃO BAPTISTA)/UNIÃO DAS FREGUESIAS DE FERREIRA DO ALENTEJO E CANHESTROS/UNIÃO DAS FREGUESIAS DE SALVADA E QUINTOS/UNIÃO DAS FREGUESIAS DE SANTA VITÓRIA E MOMBEJA/UNIÃO DAS FREGUESIAS DE SÃO BARTOLOMEU DO OUTEIRO E ORIOLA/UNIÃO DAS FREGUESIAS DE TRIGACHES E SÃO BRISSOS/VERA CRUZ/VIANA DO ALENTEJO/VIDIGUEIRA/VILA ALVA/VILA DE FRADES/VILA NOVA DA BARONIA/VILA RUIVA,na,6/1/2006,2/16/2007
PT_3,Azeite do Alentejo Interior,PT,COBRANÇOSA/CORDOVIL DE SERPA/GALEGA VULGAR,extra virgin olive oil,na,na,110,na,"0,8",15,"2,4",na,"0,2",0,https://ec.europa.eu/agriculture/eambrosia/geographical-indications-register/details/EUGI00000013541,AGUIAR/ALCARIA RUIVA/ALCÁÇOVAS/ALVITO/BALEIZÃO/BERINGEL/CABEÇA GORDA/CUBA/ENTRADAS/ERVIDEL/FARO DO ALENTEJO/FIGUEIRA DOS CAVALEIROS/MONTE DO TRIGO/NOSSA SENHORA DAS NEVES/ODIVELAS/PEDRÓGÃO/PORTEL/SANTA CLARA DE LOUREDO/SANTANA/SELMES/SÃO JOÃO DE NEGRILHOS/SÃO MATIAS/TORRÃO/UNIÃO DAS FREGUESIAS DE ALBERNOA E TRINDADE/UNIÃO DAS FREGUESIAS DE ALFUNDÃO E PEROGUARDA/UNIÃO DAS FREGUESIAS DE ALJUSTREL E RIO DE MOINHOS/UNIÃO DAS FREGUESIAS DE AMIEIRA E ALQUEVA/UNIÃO DAS FREGUESIAS DE BEJA (SALVADOR E SANTA MARIA DA FEIRA)/UNIÃO DAS FREGUESIAS DE BEJA (SANTIAGO MAIOR E SÃO JOÃO BAPTISTA)/UNIÃO DAS FREGUESIAS DE FERREIRA DO ALENTEJO E CANHESTROS/UNIÃO DAS FREGUESIAS DE SALVADA E QUINTOS/UNIÃO DAS FREGUESIAS DE SANTA VITÓRIA E MOMBEJA/UNIÃO DAS FREGUESIAS DE SÃO BARTOLOMEU DO OUTEIRO E ORIOLA/UNIÃO DAS FREGUESIAS DE TRIGACHES E SÃO BRISSOS/VERA CRUZ/VIANA DO ALENTEJO/VIDIGUEIRA/VILA ALVA/VILA DE FRADES/VILA NOVA DA BARONIA/VILA RUIVA,na,6/1/2006,2/16/2007
PT_4,"Azeites da Beira Interior (Azeite da Beira Alta, Azeite da Beira Baixa)",PT,GALEGA,na,na,na,na,na,na,19,na,na,na,na,https://ec.europa.eu/agriculture/eambrosia/geographical-indications-register/details/EUGI00000013099,"ADÃO/AGREGAÇÃO DAS FREGUESIAS SUL DE PINHEL/ALCAIDE/ALCAINS/ALCARIA/ALCONGOSTA/ALDEIA DA PONTE/ALDEIA DE SANTA MARGARIDA/ALDEIA DE SÃO FRANCISCO DE ASSIS/ALDEIA DO BISPO/ALDEIA NOVA/ALDEIA VELHA/ALDEIA VIÇOSA/ALFAIATES/ALGODRES/ALMACEDA/ALMEIDA/ALPEDRINHA/ALTO DO PALURDO/ALVENDRE/ALVERCA DA BEIRA/BOUÇA COVA/ALVOCO DA SERRA/AMÊNDOA/ARANHAS/ARCOZELO/ARRIFANA/AVELOSO/AVELÃS DA RIBEIRA/BARAÇAL/BARREIRA/BARROCA/BENDADA/BENESPERA/BENQUERENÇA/BENQUERENÇAS/BISMULA/BOGAS DE CIMA/BOIDOBRA/CABEÇUDO/CAMBAS/CAPINHA/CARDIGOS/CARIA/CARRAPICHANA/CARVALHAL/CARVOEIRO/CASAL DE CINZA/CASAL VASCO/CASAS DO SOEIRO/CASTANHEIRA/CASTELEIRO/CASTELEJO/CASTELO/CASTELO BOM/CASTELO BRANCO/CASTELO NOVO/CASTELO RODRIGO/CATIVELOS/CAVADOUDE/CERDEIRA/CODESSEIRO/COGULA/CORISCADA/CORTES DO MEIO/CÓTIMOS/DOMINGUIZO/ENVENDOS/ENXAMES/ERADA/ERVEDOSA/ESCALHÃO/ESTREITO-VILAR BARROCO/FAIA/FAMALICÃO/FATELA/FERNÃO JOANES/FERRO/FIGUEIRA DE CASTELO RODRIGO/FIGUEIRÓ DA GRANJA/FIÃES/FOLGOSINHO/FORNO TELHEIRO/FORNOS DE ALGODRES/FRATEL/FREINEDA/FREIXEDAS/FREIXO/FUNDADA/FÓIOS/GIRABOLHOS/GONÇALO/GONÇALO BOCAS/GOUVEIA/GRANJA/GUARDA/GUILHEIRO/INFIAS/INGUIAS/ISNA/JARMELO SÃO MIGUEL/JARMELO SÃO PEDRO/JOÃO ANTÃO/LADOEIRO/LAJEOSA DO MONDEGO/LAMEGAL/LAMEIRAS/LARDOSA/LAVACOLHOS/LINHARES/LONGROIVA/LORIGA/LOURIÇAL DO CAMPO/MACEIRA/MADEIRÃ/MALCATA/MALHADA SORDA/MALPICA DO TEJO/MANIGOTO/MANTEIGAS (SANTA MARIA)/MANTEIGAS (SÃO PEDRO)/MARIALVA/MARMELEIRO/MATA DE LOBOS/MATANÇA/MAÇAINHAS/MAÇAL DO CHÃO/MEDELIM/MEIMOA/MEIMÃO/MEIOS/MESQUITELA/MINHOCAL/MOIMENTINHA/MONFORTE DA BEIRA/MONTES DA SENHORA/MOREIRA DE REI/MOSTEIRO/MUXAGATA/MÊDA, OUTEIRO DE GATOS E FONTE LONGA/NAVE/NAVE DE HAVER/NESPEREIRA/OLEDO/OLEIROS-AMIEIRA/ORCA/ORJAIS/ORTIGA/ORVALHO/PALA/PALHAIS/PANOIAS DE CIMA/PARANHOS/PAUL/PAÇOS DA SERRA/PEDRÓGÃO PEQUENO/PEGA/PENAMACOR/PENHA GARCIA/PERABOA/PERAIS/PINHANÇOS/PINHEL/PORTO DA CARNE/POÇO DO CANTO/PRADOS/PROENÇA-A-VELHA/PROVA E CASTEIÇÃO/PÊRA DO MOÇO/PÊRO VISEU/PÍNZIO/PÓVOA DO CONCELHO/QUADRAZAIS/QUEIRIZ/QUINTAS DE SÃO BARTOLOMEU/RABAÇAL/RAMELA/RANHADOS/RAPOULA DO CÔA/RATOEIRA/REBOLEIRO/REBOLOSA/RENDO/RIBAMONDEGO/RIO DE MEL/ROSMANINHAL/SABUGUEIRO/SALGUEIRO DO CAMPO/SALVADOR/SAMEIRO/SANDOMIL/SANTA COMBA/SANTANA DA AZINHA/SANTIAGO/SANTO ANDRÉ DAS TOJEIRAS/SARNADAS DE RÓDÃO/SARNADAS DE SÃO SIMÃO/SARZEDAS/SAZES DA BEIRA/SERTÃ/SILVARES/SOALHEIRA/SOBRAL/SOBRAL DA SERRA/SOBRAL DE SÃO MIGUEL/SORTELHA/SOURO PIRES/SOUTO/SOUTO DA CASA/SÃO JORGE DA BEIRA/SÃO JOÃO DO PESO/SÃO MIGUEL DE ACHA/SÃO PAIO/SÃO PEDRO DE RIO SECO/SÃO PEDRO DO ESTEVAL/SÃO VICENTE DA BEIRA/TAMANHOS/TEIXEIRA/TELHADO/TERRAS DE MASSUEIME/TINALHAS/TORTOSENDO/TOULÕES/TRAVANCINHA/TROVISCAL/TRÊS POVOS/UNHAIS DA SERRA/UNIÃO DAS FREGUESIAS DE ALDEIA DA RIBEIRA, VILAR MAIOR E BADAMALOS/UNIÃO DAS FREGUESIAS DE ALDEIA DO BISPO, ÁGUAS E ALDEIA DE JOÃO PIRES/UNIÃO DAS FREGUESIAS DE ALDEIAS E MANGUALDE DA SERRA/UNIÃO DAS FREGUESIAS DE ALGODRES, VALE DE AFONSINHO E VILAR DE AMARGO/UNIÃO DAS FREGUESIAS DE ALMOFALA E ESCARIGO/UNIÃO DAS FREGUESIAS DE AMOREIRA, PARADA E CABREIRA/UNIÃO DAS FREGUESIAS DE ATALAIA E SAFURDÃO/UNIÃO DAS FREGUESIAS DE AZINHAL, PEVA E VALVERDE/UNIÃO DAS FREGUESIAS DE AÇORES E VELOSA/UNIÃO DAS FREGUESIAS DE BARCO E COUTADA/UNIÃO DAS FREGUESIAS DE BELMONTE E COLMEAL DA TORRE/UNIÃO DAS FREGUESIAS DE CANTAR-GALO E VILA DO CARVALHO/UNIÃO DAS FREGUESIAS DE CARRAGOZELA E VÁRZEA DE MERUGE/UNIÃO DAS FREGUESIAS DE CASEGAS E OURONDO/UNIÃO DAS FREGUESIAS DE CASTELO MENDO, ADE, MONTEPEROBOLSO E MESQUITELA/UNIÃO DAS FREGUESIAS DE CEBOLAIS DE CIMA E RETAXO/UNIÃO DAS FREGUESIAS DE CELORICO (SÃO PEDRO E SANTA MARIA) E VILA BOA DO MONDE/UNIÃO DAS FREGUESIAS DE CERNACHE DO BONJARDIM, NESPERAL E PALHAIS/UNIÃO DAS FREGUESIAS DE CINCO VILAS E REIGADA/UNIÃO DAS FREGUESIAS DE CORTIÇÔ DA SERRA, VIDE ENTRE VINHAS E SALGUEIRAIS/UNIÃO DAS FREGUESIAS DE CORTIÇÔ E VILA CHÃ/UNIÃO DAS FREGUESIAS DE COVILHÃ E CANHOSO/UNIÃO DAS FREGUESIAS DE CUMEADA E MARMELEIRO/UNIÃO DAS FREGUESIAS DE ERMIDA E FIGUEIREDO/UNIÃO DAS FREGUESIAS DE ESCALOS DE BAIXO E MATA/UNIÃO DAS FREGUESIAS DE ESCALOS DE CIMA E LOUSA/UNIÃO DAS FREGUESIAS DE FIGUEIRÓ DA SERRA E FREIXO DA SERRA/UNIÃO DAS FREGUESIAS DE FRECHES E TORRES/UNIÃO DAS FREGUESIAS DE FREIXEDA DO TORRÃO, QUINTÃ DE PÊRO MARTINS E PENHA D/UNIÃO DAS FREGUESIAS DE FREIXIAL E JUNCAL DO CAMPO/UNIÃO DAS FREGUESIAS DE FUNDÃO, VALVERDE, DONAS, ALDEIA DE JOANES E ALDEIA NOV/UNIÃO DAS FREGUESIAS DE IDANHA-A-NOVA E ALCAFOZES/UNIÃO DAS FREGUESIAS DE JANEIRO DE CIMA E BOGAS DE BAIXO/UNIÃO DAS FREGUESIAS DE JUNCAIS, VILA RUIVA E VILA SOEIRO DO CHÃO/UNIÃO DAS FREGUESIAS DE JUNÇA E NAVES/UNIÃO DAS FREGUESIAS DE LAJEOSA E FORCALHOS/UNIÃO DAS FREGUESIAS DE LEOMIL, MIDO, SENOURAS E ALDEIA NOVA/UNIÃO DAS FREGUESIAS DE MALPARTIDA E VALE DE COELHA/UNIÃO DAS FREGUESIAS DE MAÇÃO, PENHASCOSO E ABOBOREIRA/UNIÃO DAS FREGUESIAS DE MELO E NABAIS/UNIÃO DAS FREGUESIAS DE MIUZELA E PORTO DE OVELHA/UNIÃO DAS FREGUESIAS DE MOIMENTA DA SERRA E VINHÓ/UNIÃO DAS FREGUESIAS DE MONFORTINHO E SALVATERRA DO EXTREMO/UNIÃO DAS FREGUESIAS DE MONSANTO E IDANHA-A-VELHA/UNIÃO DAS FREGUESIAS DE NINHO DO AÇOR E SOBRAL DO CAMPO/UNIÃO DAS FREGUESIAS DE PEDRÓGÃO DE SÃO PEDRO E BEMPOSTA/UNIÃO DAS FREGUESIAS DE PESO E VALES DO RIO/UNIÃO DAS FREGUESIAS DE POUSAFOLES DO BISPO, PENA LOBO E LOMBA/UNIÃO DAS FREGUESIAS DE PROENÇA-A-NOVA E PERAL/UNIÃO DAS FREGUESIAS DE PÓVOA DE ATALAIA E ATALAIA DO CAMPO/UNIÃO DAS FREGUESIAS DE PÓVOA DE RIO DE MOINHOS E CAFEDE/UNIÃO DAS FREGUESIAS DE RAPA E CADAFAZ/UNIÃO DAS FREGUESIAS DE RIO TORTO E LAGARINHOS/UNIÃO DAS FREGUESIAS DE RUVINA, RUIVÓS E VALE DAS ÉGUAS/UNIÃO DAS FREGUESIAS DE SAMEICE E SANTA EULÁLIA/UNIÃO DAS FREGUESIAS DE SANTA MARINHA E SÃO MARTINHO/UNIÃO DAS FREGUESIAS DE SANTO ESTÊVÃO E MOITA/UNIÃO DAS FREGUESIAS DE SEIA, SÃO ROMÃO E LAPA DOS DINHEIROS/UNIÃO DAS FREGUESIAS DE SEIXO DO CÔA E VALE LONGO/UNIÃO DAS FREGUESIAS DE SOBRAL PICHORRO E FUINHAS/UNIÃO DAS FREGUESIAS DE SOBREIRA FORMOSA E ALVITO DA BEIRA/UNIÃO DAS FREGUESIAS DE TEIXOSO E SARZEDO/UNIÃO DAS FREGUESIAS DE TORRE DO TERRENHO, SEBADELHE DA SERRA E TERRENHO/UNIÃO DAS FREGUESIAS DE TORROZELO E FOLHADOSA/UNIÃO DAS FREGUESIAS DE TOURAIS E LAJES/UNIÃO DAS FREGUESIAS DE TRANCOSO (SÃO PEDRO E SANTA MARIA) E SOUTO MAIOR/UNIÃO DAS FREGUESIAS DE VALE DE PRAZERES E MATA DA RAINHA/UNIÃO DAS FREGUESIAS DE VALE DO SEIXO E VILA GARCIA/UNIÃO DAS FREGUESIAS DE VALE FLOR, CARVALHAL E PAI PENELA/UNIÃO DAS FREGUESIAS DE VALE FORMOSO E ALDEIA DO SOUTO/UNIÃO DAS FREGUESIAS DE VIDE E CABEÇA/UNIÃO DAS FREGUESIAS DE VILA FRANCA DAS NAVES E FEITAL/UNIÃO DAS FREGUESIAS DE VILARES E CARNICÃES/UNIÃO DAS FREGUESIAS DE ZEBREIRA E SEGURA/UNIÃO DAS FREGUESIAS DO COLMEAL E VILAR TORPIM/UNIÃO DAS FREGUESIAS DO SABUGAL E ALDEIA DE SANTO ANTÓNIO/UNIÃO DE FREGUESIAS DE AVELÃS DE AMBOM E ROCAMONDO/UNIÃO DE FREGUESIAS DE CORUJEIRA E TRINTA/UNIÃO DE FREGUESIAS DE MIZARELA, PÊRO SOARES E VILA SOEIRO/UNIÃO DE FREGUESIAS DE POUSADE E ALBARDO/UNIÃO DE FREGUESIAS DE ROCHOSO E MONTE MARGARIDA/VALBOM/BOGALHAL/VALDUJO/VALE DA MULA/VALE DA SENHORA DA PÓVOA/VALE DE AMOREIRA/VALE DE AZARES/VALE DE ESPINHO/VALE DE ESTRELA/VALE DO CÔA/VALE DO MASSUEIME/VALEZIM/VALHELHAS/VASCOVEIRO/VELA/VERDELHOS/VERMIOSA/VIDEMONTE/VILA BOA/VILA CORTÊS DA SERRA/VILA CORTÊS DO MONDEGO/VILA COVA À COELHEIRA/VILA DE REI/VILA DO TOURO/VILA FERNANDO/VILA FRANCA DA SERRA/VILA FRANCA DO DEÃO/VILA GARCIA/VILA NOVA DE TAZEM/VILA VELHA DE RÓDÃO/VILAR FORMOSO/VÁRZEA DOS CAVALEIROS/ÁGUAS BELAS/ÁLVARO",na,na,6/21/1996
PT_5,Azeites do Norte Alentejano,PT,AZEITEIRA (AZEITONEIRA)/BLANQUETA (BRANQUITA)/CARRASQUENHA/COBRANÇOSA/GALEGA/REDONDIL,virgin olive oil,na,na,na,na,"1,5",15,2,na,"0,2","0,01",https://ec.europa.eu/agriculture/eambrosia/geographical-indications-register/details/EUGI00000013101,"ALAGOA/ALDEIA DA MATA/ALDEIA VELHA/ALEGRETE/ALPALHÃO/ALTER DO CHÃO/ARCOS/ASSUMAR/ASSUNÇÃO/ASSUNÇÃO, AJUDA, SALVADOR E SANTO ILDEFONSO/AVIS/BEIRÃ/BORBA (MATRIZ)/BORBA (SÃO BARTOLOMEU)/CABEÇO DE VIDE/CAIA, SÃO PEDRO E ALCÁÇOVA/CANO/CAPELINS (SANTO ANTÓNIO)/CASA BRANCA/CHANCELARIA/CUNHEIRA/ERVEDAL/ESPERANÇA/FIGUEIRA E BARROS/FORTIOS/FRONTEIRA/GLÓRIA/GÁFETE/LUZ/MONFORTE/MONTALVÃO/MONTE DA PEDRA/MONTOITO/MOSTEIROS/MOURÃO/NOSSA SENHORA DA EXPECTAÇÃO/NOSSA SENHORA DA GRAÇA DE PÓVOA E MEADAS/NOSSA SENHORA DA GRAÇA DOS DEGOLADOS/ORADA/REDONDO/REGUENGOS DE MONSARAZ/RIO DE MOINHOS/SANTA EULÁLIA/SANTA MARIA DA DEVESA/SANTA MARIA DE MARVÃO/SANTANA/SANTIAGO MAIOR/SANTO ALEIXO/SANTO AMARO/SANTO ANTÓNIO DAS AREIAS/SEDA/SOUSEL/SÃO BENTO DO MATO/SÃO BRÁS E SÃO LOURENÇO/SÃO DOMINGOS DE ANA LOURA/SÃO JOÃO BAPTISTA/SÃO MATIAS/SÃO MIGUEL DE MACHEDE/SÃO SALVADOR DA ARAMENHA/SÃO SATURNINO/SÃO VICENTE E VENTOSA/TERENA (SÃO PEDRO)/TOLOSA/UNIÃO DAS FREGUESIAS DA SÉ E SÃO LOURENÇO/UNIÃO DAS FREGUESIAS DE ALANDROAL (NOSSA SENHORA DA CONCEIÇÃO), SÃO BRÁS DO/UNIÃO DAS FREGUESIAS DE ALCÓRREGO E MARANHÃO/UNIÃO DAS FREGUESIAS DE AREZ E AMIEIRA DO TEJO/UNIÃO DAS FREGUESIAS DE BARBACENA E VILA FERNANDO/UNIÃO DAS FREGUESIAS DE BENAVILA E VALONGO/UNIÃO DAS FREGUESIAS DE CRATO E MÁRTIRES, FLOR DA ROSA E VALE DO PESO/UNIÃO DAS FREGUESIAS DE ESPÍRITO SANTO, NOSSA SENHORA DA GRAÇA E SÃO SIMÃO/UNIÃO DAS FREGUESIAS DE ESTREMOZ (SANTA MARIA E SANTO ANDRÉ)/UNIÃO DAS FREGUESIAS DE REGUENGO E SÃO JULIÃO/UNIÃO DAS FREGUESIAS DE RIBEIRA DE NISA E CARREIRAS/UNIÃO DAS FREGUESIAS DE SÃO BENTO DO CORTIÇO E SANTO ESTÊVÃO/UNIÃO DAS FREGUESIAS DE SÃO LOURENÇO DE MAMPORCÃO E SÃO BENTO DE ANA LOURA/UNIÃO DAS FREGUESIAS DE TERRUGEM E VILA BOIM/UNIÃO DAS FREGUESIAS DO AMEIXIAL (SANTA VITÓRIA E SÃO BENTO)/URRA/VAIAMONTE/VEIROS/ÉVORA MONTE (SANTA MARIA)",na,na,6/21/1996
PT_5,Azeites do Norte Alentejano,PT,AZEITEIRA (AZEITONEIRA)/BLANQUETA (BRANQUITA)/CARRASQUENHA/COBRANÇOSA/GALEGA/REDONDIL,extra virgin olive oil,na,na,na,na,1,15,2,na,"0,2","0,01",https://ec.europa.eu/agriculture/eambrosia/geographical-indications-register/details/EUGI00000013101,"ALAGOA/ALDEIA DA MATA/ALDEIA VELHA/ALEGRETE/ALPALHÃO/ALTER DO CHÃO/ARCOS/ASSUMAR/ASSUNÇÃO/ASSUNÇÃO, AJUDA, SALVADOR E SANTO ILDEFONSO/AVIS/BEIRÃ/BORBA (MATRIZ)/BORBA (SÃO BARTOLOMEU)/CABEÇO DE VIDE/CAIA, SÃO PEDRO E ALCÁÇOVA/CANO/CAPELINS (SANTO ANTÓNIO)/CASA BRANCA/CHANCELARIA/CUNHEIRA/ERVEDAL/ESPERANÇA/FIGUEIRA E BARROS/FORTIOS/FRONTEIRA/GLÓRIA/GÁFETE/LUZ/MONFORTE/MONTALVÃO/MONTE DA PEDRA/MONTOITO/MOSTEIROS/MOURÃO/NOSSA SENHORA DA EXPECTAÇÃO/NOSSA SENHORA DA GRAÇA DE PÓVOA E MEADAS/NOSSA SENHORA DA GRAÇA DOS DEGOLADOS/ORADA/REDONDO/REGUENGOS DE MONSARAZ/RIO DE MOINHOS/SANTA EULÁLIA/SANTA MARIA DA DEVESA/SANTA MARIA DE MARVÃO/SANTANA/SANTIAGO MAIOR/SANTO ALEIXO/SANTO AMARO/SANTO ANTÓNIO DAS AREIAS/SEDA/SOUSEL/SÃO BENTO DO MATO/SÃO BRÁS E SÃO LOURENÇO/SÃO DOMINGOS DE ANA LOURA/SÃO JOÃO BAPTISTA/SÃO MATIAS/SÃO MIGUEL DE MACHEDE/SÃO SALVADOR DA ARAMENHA/SÃO SATURNINO/SÃO VICENTE E VENTOSA/TERENA (SÃO PEDRO)/TOLOSA/UNIÃO DAS FREGUESIAS DA SÉ E SÃO LOURENÇO/UNIÃO DAS FREGUESIAS DE ALANDROAL (NOSSA SENHORA DA CONCEIÇÃO), SÃO BRÁS DO/UNIÃO DAS FREGUESIAS DE ALCÓRREGO E MARANHÃO/UNIÃO DAS FREGUESIAS DE AREZ E AMIEIRA DO TEJO/UNIÃO DAS FREGUESIAS DE BARBACENA E VILA FERNANDO/UNIÃO DAS FREGUESIAS DE BENAVILA E VALONGO/UNIÃO DAS FREGUESIAS DE CRATO E MÁRTIRES, FLOR DA ROSA E VALE DO PESO/UNIÃO DAS FREGUESIAS DE ESPÍRITO SANTO, NOSSA SENHORA DA GRAÇA E SÃO SIMÃO/UNIÃO DAS FREGUESIAS DE ESTREMOZ (SANTA MARIA E SANTO ANDRÉ)/UNIÃO DAS FREGUESIAS DE REGUENGO E SÃO JULIÃO/UNIÃO DAS FREGUESIAS DE RIBEIRA DE NISA E CARREIRAS/UNIÃO DAS FREGUESIAS DE SÃO BENTO DO CORTIÇO E SANTO ESTÊVÃO/UNIÃO DAS FREGUESIAS DE SÃO LOURENÇO DE MAMPORCÃO E SÃO BENTO DE ANA LOURA/UNIÃO DAS FREGUESIAS DE TERRUGEM E VILA BOIM/UNIÃO DAS FREGUESIAS DO AMEIXIAL (SANTA VITÓRIA E SÃO BENTO)/URRA/VAIAMONTE/VEIROS/ÉVORA MONTE (SANTA MARIA)",na,na,6/21/1996
PT_6,Azeites do Ribatejo,PT,COBRANÇOSA/GALEGA VULGAR/LENTISCA,virgin olive oil,na,na,na,na,"1,5",15,2,na,"0,2","0,01",https://ec.europa.eu/agriculture/eambrosia/geographical-indications-register/details/EUGI00000013229,"ABITUREIRAS/ABRÃ/ALBURITEL/ALCANEDE/ALCANHÕES/ALCARAVELA/ALCOBERTAS/ALJUBARROTA/ALMOSTER/ALVAIÁZERE/AMIAIS DE BAIXO/ARNEIRO DAS MILHARIÇAS/ASSEICEIRA/ASSENTIZ/ATALAIA/ATOUGUIA/AZINHAGA/BECO/BELVER/BEMPOSTA/BUGALHOS/CARREGUEIROS/CARVALHAL/CAXARIAS/CHANCELARIA/CHÃOS/COMENDA/CONSTÂNCIA/ESPITE/FERREIRA DO ZÊZERE/FONTES/FRÁGUAS/FÁTIMA/GANÇARIA/GOLEGÃ/IGREJA NOVA DO SOBRAL/JUNCAL/MARGEM/MARTINCHEL/MAÇÃS DE DONA MARIA/MEIA VIA/MINDE/MOITAS VENDA/MONSANTO/MONTALVO/MOURISCAS/MOÇARRIA/NOSSA SENHORA DA PIEDADE/NOSSA SENHORA DAS MISERICÓRDIAS/NOSSA SENHORA DE FÁTIMA/NOSSA SENHORA DO PRANTO/OLALHAS/PAIALVO/PEDREIRAS/PEDRÓGÃO/PEGO/PELMÁ/PERNES/POMBALINHO/PONTÉVEL/PRAIA DO RIBATEJO/PUSSOS SÃO PEDRO/PÓVOA DA ISENTA/RIACHOS/RIO DE MOINHOS/RIO MAIOR/SABACHEIRA/SANTA MARGARIDA DA COUTADA/SANTIAGO DE MONTALEGRE/SARDOAL/SEIÇA/SERRA DE SANTO ANTÓNIO/SERRO VENTOSO/SÃO BENTO/SÃO JOÃO BAPTISTA/SÃO PEDRO DE TOMAR/SÃO SEBASTIÃO/TANCOS/TRAMAGAL/TURQUEL/UNIÃO DAS FREGUESIAS DE ABRANTES (SÃO VICENTE E SÃO JOÃO) E ALFERRAREDE/UNIÃO DAS FREGUESIAS DE ACHETE, AZOIA DE BAIXO E PÓVOA DE SANTARÉM/UNIÃO DAS FREGUESIAS DE ALCANENA E VILA MOREIRA/UNIÃO DAS FREGUESIAS DE ALDEIA DO MATO E SOUTO/UNIÃO DAS FREGUESIAS DE ALVEGA E CONCAVADA/UNIÃO DAS FREGUESIAS DE ALÉM DA RIBEIRA E PEDREIRA/UNIÃO DAS FREGUESIAS DE AREIAS E PIAS/UNIÃO DAS FREGUESIAS DE ARRIMAL E MENDIGA/UNIÃO DAS FREGUESIAS DE AZAMBUJEIRA E MALAQUEIJO/UNIÃO DAS FREGUESIAS DE AZOIA DE CIMA E TREMÊS/UNIÃO DAS FREGUESIAS DE BROGUEIRA, PARCEIROS DE IGREJA E ALCOROCHEL/UNIÃO DAS FREGUESIAS DE CASAIS E ALVIOBEIRA/UNIÃO DAS FREGUESIAS DE CASÉVEL E VAQUEIROS/UNIÃO DAS FREGUESIAS DE EREIRA E LAPA/UNIÃO DAS FREGUESIAS DE FREIXIANDA, RIBEIRA DO FÁRRIO E FORMIGAIS/UNIÃO DAS FREGUESIAS DE GAVIÃO E ATALAIA/UNIÃO DAS FREGUESIAS DE GONDEMARIA E OLIVAL/UNIÃO DAS FREGUESIAS DE MADALENA E BESELGA/UNIÃO DAS FREGUESIAS DE MALHOU, LOURICEIRA E ESPINHEIRO/UNIÃO DAS FREGUESIAS DE MANIQUE DO INTENDENTE, VILA NOVA DE SÃO PEDRO E MAÇUS/UNIÃO DAS FREGUESIAS DE MARMELEIRA E ASSENTIZ/UNIÃO DAS FREGUESIAS DE MATAS E CERCAL/UNIÃO DAS FREGUESIAS DE OLAIA E PAÇO/UNIÃO DAS FREGUESIAS DE OUTEIRO DA CORTIÇADA E ARRUDA DOS PISÕES/UNIÃO DAS FREGUESIAS DE ROMEIRA E VÁRZEA/UNIÃO DAS FREGUESIAS DE SERRA E JUNCEIRA/UNIÃO DAS FREGUESIAS DE SÃO FACUNDO E VALE DAS MÓS/UNIÃO DAS FREGUESIAS DE SÃO JOÃO DA RIBEIRA E RIBEIRA DE SÃO JOÃO/UNIÃO DAS FREGUESIAS DE SÃO MIGUEL DO RIO TORTO E ROSSIO AO SUL DO TEJO/UNIÃO DAS FREGUESIAS DE SÃO VICENTE DO PAUL E VALE DE FIGUEIRA/UNIÃO DAS FREGUESIAS DE TOMAR (SÃO JOÃO BAPTISTA) E SANTA MARIA DOS OLIVAIS/UNIÃO DAS FREGUESIAS DE TORRES NOVAS (SANTA MARIA, SALVADOR E SANTIAGO)/UNIÃO DAS FREGUESIAS DE TORRES NOVAS (SÃO PEDRO), LAPAS E RIBEIRA BRANCA/UNIÃO DAS FREGUESIAS DO CARTAXO E VALE DA PINTA/UNIÃO DE FREGUESIAS DA CIDADE DE SANTARÉM/VALE DE SANTARÉM/VALHASCOS/VILA NOVA DA BARQUINHA/ZIBREIRA/ÁGUAS BELAS",na,2/22/2010,6/21/1996
PT_6,Azeites do Ribatejo,PT,COBRANÇOSA/GALEGA VULGAR/LENTISCA,extra virgin olive oil,na,na,na,na,"0,8",15,2,na,"0,2","0,01",https://ec.europa.eu/agriculture/eambrosia/geographical-indications-register/details/EUGI00000013229,"ABITUREIRAS/ABRÃ/ALBURITEL/ALCANEDE/ALCANHÕES/ALCARAVELA/ALCOBERTAS/ALJUBARROTA/ALMOSTER/ALVAIÁZERE/AMIAIS DE BAIXO/ARNEIRO DAS MILHARIÇAS/ASSEICEIRA/ASSENTIZ/ATALAIA/ATOUGUIA/AZINHAGA/BECO/BELVER/BEMPOSTA/BUGALHOS/CARREGUEIROS/CARVALHAL/CAXARIAS/CHANCELARIA/CHÃOS/COMENDA/CONSTÂNCIA/ESPITE/FERREIRA DO ZÊZERE/FONTES/FRÁGUAS/FÁTIMA/GANÇARIA/GOLEGÃ/IGREJA NOVA DO SOBRAL/JUNCAL/MARGEM/MARTINCHEL/MAÇÃS DE DONA MARIA/MEIA VIA/MINDE/MOITAS VENDA/MONSANTO/MONTALVO/MOURISCAS/MOÇARRIA/NOSSA SENHORA DA PIEDADE/NOSSA SENHORA DAS MISERICÓRDIAS/NOSSA SENHORA DE FÁTIMA/NOSSA SENHORA DO PRANTO/OLALHAS/PAIALVO/PEDREIRAS/PEDRÓGÃO/PEGO/PELMÁ/PERNES/POMBALINHO/PONTÉVEL/PRAIA DO RIBATEJO/PUSSOS SÃO PEDRO/PÓVOA DA ISENTA/RIACHOS/RIO DE MOINHOS/RIO MAIOR/SABACHEIRA/SANTA MARGARIDA DA COUTADA/SANTIAGO DE MONTALEGRE/SARDOAL/SEIÇA/SERRA DE SANTO ANTÓNIO/SERRO VENTOSO/SÃO BENTO/SÃO JOÃO BAPTISTA/SÃO PEDRO DE TOMAR/SÃO SEBASTIÃO/TANCOS/TRAMAGAL/TURQUEL/UNIÃO DAS FREGUESIAS DE ABRANTES (SÃO VICENTE E SÃO JOÃO) E ALFERRAREDE/UNIÃO DAS FREGUESIAS DE ACHETE, AZOIA DE BAIXO E PÓVOA DE SANTARÉM/UNIÃO DAS FREGUESIAS DE ALCANENA E VILA MOREIRA/UNIÃO DAS FREGUESIAS DE ALDEIA DO MATO E SOUTO/UNIÃO DAS FREGUESIAS DE ALVEGA E CONCAVADA/UNIÃO DAS FREGUESIAS DE ALÉM DA RIBEIRA E PEDREIRA/UNIÃO DAS FREGUESIAS DE AREIAS E PIAS/UNIÃO DAS FREGUESIAS DE ARRIMAL E MENDIGA/UNIÃO DAS FREGUESIAS DE AZAMBUJEIRA E MALAQUEIJO/UNIÃO DAS FREGUESIAS DE AZOIA DE CIMA E TREMÊS/UNIÃO DAS FREGUESIAS DE BROGUEIRA, PARCEIROS DE IGREJA E ALCOROCHEL/UNIÃO DAS FREGUESIAS DE CASAIS E ALVIOBEIRA/UNIÃO DAS FREGUESIAS DE CASÉVEL E VAQUEIROS/UNIÃO DAS FREGUESIAS DE EREIRA E LAPA/UNIÃO DAS FREGUESIAS DE FREIXIANDA, RIBEIRA DO FÁRRIO E FORMIGAIS/UNIÃO DAS FREGUESIAS DE GAVIÃO E ATALAIA/UNIÃO DAS FREGUESIAS DE GONDEMARIA E OLIVAL/UNIÃO DAS FREGUESIAS DE MADALENA E BESELGA/UNIÃO DAS FREGUESIAS DE MALHOU, LOURICEIRA E ESPINHEIRO/UNIÃO DAS FREGUESIAS DE MANIQUE DO INTENDENTE, VILA NOVA DE SÃO PEDRO E MAÇUS/UNIÃO DAS FREGUESIAS DE MARMELEIRA E ASSENTIZ/UNIÃO DAS FREGUESIAS DE MATAS E CERCAL/UNIÃO DAS FREGUESIAS DE OLAIA E PAÇO/UNIÃO DAS FREGUESIAS DE OUTEIRO DA CORTIÇADA E ARRUDA DOS PISÕES/UNIÃO DAS FREGUESIAS DE ROMEIRA E VÁRZEA/UNIÃO DAS FREGUESIAS DE SERRA E JUNCEIRA/UNIÃO DAS FREGUESIAS DE SÃO FACUNDO E VALE DAS MÓS/UNIÃO DAS FREGUESIAS DE SÃO JOÃO DA RIBEIRA E RIBEIRA DE SÃO JOÃO/UNIÃO DAS FREGUESIAS DE SÃO MIGUEL DO RIO TORTO E ROSSIO AO SUL DO TEJO/UNIÃO DAS FREGUESIAS DE SÃO VICENTE DO PAUL E VALE DE FIGUEIRA/UNIÃO DAS FREGUESIAS DE TOMAR (SÃO JOÃO BAPTISTA) E SANTA MARIA DOS OLIVAIS/UNIÃO DAS FREGUESIAS DE TORRES NOVAS (SANTA MARIA, SALVADOR E SANTIAGO)/UNIÃO DAS FREGUESIAS DE TORRES NOVAS (SÃO PEDRO), LAPAS E RIBEIRA BRANCA/UNIÃO DAS FREGUESIAS DO CARTAXO E VALE DA PINTA/UNIÃO DE FREGUESIAS DA CIDADE DE SANTARÉM/VALE DE SANTARÉM/VALHASCOS/VILA NOVA DA BARQUINHA/ZIBREIRA/ÁGUAS BELAS",na,2/22/2010,6/21/1996
SI_1,Ekstra deviško oljčno olje Slovenske Istre,SI,BUGA/FRANTOIO/ISTRSKA BELICA/LECCINO/MAURINO/PENDOLINO/ČRNICA,extra virgin olive oil,8000,na,na,0.21,"0,3",14,"2,3","0,2",na,"0,01",https://ec.europa.eu/agriculture/eambrosia/geographical-indications-register/details/EUGI00000013737,IZOLA/ISOLA/KOPER/CAPODISTRIA/PIRAN/PIRANO,10/29/2004,5/31/2006,2/16/2007
TN_1,Huile d’olive de Monastir,TN,CHEMLALI,na,na,allowed,280,na,"0,8",na,na,na,na,na,http://www.aoc-ip.tn/images/pdf/huile-olive-monastir-IP.pdf,BENI HASSEN/JAMMEL/OUERDANINE/ZERAMDINE,na,12/21/2010,12/13/2010
TN_2,Huile d’olive de Teboursouk,TN,CHETOUI/JERBOUI,extra virgin olive oil,na,not allowed,200,na,"0,5",na,na,na,na,na,https://www.wipo.int/ipdl/jsp/data.jsp?TYPE=PDF&SOURCE=LISBON&KEY=NOTIF_6313_AO-1150.pdf,TESTOUR/THIBAR/TÉBOURSOUK,na,na,1/9/2018
TR_1,Akhisar Domat Zeytinyağı,TR,DOMAT,extra virgin olive oil,na,na,na,na,"0,65",17,na,na,na,na,https://ci.turkpatent.gov.tr/Files/GeographicalSigns/d747b4a6-e7c5-45d3-a238-7f95bde046d0.pdf,AKHISAR/GOLMARMARA/KIRKAGAC/SALIHLI/SARUHANLI/TURGUTLU,11/10/2017,na,3/28/2022
TR_2,Akhisar Uslu Zeytinyağı,TR,USLU,extra virgin olive oil,na,na,na,na,"0,8",20,na,na,na,na,https://ci.turkpatent.gov.tr/Files/GeographicalSigns/4c14df77-899a-4a5f-aa04-1d665bf60a12.pdf,AKHISAR/GOLMARMARA/KIRKAGAC/SALIHLI/SARUHANLI/TURGUTLU,11/10/2017,na,3/28/2022
TR_3,Altınözü Zeytinyağı,TR,HALHALI (HATAY)/KARAMANI/SARI HAŞEBI/SAURANI,extra virgin olive oil,na,na,na,na,"0,94","7,6","1,82","0,16",na,"0,01",https://ci.turkpatent.gov.tr/Files/GeographicalSigns/0dc8004a-c845-4753-b80a-3b4d86f8db36.pdf,ALTINOZU,10/25/2019,na,10/18/2023
TR_4,Aydın Memecik Zeytinyağı,TR,MEMECIK,extra virgin olive oil,na,na,na,na,"0,8",18,na,na,na,na,https://ci.turkpatent.gov.tr/Files/GeographicalSigns/d79d9043-ea78-4b69-8932-12b184b8df54.pdf,BOZDOGAN/BUHARKENT/CINE/DIDIM/EFELER/GERMENCIK/INCIRLIOVA/KARACASU/KARPUZLU/KOCARLI/KOSK/KUYUCAK/NAZILLI/SOKE/SULTANHISAR/YENIPAZAR,3/4/2019,na,9/17/2020
TR_5,Ayvalık Zeytinyağı,TR,AYVALIK-EDREMIT,extra virgin olive oil,na,na,na,na,1,na,na,na,na,na,https://ci.turkpatent.gov.tr/Files/GeographicalSigns/88.pdf,AYVALIK,3/18/2004,na,6/11/2007
TR_5,Ayvalık Zeytinyağı,TR,AYVALIK-EDREMIT,virgin olive oil,na,na,na,na,2,na,na,na,na,na,https://ci.turkpatent.gov.tr/Files/GeographicalSigns/88.pdf,AYVALIK,3/18/2004,na,6/11/2007
TR_5,Ayvalık Zeytinyağı,TR,AYVALIK-EDREMIT,ordinary virgin olive oil,na,na,na,na,"3,3",na,na,na,na,na,https://ci.turkpatent.gov.tr/Files/GeographicalSigns/88.pdf,AYVALIK,3/18/2004,na,6/11/2007
TR_6,Bayramiç Zeytinyağı,TR,AYVALIK,extra virgin olive oil,na,na,na,na,"0,8",20,"2,5",na,"0,22",na,https://ci.turkpatent.gov.tr/Files/GeographicalSigns/55c7617c-a0b7-4595-be5a-ec6b246d6b4f.pdf,BAYRAMIC,2/5/2021,na,4/25/2022
TR_7,Burhaniye Zeytinyağı,TR,AYVALIK,extra virgin olive oil,na,na,na,18-24 (AYVALIK),"0,8",na,na,na,na,na,https://ci.turkpatent.gov.tr/Files/GeographicalSigns/778061ba-1436-460c-a0cf-dfbcd2795bf9.pdf,BURHANIYE/GOMEC,1/25/2019,na,8/11/2020
TR_8,Ceyhan Zeytinyağı,TR,na,extra virgin olive oil,na,na,na,na,"0,8",na,na,na,na,na,https://ci.turkpatent.gov.tr/Files/GeographicalSigns/54bf3bea-d1bc-4377-bc77-c66be2b9eda2.pdf,CEYHAN,7/16/2021,na,12/19/2022
TR_9,Derik Halhalı Zeytinyağı,TR,na,na,na,na,na,na,na,na,na,na,na,na,na,na,11/19/2019,na,10/31/2022
TR_10,Edremit Zeytinyağı,TR,AYVALIK,extra virgin olive oil,na,na,na,na,"0,8",na,na,na,na,na,https://ci.turkpatent.gov.tr/Files/GeographicalSigns/1d589d10-c776-4042-8cff-5c8ca1775b90.pdf,AYVACIK/BURHANIYE/EDREMIT/HAVRAN,5/22/2017,na,12/13/2017
TR_11,Geyikli Zeytinyağı,TR,AYVALIK,extra virgin olive oil,na,na,na,na,na,na,na,na,na,na,https://ci.turkpatent.gov.tr/Files/GeographicalSigns/9981fd77-9fe0-4c82-b175-19c5a4851435.pdf,EZINE,2/20/2020,na,3/1/2021
TR_12,Güney Ege Zeytinyağları,TR,AŞIVELI/GÜLÜMBE/MEMECIK (TAŞ ARASI/YAĞLIK)/ŞEHIR,extra virgin olive oil,na,na,na,na,1,na,na,na,na,na,https://ci.turkpatent.gov.tr/Files/GeographicalSigns/79.pdf,ALTINYAYLA/BAYINDIR/BODRUM/BOZDOGAN/BUHARKENT/CINE/DALAMAN/DATCA/ELBEYLI/FETHIYE/FOCA/GERMENCIK/INCIRLIOVA/KEMALPASA/KOCARLI/KOSK/KOYCEGIZ/KUSADASI/KUYUCAK/MARMARIS/MENDERES/MILAS/NAZILLI/ODEMIS/ORTACA/SELCUK/SEYDIKEMER/SOKE/SULTANHISAR/TIRE/TORBALI/YATAGAN/YENIPAZAR,4/29/2003,na,4/27/2006
TR_12,Güney Ege Zeytinyağları,TR,AŞIVELI/GÜLÜMBE/MEMECIK (TAŞ ARASI/YAĞLIK)/ŞEHIR,virgin olive oil,na,na,na,na,2,na,na,na,na,na,https://ci.turkpatent.gov.tr/Files/GeographicalSigns/79.pdf,ALTINYAYLA/BAYINDIR/BODRUM/BOZDOGAN/BUHARKENT/CINE/DALAMAN/DATCA/ELBEYLI/FETHIYE/FOCA/GERMENCIK/INCIRLIOVA/KEMALPASA/KOCARLI/KOSK/KOYCEGIZ/KUSADASI/KUYUCAK/MARMARIS/MENDERES/MILAS/NAZILLI/ODEMIS/ORTACA/SELCUK/SEYDIKEMER/SOKE/SULTANHISAR/TIRE/TORBALI/YATAGAN/YENIPAZAR,4/29/2003,na,4/27/2006
TR_12,Güney Ege Zeytinyağları,TR,AŞIVELI/GÜLÜMBE/MEMECIK (TAŞ ARASI/YAĞLIK)/ŞEHIR,ordinary virgin olive oil,na,na,na,na,"3,3",na,na,na,na,na,https://ci.turkpatent.gov.tr/Files/GeographicalSigns/79.pdf,ALTINYAYLA/BAYINDIR/BODRUM/BOZDOGAN/BUHARKENT/CINE/DALAMAN/DATCA/ELBEYLI/FETHIYE/FOCA/GERMENCIK/INCIRLIOVA/KEMALPASA/KOCARLI/KOSK/KOYCEGIZ/KUSADASI/KUYUCAK/MARMARIS/MENDERES/MILAS/NAZILLI/ODEMIS/ORTACA/SELCUK/SEYDIKEMER/SOKE/SULTANHISAR/TIRE/TORBALI/YATAGAN/YENIPAZAR,4/29/2003,na,4/27/2006
TR_13,Kilis Zeytinyağı,TR,KILIS YAĞLIK,extra virgin olive oil,na,na,na,0.33,"0,8","6,32",na,na,na,na,https://ci.turkpatent.gov.tr/Files/GeographicalSigns/c0acd7d0-b7c9-4ea6-b529-1cf7e2e3ddbf.pdf,ELBEYLI/KILIS/MUSABEYLI/POLATELI,11/1/2019,na,2/4/2022
TR_14,Kuzey Ege Zeytinyağları,TR,AYVALIK (EDREMIT YAĞLIK),extra virgin olive oil,na,na,na,na,"0,8",18,"2,5","0,2",na,"0,01",https://ci.turkpatent.gov.tr/Files/GeographicalSigns/392.pdf,ALIAGA/AYVACIK/AYVALIK/BERGAMA/BURHANIYE/DIKILI/EDREMIT/EZINE/GOMEC/HAVRAN,12/16/2016,na,11/14/2018
TR_15,Milas Zeytinyağı,TR,MEMECIK,extra virgin olive oil,na,na,na,24.5 (MEMECIK),"0,7",na,na,na,na,na,https://ci.turkpatent.gov.tr/Files/GeographicalSigns/af740226-8804-40c3-9eb0-714fbfcfcede.pdf,MILAS,na,na,6/24/2014
TR_16,Mut Zeytinyağı,TR,AYVALIK/DOMAT/GEMLIK/SARI ULAK,extra virgin olive oil,na,na,na,23 (GEMLIK),"0,7",na,na,na,na,na,https://ci.turkpatent.gov.tr/Files/GeographicalSigns/c78ee898-5a65-4e4c-ae3d-72e89c9521fd.pdf,MUT,11/3/2015,na,7/17/2018
TR_17,Nizip Zeytinyağı,TR,NIZIP YAĞLIK,na,na,na,na,na,na,na,na,na,na,na,https://ci.turkpatent.gov.tr/Files/GeographicalSigns/158.pdf,NIZIP,na,na,8/18/2009
TR_18,Ödemiş Çekişte Zeytinyağı,TR,ÇEKIŞTE,extra virgin olive oil,na,na,na,26.9,"0,8",15,na,na,na,na,https://ci.turkpatent.gov.tr/Files/GeographicalSigns/cc1c4f3a-c746-403c-b2e4-7dd385862dfb.pdf,BAYINDIR/BEYDAG/KIRAZ/NAZILLI/ODEMIS/SULTANHISAR/TIRE/YENIPAZAR,5/22/2019,na,10/26/2020
TR_19,Osmaniye Zeytinyağı,TR,AYVALIK/GEMLIK,extra virgin olive oil,na,na,na,na,"0,8",15,"2,4","0,211",na,"0,01",https://ci.turkpatent.gov.tr/Files/GeographicalSigns/71d2a144-2962-4a91-8ee7-facf2dcb63a5.pdf,BAHCE/DUZICI/HASANBEYLI/KADIRLI/OSMANIYE/SUMBAS/TOPRAKKALE,11/15/2021,na,1/11/2023
TR_20,Soma Zeytinyağı,TR,EDREMIT YAĞLIK/GEMLIK,extra virgin olive oil,na,na,na,22.4-27.5 (EDREMIT YAĞLIK )/ 25.5-33.2 (GEMLIK),"0,55","8,7","2,14","0,13",na,"0,003",https://ci.turkpatent.gov.tr/Files/GeographicalSigns/ad536503-89e8-498a-91a3-4e4f2eb708dd.pdf,SOMA,7/30/2021,na,8/4/2023
TR_21,Tarsus Sarıulak Zeytinyağı,TR,TARSUS SARIULAK,extra virgin olive oil,na,na,na,18.72-19.56,"0,7",na,na,na,na,na,https://ci.turkpatent.gov.tr/Files/GeographicalSigns/9b293c95-3c0c-43c8-b29a-b11e84191e11.pdf,TARSUS,4/21/2020,na,5/25/2021
